factura_id,cliente_id,fecha_emision,fecha_vencimiento,importe,anulada
1,1,2025-10-19,2025-11-18,5420520.06,0
2,1,2026-03-25,2026-04-24,6691779.46,0
3,1,2026-03-17,2026-04-16,1531739.56,1
4,1,2026-09-19,2026-10-19,3911031.67,0
5,1,2026-09-02,2026-10-02,1651677.96,0
6,1,2026-08-26,2026-09-25,837399.9,0
7,1,2026-06-22,2026-07-22,6872301.28,0
8,1,2026-03-05,2026-04-04,3172818.04,0
9,1,2025-08-07,2025-09-06,5892822.76,0
10,1,2026-02-25,2026-03-27,3455609.92,0
11,1,2026-09-22,2026-10-22,5602003.8,0
12,1,2025-11-12,2025-12-12,6238237.97,0
13,1,2026-04-26,2026-05-26,6948313.41,0
14,1,2026-04-26,2026-05-26,2780536.83,0
15,1,2026-09-03,2026-10-03,2545229.37,0
16,1,2026-04-18,2026-05-18,1306828.2,0
17,1,2026-07-02,2026-08-01,6624595.41,0
18,1,2026-01-23,2026-02-22,6890883.6,0
19,1,2026-05-03,2026-06-02,6004772.93,0
20,2,2025-03-21,2025-05-20,2222612.24,0
21,2,2026-05-26,2026-07-25,3505013.52,0
22,2,2026-03-03,2026-05-02,4404296.79,0
23,2,2026-06-26,2026-08-25,1016679.16,0
24,2,2026-07-27,2026-09-25,2222793.89,0
25,2,2025-02-11,2025-04-12,2959331.99,0
26,2,2025-10-29,2025-12-28,2782442.59,0
27,2,2026-05-16,2026-07-15,460011.62,0
28,2,2025-12-12,2026-02-10,4200476.87,0
29,2,2026-04-17,2026-06-16,4106058.15,0
30,2,2025-04-02,2025-06-01,4289095.78,0
31,2,2026-03-30,2026-05-29,3982381.41,0
32,2,2026-08-09,2026-10-08,3474524.22,0
33,2,2026-07-27,2026-09-25,858729.75,0
34,2,2026-07-09,2026-09-07,3218906.8,0
35,2,2025-05-04,2025-07-03,3609621.19,0
36,2,2025-07-30,2025-09-28,1627376.13,0
37,2,2026-02-16,2026-04-17,3276686.53,0
38,2,2025-07-04,2025-09-02,2441694.83,0
39,3,2026-02-22,2026-03-24,4943094.83,0
40,3,2025-07-05,2025-08-04,773895.63,0
41,3,2026-02-27,2026-03-29,6315270.53,0
42,3,2025-05-04,2025-06-03,932019.96,0
43,3,2025-04-28,2025-05-28,2323440.17,0
44,3,2025-01-30,2025-03-01,3207960.25,0
45,3,2025-09-10,2025-10-10,5483061.1,0
46,3,2026-04-02,2026-05-02,1137013.48,0
47,3,2025-09-09,2025-10-09,4040228.03,0
48,3,2025-06-21,2025-07-21,603474.76,0
49,3,2026-01-25,2026-02-24,6995147.96,0
50,4,2025-05-17,2025-07-16,1184309.27,1
51,4,2026-05-03,2026-07-02,156846.8,1
52,4,2025-06-27,2025-08-26,811060.85,0
53,4,2025-03-21,2025-05-20,1011838.93,0
54,4,2025-05-07,2025-07-06,714791.57,0
55,4,2025-01-09,2025-03-10,349622.18,0
56,4,2025-01-21,2025-03-22,1363473.6,0
57,4,2025-08-15,2025-10-14,524812.71,0
58,4,2026-09-13,2026-11-12,484538.11,0
59,4,2025-10-12,2025-12-11,1060563.57,0
60,4,2026-08-03,2026-10-02,1225480.87,0
61,4,2025-03-08,2025-05-07,353889.46,0
62,4,2025-10-08,2025-12-07,456962.48,0
63,4,2026-07-28,2026-09-26,1562963.1,1
64,5,2026-07-28,2026-09-26,6477705.55,0
65,5,2026-08-04,2026-10-03,1123576.97,0
66,5,2026-09-19,2026-11-18,3312449.64,0
67,5,2026-07-24,2026-09-22,1860011.63,0
68,5,2026-06-26,2026-08-25,3671785.09,0
69,5,2026-08-04,2026-10-03,5979248.54,0
70,5,2026-08-28,2026-10-27,5682311.16,0
71,5,2026-09-07,2026-11-06,4565225.96,0
72,5,2026-07-03,2026-09-01,6836963.7,0
73,5,2026-09-19,2026-11-18,1016180.6,0
74,5,2026-07-31,2026-09-29,4508727.29,0
75,5,2026-06-29,2026-08-28,2487467.33,0
76,5,2026-09-15,2026-11-14,4593652.2,0
77,5,2026-08-21,2026-10-20,5689053.94,0
78,5,2026-09-17,2026-11-16,5610746.48,0
79,5,2026-08-04,2026-10-03,4362005.48,0
80,5,2026-09-06,2026-11-05,5652265.11,0
81,5,2026-09-04,2026-11-03,1406282.41,0
82,5,2026-09-10,2026-11-09,3445595.61,0
83,5,2026-06-28,2026-08-27,987143.57,0
84,5,2026-08-31,2026-10-30,5563172.25,0
85,5,2026-08-01,2026-09-30,4461308.73,0
86,6,2025-07-26,2025-09-09,2250275.35,0
87,6,2026-04-24,2026-06-08,1775391.5,0
88,6,2025-06-16,2025-07-31,508410.62,0
89,6,2025-01-04,2025-02-18,1875243.65,0
90,6,2025-12-06,2026-01-20,2306614.55,0
91,6,2025-01-07,2025-02-21,1168811.89,0
92,6,2026-08-23,2026-10-07,2576534.44,0
93,6,2025-01-31,2025-03-17,749754.55,0
94,6,2025-09-09,2025-10-24,697066.06,0
95,6,2025-01-22,2025-03-08,2368501.08,0
96,6,2026-04-13,2026-05-28,854783.83,0
97,6,2026-03-21,2026-05-05,2488672.86,0
98,6,2026-01-23,2026-03-09,2017545.97,0
99,6,2025-02-17,2025-04-03,2193490.88,0
100,6,2025-10-14,2025-11-28,2474499.82,0
101,6,2025-08-03,2025-09-17,2101884.27,0
102,6,2026-06-06,2026-07-21,1198121.19,0
103,7,2025-05-18,2025-08-16,13525964.03,0
104,7,2026-02-23,2026-05-24,7380191.06,0
105,7,2026-03-29,2026-06-27,5240646.39,0
106,7,2025-03-22,2025-06-20,14073972.73,0
107,7,2025-02-09,2025-05-10,10236416.96,0
108,7,2025-10-09,2026-01-07,4550278.99,0
109,7,2026-07-11,2026-10-09,16098120.48,1
110,7,2025-11-03,2026-02-01,6009524.32,0
111,7,2025-01-13,2025-04-13,9052063.9,0
112,7,2026-02-12,2026-05-13,5141255.88,0
113,7,2026-04-25,2026-07-24,13060165.62,0
114,7,2025-07-12,2025-10-10,8360687.59,0
115,7,2025-05-23,2025-08-21,10740135.18,0
116,7,2025-12-30,2026-03-30,6937155.87,0
117,7,2025-11-30,2026-02-28,10891281.37,0
118,7,2026-09-10,2026-12-09,16120035.12,0
119,7,2026-02-05,2026-05-06,2519347.97,0
120,7,2026-04-08,2026-07-07,11724052.89,0
121,7,2026-09-10,2026-12-09,9317813.16,0
122,7,2025-03-13,2025-06-11,16081524.96,0
123,7,2026-01-13,2026-04-13,9796506.88,0
124,7,2025-06-10,2025-09-08,17333521.98,0
125,7,2025-07-31,2025-10-29,3578916.53,0
126,7,2026-05-02,2026-07-31,4040500.0,0
127,7,2025-07-26,2025-10-24,1619092.94,0
128,7,2026-08-06,2026-11-04,15567830.26,0
129,7,2025-10-22,2026-01-20,11840786.2,0
130,7,2025-11-01,2026-01-30,7757445.89,0
131,7,2026-03-19,2026-06-17,8825250.43,0
132,7,2026-02-07,2026-05-08,12678316.11,0
133,7,2025-03-10,2025-06-08,12668703.88,0
134,7,2026-07-21,2026-10-19,3439689.99,0
135,7,2025-11-30,2026-02-28,8061537.08,0
136,8,2025-07-19,2025-08-18,313871.57,1
137,8,2025-04-28,2025-05-28,513823.75,0
138,8,2025-09-06,2025-10-06,516692.19,0
139,8,2025-06-15,2025-07-15,169177.02,1
140,8,2025-04-13,2025-05-13,173431.43,0
141,8,2025-10-07,2025-11-06,158237.75,0
142,8,2026-06-30,2026-07-30,198346.56,0
143,8,2025-04-16,2025-05-16,309995.77,0
144,9,2025-08-14,2025-08-14,1683992.41,0
145,9,2026-06-09,2026-06-09,322294.13,0
146,9,2025-08-01,2025-08-01,1644923.79,0
147,9,2025-01-16,2025-01-16,793423.18,0
148,9,2025-03-09,2025-03-09,1202738.72,0
149,9,2026-09-06,2026-09-06,949321.64,0
150,9,2026-08-06,2026-08-06,424334.58,0
151,9,2025-05-17,2025-05-17,681274.48,0
152,9,2026-05-09,2026-05-09,258021.57,1
153,9,2026-08-23,2026-08-23,868258.5,0
154,9,2025-01-22,2025-01-22,1136157.88,0
155,9,2025-09-07,2025-09-07,1141625.97,0
156,9,2025-02-08,2025-02-08,530902.35,0
157,10,2025-02-25,2025-03-27,2560978.07,0
158,10,2026-01-26,2026-02-25,1574968.13,0
159,10,2026-05-19,2026-06-18,419161.4,0
160,10,2026-08-30,2026-09-29,1645048.58,0
161,10,2026-03-13,2026-04-12,2095972.11,0
162,10,2025-10-20,2025-11-19,1715639.89,0
163,10,2026-05-08,2026-06-07,444840.89,0
164,10,2026-03-20,2026-04-19,2186430.63,0
165,10,2026-01-26,2026-02-25,1334137.06,0
166,10,2025-06-29,2025-07-29,898666.81,0
167,10,2026-09-13,2026-10-13,1470961.5,0
168,10,2025-07-14,2025-08-13,250702.21,0
169,10,2026-02-19,2026-03-21,2609769.14,0
170,10,2026-08-26,2026-09-25,422359.95,0
171,10,2026-08-03,2026-09-02,655647.7,0
172,10,2026-05-16,2026-06-15,1865548.15,0
173,11,2026-05-18,2026-05-18,385787.82,0
174,11,2025-07-21,2025-07-21,1181035.83,0
175,11,2026-09-08,2026-09-08,278557.31,0
176,11,2026-01-08,2026-01-08,554593.98,0
177,11,2025-12-16,2025-12-16,1087727.63,0
178,11,2026-03-24,2026-03-24,1392705.78,0
179,12,2025-07-07,2025-07-22,1444685.8,0
180,12,2025-04-22,2025-05-07,1539379.19,0
181,12,2025-10-11,2025-10-26,252819.9,0
182,12,2025-09-30,2025-10-15,1352877.91,1
183,12,2026-08-20,2026-09-04,1412731.47,0
184,13,2025-07-12,2025-09-10,620026.3,0
185,13,2026-01-04,2026-03-05,6189980.75,0
186,13,2026-09-20,2026-11-19,5681346.42,0
187,13,2026-05-03,2026-07-02,6915977.37,0
188,13,2025-05-27,2025-07-26,6167095.83,0
189,13,2025-02-02,2025-04-03,1418312.67,0
190,13,2025-06-22,2025-08-21,6337014.89,0
191,13,2025-09-07,2025-11-06,1954501.26,0
192,13,2025-06-14,2025-08-13,6545622.25,0
193,13,2025-09-21,2025-11-20,4861969.16,0
194,13,2026-05-19,2026-07-18,1178827.23,0
195,13,2026-09-08,2026-11-07,1013868.98,0
196,13,2026-01-26,2026-03-27,4785085.76,0
197,13,2025-08-27,2025-10-26,2030725.35,0
198,13,2025-04-29,2025-06-28,4266169.66,0
199,13,2025-01-02,2025-03-03,2589113.05,0
200,13,2025-05-10,2025-07-09,3926408.85,0
201,13,2026-07-06,2026-09-04,6055116.96,0
202,13,2025-05-31,2025-07-30,4449378.65,0
203,13,2025-02-05,2025-04-06,4432833.97,0
204,14,2025-07-03,2025-07-03,1520846.07,0
205,14,2025-06-13,2025-06-13,1735701.14,0
206,14,2026-02-05,2026-02-05,264917.15,0
207,14,2026-07-16,2026-07-16,780035.93,0
208,14,2025-11-08,2025-11-08,882052.0,0
209,14,2025-10-26,2025-10-26,1585548.94,0
210,14,2026-08-13,2026-08-13,313116.55,0
211,14,2026-03-14,2026-03-14,1237112.42,0
212,14,2025-05-01,2025-05-01,1718442.82,0
213,14,2026-02-18,2026-02-18,542001.61,0
214,14,2026-01-20,2026-01-20,1391359.7,0
215,14,2026-04-20,2026-04-20,1533833.26,0
216,15,2026-07-21,2026-09-19,917197.39,0
217,15,2025-11-18,2026-01-17,1420949.94,0
218,15,2025-11-20,2026-01-19,670366.36,0
219,15,2026-04-26,2026-06-25,1450588.7,1
220,15,2026-07-12,2026-09-10,1457940.55,0
221,15,2026-07-27,2026-09-25,1012370.86,0
222,15,2026-08-30,2026-10-29,348542.93,0
223,15,2026-01-01,2026-03-02,1529205.51,0
224,15,2026-01-14,2026-03-15,1194224.8,0
225,15,2026-03-02,2026-05-01,731695.43,0
226,15,2025-10-01,2025-11-30,547339.34,0
227,16,2026-06-20,2026-07-05,2431578.04,0
228,16,2026-05-30,2026-06-14,1754964.84,0
229,16,2026-07-22,2026-08-06,430360.73,0
230,16,2026-05-16,2026-05-31,1264152.0,0
231,16,2026-07-22,2026-08-06,2646910.28,0
232,16,2026-06-12,2026-06-27,2788119.73,0
233,17,2025-06-29,2025-06-29,1587777.72,0
234,17,2025-04-08,2025-04-08,1594137.9,0
235,17,2025-06-24,2025-06-24,1054070.76,0
236,17,2026-06-29,2026-06-29,1652279.54,0
237,17,2025-06-09,2025-06-09,1923361.11,0
238,17,2026-01-15,2026-01-15,2051206.18,0
239,17,2026-04-25,2026-04-25,1525706.87,0
240,18,2026-01-29,2026-03-30,828362.0,0
241,18,2026-07-18,2026-09-16,2466505.8,0
242,18,2026-09-11,2026-11-10,2533222.25,0
243,18,2025-12-16,2026-02-14,2585312.23,0
244,18,2026-09-09,2026-11-08,2489049.93,0
245,18,2026-09-07,2026-11-06,3192155.58,0
246,18,2026-06-18,2026-08-17,2986108.59,0
247,18,2026-02-08,2026-04-09,1381467.51,0
248,19,2025-11-02,2025-12-02,1432456.78,1
249,19,2025-07-10,2025-08-09,1586617.88,1
250,19,2026-03-18,2026-04-17,1874547.58,0
251,19,2025-06-09,2025-07-09,2762232.34,0
252,19,2026-01-09,2026-02-08,1670692.7,0
253,19,2025-06-15,2025-07-15,747598.08,0
254,19,2025-02-11,2025-03-13,727777.06,0
255,19,2025-09-30,2025-10-30,680135.38,0
256,19,2025-05-11,2025-06-10,1339640.64,0
257,19,2026-02-03,2026-03-05,720536.54,0
258,19,2025-12-19,2026-01-18,1900002.98,0
259,19,2025-01-09,2025-02-08,1689851.25,0
260,19,2025-09-11,2025-10-11,2276362.11,0
261,19,2025-09-11,2025-10-11,2432257.43,0
262,19,2025-04-16,2025-05-16,2543663.85,0
263,19,2025-08-23,2025-09-22,685475.81,0
264,19,2025-05-30,2025-06-29,1664169.53,0
265,20,2025-02-22,2025-02-22,1018982.37,0
266,20,2026-03-05,2026-03-05,872239.71,0
267,20,2025-10-20,2025-10-20,1448468.9,0
268,20,2026-05-19,2026-05-19,1170767.98,0
269,20,2025-12-06,2025-12-06,1163055.89,0
270,20,2026-09-12,2026-09-12,1191276.25,0
271,20,2026-09-09,2026-09-09,548107.13,0
272,20,2025-07-15,2025-07-15,733894.42,0
273,20,2026-05-01,2026-05-01,2773490.21,0
274,20,2025-07-16,2025-07-16,1310624.15,0
275,20,2025-12-22,2025-12-22,2530977.35,0
276,20,2025-03-11,2025-03-11,1476020.78,0
277,20,2025-05-13,2025-05-13,981520.27,0
278,20,2026-06-30,2026-06-30,2467854.64,0
279,20,2026-02-15,2026-02-15,1794479.05,0
280,20,2026-06-10,2026-06-10,1405928.93,0
281,20,2026-07-20,2026-07-20,544904.69,0
282,20,2025-06-01,2025-06-01,2651637.76,0
283,20,2025-01-02,2025-01-02,1900532.48,0
284,20,2026-07-17,2026-07-17,915937.74,0
285,20,2025-01-11,2025-01-11,2349265.37,0
286,21,2026-01-13,2026-02-12,1549338.81,0
287,21,2026-08-07,2026-09-06,3739317.65,0
288,21,2025-10-16,2025-11-15,734702.74,0
289,21,2025-03-15,2025-04-14,3328928.2,0
290,21,2026-06-24,2026-07-24,1478664.29,0
291,21,2025-01-14,2025-02-13,5486052.84,0
292,21,2026-09-07,2026-10-07,686380.19,0
293,21,2025-12-13,2026-01-12,6057409.37,0
294,21,2026-03-31,2026-04-30,5818975.5,0
295,21,2026-07-11,2026-08-10,1387683.3,0
296,21,2026-06-08,2026-07-08,6273323.96,0
297,21,2025-12-28,2026-01-27,4794333.42,0
298,21,2025-04-26,2025-05-26,3747651.68,0
299,21,2025-12-08,2026-01-07,1357446.21,0
300,21,2026-09-12,2026-10-12,1567059.0,0
301,21,2026-03-12,2026-04-11,1561408.23,0
302,21,2025-12-23,2026-01-22,6202573.88,0
303,21,2025-03-20,2025-04-19,5648679.21,0
304,21,2025-05-31,2025-06-30,2649638.42,0
305,21,2026-08-15,2026-09-14,3335700.22,0
306,22,2026-09-09,2026-09-09,2271364.07,0
307,22,2025-09-09,2025-09-09,1220954.14,0
308,22,2026-07-04,2026-07-04,2342794.75,0
309,22,2025-08-13,2025-08-13,2039918.88,0
310,22,2025-05-17,2025-05-17,2597514.5,0
311,22,2025-10-29,2025-10-29,1418594.27,0
312,22,2026-03-08,2026-03-08,860793.37,0
313,22,2026-01-22,2026-01-22,2116688.69,0
314,22,2025-04-19,2025-04-19,1936633.14,0
315,22,2026-03-03,2026-03-03,623276.1,0
316,22,2025-11-03,2025-11-03,1443672.32,0
317,22,2025-06-27,2025-06-27,1528436.28,1
318,22,2026-03-10,2026-03-10,1980553.07,0
319,22,2026-08-09,2026-08-09,1524793.44,0
320,22,2025-05-09,2025-05-09,2142424.93,0
321,22,2025-03-21,2025-03-21,2330390.62,0
322,22,2026-01-16,2026-01-16,1895416.82,0
323,22,2026-09-10,2026-09-10,2233720.99,0
324,22,2025-01-12,2025-01-12,2176694.89,0
325,23,2026-05-11,2026-05-11,892355.92,0
326,23,2026-02-12,2026-02-12,3801382.93,0
327,23,2025-05-13,2025-05-13,5097003.59,0
328,23,2025-06-03,2025-06-03,751585.99,0
329,23,2025-02-08,2025-02-08,2456764.04,0
330,23,2025-08-09,2025-08-09,5767846.62,0
331,23,2026-05-29,2026-05-29,3904325.1,0
332,23,2025-12-14,2025-12-14,2461386.17,0
333,24,2025-05-27,2025-07-11,2201772.32,0
334,24,2026-04-11,2026-05-26,1043119.87,0
335,24,2026-01-08,2026-02-22,1144623.3,0
336,24,2026-03-29,2026-05-13,1904747.73,0
337,25,2025-05-13,2025-07-12,1710648.57,0
338,25,2026-04-06,2026-06-05,1141047.78,0
339,25,2025-02-28,2025-04-29,2671336.19,0
340,25,2025-06-12,2025-08-11,2124427.92,0
341,25,2025-04-06,2025-06-05,1416601.48,0
342,25,2025-04-21,2025-06-20,3235873.13,0
343,25,2025-12-03,2026-02-01,506308.9,0
344,25,2026-04-11,2026-06-10,422503.48,0
345,25,2025-11-24,2026-01-23,2118261.03,0
346,25,2026-04-30,2026-06-29,982946.66,0
347,25,2025-03-27,2025-05-26,753561.26,0
348,25,2025-08-08,2025-10-07,2442862.08,0
349,25,2026-03-15,2026-05-14,1394461.27,0
350,25,2025-06-14,2025-08-13,3389887.47,0
351,25,2025-01-11,2025-03-12,2094907.02,0
352,25,2025-11-21,2026-01-20,345397.69,0
353,25,2025-11-21,2026-01-20,663542.0,0
354,25,2026-08-16,2026-10-15,611827.37,0
355,26,2025-12-27,2026-02-10,2360155.8,0
356,26,2026-01-18,2026-03-04,692851.61,0
357,26,2026-03-24,2026-05-08,1863314.52,0
358,26,2025-04-17,2025-06-01,469473.13,1
359,26,2026-02-26,2026-04-12,505408.77,0
360,26,2026-03-31,2026-05-15,1528605.49,0
361,26,2026-07-19,2026-09-02,1215564.37,0
362,26,2026-04-21,2026-06-05,1297112.94,0
363,26,2025-09-28,2025-11-12,1026935.52,0
364,26,2025-01-05,2025-02-19,2544479.37,0
365,26,2026-09-07,2026-10-22,1052725.66,0
366,26,2026-08-09,2026-09-23,2781642.56,0
367,26,2026-02-07,2026-03-24,2361087.74,0
368,26,2026-02-04,2026-03-21,2742030.42,0
369,26,2025-05-10,2025-06-24,1530898.04,0
370,26,2025-09-24,2025-11-08,2383584.97,0
371,26,2026-07-11,2026-08-25,2596721.65,0
372,26,2025-05-14,2025-06-28,2757540.33,0
373,26,2025-07-18,2025-09-01,1610668.08,0
374,26,2025-09-24,2025-11-08,1927699.7,0
375,26,2025-04-16,2025-05-31,523984.69,0
376,27,2026-05-10,2026-06-09,1010848.49,0
377,27,2026-03-14,2026-04-13,944124.98,0
378,27,2025-11-24,2025-12-24,262614.18,1
379,27,2025-12-03,2026-01-02,723279.74,0
380,27,2026-07-14,2026-08-13,665993.15,1
381,27,2026-05-28,2026-06-27,802028.96,0
382,27,2026-09-27,2026-10-27,236252.18,0
383,27,2025-09-18,2025-10-18,404438.14,0
384,27,2026-01-18,2026-02-17,352719.82,0
385,27,2026-09-19,2026-10-19,866651.26,0
386,27,2025-12-10,2026-01-09,330089.42,0
387,27,2026-06-30,2026-07-30,389121.72,0
388,27,2026-05-10,2026-06-09,506132.8,0
389,27,2026-01-20,2026-02-19,873256.51,0
390,27,2026-04-10,2026-05-10,281731.94,0
391,27,2025-10-05,2025-11-04,521427.25,0
392,27,2026-03-31,2026-04-30,371734.6,0
393,27,2026-06-01,2026-07-01,428163.2,0
394,27,2026-01-06,2026-02-05,159734.72,0
395,28,2026-04-26,2026-05-26,1779662.54,0
396,28,2026-05-25,2026-06-24,575508.61,0
397,28,2026-03-31,2026-04-30,1442926.98,0
398,28,2026-04-03,2026-05-03,1664512.52,0
399,28,2026-09-08,2026-10-08,2758955.11,0
400,28,2026-04-14,2026-05-14,2398273.65,0
401,28,2026-06-04,2026-07-04,2445155.25,0
402,29,2026-05-17,2026-07-16,3424318.25,0
403,29,2025-09-28,2025-11-27,2751846.34,0
404,29,2025-07-30,2025-09-28,2523888.21,0
405,29,2025-08-10,2025-10-09,1798081.25,0
406,29,2026-06-11,2026-08-10,3047068.27,0
407,29,2025-06-07,2025-08-06,3012982.33,0
408,29,2026-09-28,2026-11-27,1943084.94,0
409,29,2025-07-12,2025-09-10,519645.79,0
410,29,2026-04-18,2026-06-17,3103827.96,0
411,29,2025-07-11,2025-09-09,1153621.34,0
412,29,2025-12-29,2026-02-27,1680715.64,0
413,29,2025-02-24,2025-04-25,1712289.91,0
414,29,2025-07-13,2025-09-11,1588614.73,0
415,29,2026-03-20,2026-05-19,649390.59,0
416,29,2026-08-13,2026-10-12,1151770.38,0
417,29,2025-04-14,2025-06-13,1181470.33,0
418,29,2025-10-02,2025-12-01,1884549.31,0
419,29,2026-09-03,2026-11-02,1221531.62,1
420,29,2025-07-09,2025-09-07,1910368.49,0
421,29,2025-11-19,2026-01-18,2480615.95,0
422,29,2025-01-14,2025-03-15,2431300.41,0
423,29,2025-01-10,2025-03-11,2200816.5,0
424,30,2025-05-31,2025-06-30,2224656.77,0
425,30,2026-07-13,2026-08-12,898789.15,0
426,30,2025-12-28,2026-01-27,1010903.12,0
427,30,2026-05-11,2026-06-10,528668.33,0
428,30,2026-02-25,2026-03-27,2432039.74,0
429,30,2026-03-18,2026-04-17,1160115.02,0
430,30,2025-04-21,2025-05-21,2711559.83,0
431,30,2026-06-24,2026-07-24,687877.76,0
432,30,2026-08-27,2026-09-26,1308273.37,0
433,30,2026-09-20,2026-10-20,554780.83,0
434,30,2026-08-04,2026-09-03,2718471.77,0
435,30,2026-04-23,2026-05-23,1983163.05,0
436,30,2025-06-16,2025-07-16,1017332.73,0
437,30,2025-01-06,2025-02-05,1341626.44,0
438,30,2026-05-30,2026-06-29,1943234.56,0
439,31,2026-04-16,2026-05-16,4346203.63,0
440,31,2026-01-29,2026-02-28,4736561.47,0
441,31,2026-02-19,2026-03-21,3729941.68,0
442,31,2026-05-13,2026-06-12,1913981.26,0
443,31,2026-08-03,2026-09-02,3069987.24,0
444,31,2026-07-21,2026-08-20,911003.03,0
445,31,2026-08-24,2026-09-23,4937423.11,0
446,31,2026-07-16,2026-08-15,2689452.28,0
447,32,2025-06-08,2025-09-06,15154260.82,0
448,32,2025-04-28,2025-07-27,6178255.18,0
449,32,2025-09-11,2025-12-10,11444876.32,0
450,32,2026-07-14,2026-10-12,13594426.58,0
451,32,2026-03-26,2026-06-24,36597653.29,0
452,32,2025-09-04,2025-12-03,10157778.89,0
453,32,2025-10-24,2026-01-22,14714842.89,0
454,32,2025-04-20,2025-07-19,21416206.0,0
455,32,2025-05-04,2025-08-02,25265628.83,1
456,32,2025-11-07,2026-02-05,4908808.03,0
457,32,2025-05-23,2025-08-21,21567632.93,0
458,32,2026-01-02,2026-04-02,22824513.78,0
459,32,2025-06-28,2025-09-26,28787299.1,0
460,32,2025-05-24,2025-08-22,14288261.54,0
461,32,2026-01-21,2026-04-21,40562112.37,0
462,32,2026-06-04,2026-09-02,33375283.14,0
463,32,2026-09-25,2026-12-24,35467632.7,0
464,32,2025-01-31,2025-05-01,36317997.47,0
465,32,2025-08-26,2025-11-24,41283010.42,0
466,32,2025-06-28,2025-09-26,31561465.33,0
467,32,2026-01-19,2026-04-19,26890878.76,0
468,32,2026-04-06,2026-07-05,18100951.52,0
469,32,2025-10-20,2026-01-18,12259067.12,0
470,32,2025-07-16,2025-10-14,6903102.66,0
471,32,2025-03-15,2025-06-13,16683314.38,0
472,32,2026-06-25,2026-09-23,22653138.02,0
473,32,2026-07-27,2026-10-25,36371389.43,0
474,32,2026-03-26,2026-06-24,20016451.16,0
475,32,2025-05-01,2025-07-30,22750550.15,0
476,32,2025-10-24,2026-01-22,39015295.84,0
477,32,2025-03-18,2025-06-16,24121874.31,0
478,33,2025-09-27,2025-11-26,1195171.2,0
479,33,2025-07-29,2025-09-27,1025339.76,0
480,33,2025-03-05,2025-05-04,526987.52,0
481,33,2025-02-06,2025-04-07,703352.92,0
482,33,2025-03-24,2025-05-23,1570029.81,0
483,33,2025-08-19,2025-10-18,1190539.15,0
484,33,2025-08-22,2025-10-21,184309.22,0
485,34,2026-01-22,2026-04-22,30304916.42,0
486,34,2026-03-25,2026-06-23,8130914.18,0
487,34,2025-09-01,2025-11-30,12510083.51,0
488,34,2026-07-04,2026-10-02,25413066.69,0
489,34,2025-02-28,2025-05-29,6541888.35,0
490,34,2025-12-25,2026-03-25,26732774.92,0
491,34,2025-03-20,2025-06-18,6532910.23,0
492,34,2026-01-01,2026-04-01,38069382.74,0
493,34,2025-09-08,2025-12-07,23830816.81,0
494,34,2025-02-25,2025-05-26,16910801.38,0
495,34,2026-07-21,2026-10-19,11693553.86,0
496,34,2025-05-26,2025-08-24,4977318.76,0
497,34,2025-02-04,2025-05-05,13979465.18,0
498,34,2025-03-03,2025-06-01,14317151.31,0
499,34,2025-07-30,2025-10-28,18166155.96,0
500,34,2025-02-02,2025-05-03,24395488.0,0
501,34,2025-09-26,2025-12-25,34713357.57,0
502,34,2026-09-29,2026-12-28,20268518.79,0
503,34,2025-02-28,2025-05-29,34604033.12,0
504,34,2025-10-22,2026-01-20,36566941.16,0
505,34,2025-06-16,2025-09-14,40475712.31,0
506,34,2025-01-16,2025-04-16,14378885.02,0
507,34,2026-08-08,2026-11-06,18752686.23,0
508,34,2026-01-06,2026-04-06,13919898.22,0
509,34,2026-03-31,2026-06-29,21368611.91,0
510,34,2026-05-07,2026-08-05,28089335.02,0
511,34,2025-09-22,2025-12-21,33013510.26,0
512,34,2025-06-28,2025-09-26,9241028.56,0
513,34,2025-08-22,2025-11-20,5935214.12,0
514,34,2025-12-28,2026-03-28,24352948.01,0
515,34,2025-03-21,2025-06-19,12699982.51,0
516,34,2026-03-02,2026-05-31,6341497.89,0
517,34,2026-02-22,2026-05-23,38059861.47,0
518,34,2025-02-01,2025-05-02,9756012.26,0
519,34,2026-06-05,2026-09-03,33685138.49,0
520,34,2026-08-20,2026-11-18,4851821.9,0
521,34,2025-03-22,2025-06-20,40278887.01,0
522,34,2026-08-12,2026-11-10,27804456.01,0
523,35,2026-07-26,2026-08-25,1081432.33,0
524,35,2026-08-04,2026-09-03,2155362.0,0
525,35,2026-08-09,2026-09-08,1674770.25,0
526,35,2026-08-10,2026-09-09,1912524.61,0
527,35,2026-07-11,2026-08-10,2609835.39,0
528,35,2026-09-18,2026-10-18,593638.79,0
529,35,2026-07-05,2026-08-04,1285767.14,0
530,35,2026-07-20,2026-08-19,2543673.52,0
531,35,2026-08-24,2026-09-23,2141706.22,0
532,35,2026-06-29,2026-07-29,2374677.91,0
533,35,2026-08-13,2026-09-12,2554906.61,0
534,35,2026-08-15,2026-09-14,2024137.47,0
535,36,2025-01-08,2025-02-22,659811.16,0
536,36,2026-03-26,2026-05-10,259653.37,0
537,36,2025-02-19,2025-04-05,631566.08,0
538,36,2026-03-13,2026-04-27,363846.91,0
539,36,2025-10-12,2025-11-26,642132.31,0
540,36,2025-05-02,2025-06-16,366329.44,0
541,36,2026-09-13,2026-10-28,813330.05,0
542,36,2025-10-13,2025-11-27,225363.0,0
543,36,2025-07-19,2025-09-02,96398.5,0
544,36,2026-06-18,2026-08-02,211131.55,0
545,36,2026-03-19,2026-05-03,563525.33,0
546,36,2025-04-30,2025-06-14,1019701.99,0
547,36,2026-06-10,2026-07-25,735198.22,0
548,36,2025-02-09,2025-03-26,506042.52,0
549,36,2025-02-06,2025-03-23,1001215.24,0
550,36,2025-08-14,2025-09-28,736413.73,0
551,36,2025-07-23,2025-09-06,699381.82,0
552,36,2025-08-08,2025-09-22,93069.8,0
553,36,2025-09-27,2025-11-11,678843.09,0
554,36,2026-06-28,2026-08-12,720663.33,0
555,37,2026-03-06,2026-04-20,17009794.29,0
556,37,2026-04-21,2026-06-05,16801048.44,0
557,37,2026-05-16,2026-06-30,11116940.67,0
558,37,2025-11-27,2026-01-11,5685684.05,0
559,37,2025-10-02,2025-11-16,9268086.28,0
560,37,2026-04-04,2026-05-19,8056984.69,0
561,37,2026-09-21,2026-11-05,11272022.41,0
562,37,2026-07-07,2026-08-21,1818718.67,0
563,37,2026-07-21,2026-09-04,2515436.49,0
564,37,2025-06-10,2025-07-25,14910384.84,0
565,37,2026-02-28,2026-04-14,4949841.57,0
566,37,2025-01-21,2025-03-07,13581948.99,0
567,37,2025-05-07,2025-06-21,14507933.47,0
568,37,2025-10-04,2025-11-18,15291739.12,0
569,37,2026-07-09,2026-08-23,11177949.78,0
570,37,2025-07-18,2025-09-01,14803547.45,0
571,37,2026-04-15,2026-05-30,4742667.09,0
572,37,2025-10-26,2025-12-10,8372553.12,0
573,38,2026-01-17,2026-03-03,8221923.68,0
574,38,2025-01-26,2025-03-12,4714546.74,0
575,38,2025-03-27,2025-05-11,1815734.74,0
576,38,2025-09-13,2025-10-28,1705332.27,0
577,38,2025-03-02,2025-04-16,8267121.4,0
578,38,2025-06-04,2025-07-19,1250493.22,0
579,38,2026-07-30,2026-09-13,8529079.59,0
580,38,2025-11-26,2026-01-10,5329171.49,0
581,38,2026-03-12,2026-04-26,7612853.41,0
582,38,2025-05-05,2025-06-19,2495490.95,0
583,38,2026-06-22,2026-08-06,5577056.42,0
584,38,2025-10-31,2025-12-15,2028799.47,0
585,38,2026-01-16,2026-03-02,6312579.68,0
586,38,2026-09-21,2026-11-05,10039155.49,0
587,38,2025-08-04,2025-09-18,9887543.99,0
588,38,2025-05-19,2025-07-03,2476686.83,0
589,38,2025-01-06,2025-02-20,3893668.89,0
590,38,2025-12-05,2026-01-19,1809259.85,0
591,38,2025-12-20,2026-02-03,6936688.83,0
592,38,2026-03-13,2026-04-27,6510896.5,0
593,38,2025-07-27,2025-09-10,1643770.81,0
594,38,2025-09-27,2025-11-11,6311133.75,0
595,38,2026-08-30,2026-10-14,6705841.99,0
596,38,2026-09-23,2026-11-07,7317570.37,0
597,38,2025-08-10,2025-09-24,1776847.38,0
598,38,2025-01-01,2025-02-15,4004043.61,0
599,38,2025-12-01,2026-01-15,3804559.89,0
600,39,2025-08-08,2025-09-22,671430.48,0
601,39,2026-05-17,2026-07-01,504863.84,0
602,39,2025-12-23,2026-02-06,173927.94,0
603,39,2026-09-24,2026-11-08,418268.17,0
604,40,2026-04-27,2026-05-12,969174.82,0
605,40,2026-05-27,2026-06-11,132160.69,0
606,40,2025-05-16,2025-05-31,918657.91,0
607,40,2025-07-30,2025-08-14,126665.85,0
608,40,2025-10-13,2025-10-28,926076.69,0
609,40,2026-01-24,2026-02-08,1034067.29,0
610,40,2026-03-05,2026-03-20,951827.01,0
611,40,2026-06-01,2026-06-16,489723.58,0
612,40,2025-07-09,2025-07-24,255681.82,0
613,40,2025-04-18,2025-05-03,388717.94,0
614,40,2025-07-12,2025-07-27,633541.72,0
615,40,2025-05-05,2025-05-20,826053.67,0
616,40,2025-07-07,2025-07-22,932110.45,0
617,41,2025-11-20,2026-01-04,812372.44,0
618,41,2025-10-30,2025-12-14,564966.54,0
619,41,2026-06-20,2026-08-04,869477.03,0
620,41,2026-08-23,2026-10-07,767089.11,0
621,41,2025-12-22,2026-02-05,1183612.77,0
622,41,2026-05-31,2026-07-15,1032577.93,0
623,41,2025-09-25,2025-11-09,200316.88,0
624,41,2025-05-24,2025-07-08,897595.0,0
625,41,2025-04-18,2025-06-02,1157155.33,0
626,42,2026-04-13,2026-04-28,2199439.21,0
627,42,2026-09-08,2026-09-23,1381210.43,0
628,42,2025-08-28,2025-09-12,2742153.57,0
629,42,2025-10-03,2025-10-18,3352742.21,0
630,42,2026-06-21,2026-07-06,935078.86,0
631,42,2025-05-14,2025-05-29,2422900.54,0
632,42,2026-04-15,2026-04-30,1567180.38,0
633,42,2025-07-09,2025-07-24,1055787.46,0
634,42,2026-07-23,2026-08-07,3006138.87,0
635,42,2025-12-19,2026-01-03,619723.12,0
636,42,2026-04-20,2026-05-05,2559917.12,0
637,42,2025-05-17,2025-06-01,1579627.39,0
638,42,2026-07-01,2026-07-16,529301.75,0
639,42,2026-08-24,2026-09-08,386068.06,0
640,42,2026-01-13,2026-01-28,1459297.4,0
641,42,2025-05-22,2025-06-06,1899839.0,0
642,42,2025-06-04,2025-06-19,1211885.2,0
643,42,2026-03-08,2026-03-23,874457.46,0
644,42,2025-04-14,2025-04-29,2398779.53,0
645,42,2025-05-12,2025-05-27,2138983.07,0
646,43,2026-09-22,2026-11-21,2102729.64,0
647,43,2025-02-19,2025-04-20,1429793.73,0
648,43,2025-10-31,2025-12-30,2203094.4,0
649,43,2026-03-04,2026-05-03,284848.62,0
650,43,2026-02-10,2026-04-11,876484.4,0
651,43,2026-05-21,2026-07-20,1343617.4,0
652,43,2026-06-21,2026-08-20,1696814.79,0
653,43,2026-09-16,2026-11-15,2740718.93,0
654,43,2025-03-22,2025-05-21,1104698.22,0
655,43,2025-07-08,2025-09-06,2672918.73,0
656,43,2025-04-30,2025-06-29,2271730.67,0
657,43,2026-07-07,2026-09-05,2426863.74,0
658,43,2026-03-24,2026-05-23,943454.09,0
659,43,2025-02-16,2025-04-17,1787833.77,0
660,43,2026-03-01,2026-04-30,1922464.74,0
661,43,2025-11-22,2026-01-21,488698.11,0
662,43,2026-09-16,2026-11-15,2357055.94,0
663,43,2026-09-02,2026-11-01,1081605.16,0
664,43,2025-12-15,2026-02-13,1058285.59,0
665,43,2026-05-26,2026-07-25,779231.73,0
666,43,2025-12-20,2026-02-18,452715.52,0
667,43,2025-11-19,2026-01-18,1395837.91,0
668,43,2026-03-02,2026-05-01,2789314.15,0
669,43,2026-05-18,2026-07-17,2773581.41,0
670,44,2026-02-15,2026-05-16,24722701.67,0
671,44,2025-10-13,2026-01-11,15865094.31,0
672,44,2025-11-22,2026-02-20,22888499.32,0
673,44,2026-04-21,2026-07-20,14593283.51,0
674,44,2025-12-09,2026-03-09,32896700.32,0
675,44,2026-08-18,2026-11-16,28679202.87,0
676,44,2026-09-26,2026-12-25,12208996.34,0
677,44,2026-05-31,2026-08-29,41958139.54,0
678,44,2026-08-06,2026-11-04,27619012.78,0
679,44,2026-01-15,2026-04-15,4472429.39,0
680,44,2025-06-15,2025-09-13,21178325.66,0
681,44,2025-07-24,2025-10-22,15992609.35,0
682,44,2026-09-10,2026-12-09,20636282.73,0
683,44,2025-07-01,2025-09-29,40955723.04,0
684,44,2025-06-13,2025-09-11,13002756.63,0
685,44,2026-04-27,2026-07-26,36707288.47,0
686,44,2026-09-14,2026-12-13,28448230.64,0
687,44,2025-01-25,2025-04-25,20439211.03,0
688,44,2025-02-10,2025-05-11,17553533.48,0
689,44,2026-03-15,2026-06-13,33837063.54,0
690,44,2025-06-23,2025-09-21,17672237.04,0
691,45,2026-04-15,2026-06-14,2541940.0,0
692,45,2026-04-07,2026-06-06,2030877.88,0
693,45,2025-06-01,2025-07-31,1575754.99,0
694,45,2025-06-12,2025-08-11,1693158.22,0
695,45,2025-06-08,2025-08-07,2143956.91,0
696,45,2025-01-29,2025-03-30,2418353.03,0
697,45,2026-01-08,2026-03-09,2086116.78,0
698,45,2025-12-19,2026-02-17,1888259.89,0
699,45,2026-01-23,2026-03-24,2455446.24,0
700,45,2025-01-15,2025-03-16,1951986.73,0
701,45,2025-06-03,2025-08-02,952487.8,0
702,45,2025-01-13,2025-03-14,2390341.47,0
703,45,2025-08-22,2025-10-21,2137927.33,0
704,45,2025-10-05,2025-12-04,1656408.27,0
705,46,2025-03-04,2025-04-18,771794.04,0
706,46,2025-02-22,2025-04-08,1056277.35,0
707,46,2025-03-27,2025-05-11,1458651.66,0
708,46,2026-03-17,2026-05-01,2444516.1,0
709,46,2025-07-19,2025-09-02,1747680.11,0
710,47,2025-09-12,2025-09-27,417496.59,0
711,47,2025-04-25,2025-05-10,1028139.84,0
712,47,2025-06-17,2025-07-02,261643.36,0
713,47,2026-03-30,2026-04-14,418734.45,0
714,47,2025-11-11,2025-11-26,571708.48,0
715,47,2025-11-04,2025-11-19,980449.44,0
716,47,2025-06-25,2025-07-10,908262.99,0
717,48,2025-08-23,2025-09-07,2628079.48,0
718,48,2025-12-29,2026-01-13,2362832.1,0
719,48,2026-03-04,2026-03-19,254521.67,0
720,48,2026-04-13,2026-04-28,2203644.41,1
721,48,2025-07-27,2025-08-11,774039.15,0
722,48,2025-11-26,2025-12-11,1334395.77,0
723,48,2026-03-27,2026-04-11,2432392.81,0
724,48,2026-05-07,2026-05-22,2650225.04,0
725,48,2026-05-14,2026-05-29,879606.08,0
726,48,2025-02-27,2025-03-14,1877449.39,0
727,48,2025-03-17,2025-04-01,1070836.52,0
728,48,2025-06-04,2025-06-19,1749909.29,0
729,48,2025-09-24,2025-10-09,1665086.55,0
730,48,2025-03-11,2025-03-26,2469056.83,0
731,48,2025-08-08,2025-08-23,711398.47,0
732,48,2025-09-23,2025-10-08,893715.91,0
733,48,2026-05-14,2026-05-29,2283128.32,0
734,48,2026-06-01,2026-06-16,2475087.07,0
735,48,2025-03-19,2025-04-03,1687185.42,0
736,48,2026-06-10,2026-06-25,2406526.31,0
737,48,2026-03-18,2026-04-02,2333454.77,0
738,48,2025-06-05,2025-06-20,1905135.87,0
739,48,2026-03-19,2026-04-03,2516856.27,0
740,48,2026-02-04,2026-02-19,288311.42,0
741,48,2025-12-01,2025-12-16,1602852.54,0
742,49,2025-12-30,2026-01-29,193674.3,0
743,49,2025-05-07,2025-06-06,1484651.59,0
744,49,2026-04-03,2026-05-03,851674.97,0
745,49,2026-08-28,2026-09-27,1453199.07,0
746,49,2026-06-13,2026-07-13,344726.0,0
747,49,2026-09-12,2026-10-12,723424.56,0
748,49,2025-08-04,2025-09-03,1726243.37,0
749,49,2025-04-25,2025-05-25,1661834.95,1
750,49,2026-01-25,2026-02-24,1435458.68,0
751,49,2025-12-30,2026-01-29,726627.91,0
752,49,2025-03-28,2025-04-27,1190692.23,0
753,50,2026-09-05,2026-12-04,31344872.34,0
754,50,2025-04-13,2025-07-12,4173636.92,0
755,50,2026-03-02,2026-05-31,36475792.38,0
756,50,2025-01-01,2025-04-01,15558945.89,0
757,50,2026-09-21,2026-12-20,29267786.9,0
758,50,2026-05-20,2026-08-18,32350806.38,0
759,50,2025-08-19,2025-11-17,28913661.31,0
760,50,2026-09-22,2026-12-21,7640763.26,0
761,50,2025-12-03,2026-03-03,30881682.01,0
762,50,2025-10-01,2025-12-30,32779914.92,0
763,50,2025-02-05,2025-05-06,32320740.2,0
764,50,2025-07-06,2025-10-04,4149954.46,0
765,50,2026-05-08,2026-08-06,22179642.64,0
766,50,2026-08-15,2026-11-13,19177223.24,0
767,50,2026-03-27,2026-06-25,8124254.54,0
768,50,2025-12-12,2026-03-12,41872731.08,0
769,50,2025-04-09,2025-07-08,29251687.1,0
770,50,2026-01-10,2026-04-10,19978157.51,0
771,50,2025-05-04,2025-08-02,24737847.15,0
772,50,2026-03-23,2026-06-21,24846663.95,0
773,50,2026-06-08,2026-09-06,11083314.55,0
774,50,2025-12-29,2026-03-29,23782068.04,0
775,50,2025-06-12,2025-09-10,7445302.01,0
776,50,2025-06-05,2025-09-03,24367548.16,0
777,50,2026-03-08,2026-06-06,37919788.59,0
778,50,2025-01-01,2025-04-01,6475026.58,0
779,50,2025-03-10,2025-06-08,5874133.52,0
780,50,2025-09-06,2025-12-05,18623549.59,0
781,50,2025-08-20,2025-11-18,40592922.01,0
782,50,2026-08-23,2026-11-21,39862698.46,0
783,50,2025-12-02,2026-03-02,4013531.01,0
784,50,2026-09-05,2026-12-04,21690598.36,0
785,50,2026-09-17,2026-12-16,21047709.32,0
786,50,2025-12-16,2026-03-16,37209042.34,0
787,50,2026-03-13,2026-06-11,26063177.25,0
788,50,2025-10-26,2026-01-24,12225923.12,0
789,50,2026-05-22,2026-08-20,35729630.1,0
790,50,2025-10-14,2026-01-12,35945280.0,0
791,51,2026-08-29,2026-11-27,5064163.52,0
792,51,2026-05-15,2026-08-13,6282439.3,0
793,51,2026-09-09,2026-12-08,1934857.72,0
794,51,2025-04-11,2025-07-10,6426005.04,0
795,51,2026-03-08,2026-06-06,8726721.98,0
796,51,2026-06-20,2026-09-18,1257851.88,0
797,51,2026-03-19,2026-06-17,7323056.31,0
798,51,2025-12-03,2026-03-03,1848520.32,0
799,51,2025-12-19,2026-03-19,4282833.12,0
800,51,2025-11-29,2026-02-27,5298763.9,0
801,51,2026-07-15,2026-10-13,7123554.35,0
802,51,2025-12-23,2026-03-23,8397294.96,0
803,51,2025-08-22,2025-11-20,3938727.8,0
804,51,2026-02-20,2026-05-21,3904073.71,0
805,51,2025-12-26,2026-03-26,4135211.98,0
806,51,2025-06-22,2025-09-20,3998493.86,0
807,51,2026-07-28,2026-10-26,6067241.85,0
808,51,2025-03-19,2025-06-17,2806748.28,0
809,52,2025-07-31,2025-09-14,4872136.5,0
810,52,2026-09-28,2026-11-12,2001441.01,0
811,52,2025-07-26,2025-09-09,679477.47,0
812,52,2026-02-27,2026-04-13,1830330.3,0
813,52,2025-11-27,2026-01-11,5379473.79,0
814,52,2025-09-24,2025-11-08,3360414.09,0
815,52,2026-05-02,2026-06-16,1460753.93,0
816,52,2026-02-12,2026-03-29,4305334.19,0
817,52,2025-07-05,2025-08-19,5766422.84,0
818,52,2026-04-08,2026-05-23,6849555.28,0
819,52,2025-12-23,2026-02-06,3781650.86,0
820,52,2026-02-23,2026-04-09,3470196.94,0
821,52,2025-11-10,2025-12-25,1018641.66,0
822,53,2026-09-14,2026-10-14,653133.75,1
823,53,2026-09-26,2026-10-26,234753.47,0
824,53,2025-12-24,2026-01-23,1132160.74,0
825,53,2026-02-17,2026-03-19,1487183.06,0
826,53,2026-05-06,2026-06-05,292569.16,0
827,53,2026-07-18,2026-08-17,371615.21,0
828,53,2026-02-16,2026-03-18,1281620.72,0
829,53,2026-06-11,2026-07-11,470971.67,0
830,53,2025-12-29,2026-01-28,693552.27,0
831,53,2025-12-18,2026-01-17,1242336.13,0
832,53,2025-12-02,2026-01-01,1430061.08,0
833,53,2026-07-31,2026-08-30,440858.73,0
834,53,2026-02-05,2026-03-07,1109549.29,0
835,53,2026-02-16,2026-03-18,961725.96,0
836,53,2026-01-18,2026-02-17,1441527.74,0
837,53,2026-02-18,2026-03-20,1094170.12,0
838,53,2026-05-09,2026-06-08,1650509.22,0
839,53,2026-07-05,2026-08-04,1660417.76,0
840,53,2026-05-24,2026-06-23,376210.2,0
841,53,2026-09-16,2026-10-16,308048.59,0
842,54,2025-09-06,2025-10-06,641391.73,0
843,54,2026-06-16,2026-07-16,651845.81,0
844,54,2026-04-24,2026-05-24,233896.41,0
845,55,2025-07-10,2025-08-09,6311078.89,0
846,55,2025-01-16,2025-02-15,889496.85,0
847,55,2025-10-25,2025-11-24,630328.22,0
848,55,2025-08-22,2025-09-21,2979416.18,0
849,55,2026-03-09,2026-04-08,4954532.6,0
850,55,2025-10-07,2025-11-06,3218901.81,1
851,55,2026-02-28,2026-03-30,3013643.28,0
852,56,2026-06-02,2026-07-17,410240.81,0
853,56,2026-09-15,2026-10-30,1259403.62,0
854,56,2026-02-17,2026-04-03,2430100.72,0
855,56,2025-11-08,2025-12-23,1660159.97,0
856,56,2026-05-23,2026-07-07,1465778.66,0
857,56,2025-10-29,2025-12-13,858884.72,0
858,56,2026-07-27,2026-09-10,2208964.01,0
859,56,2025-10-17,2025-12-01,1696131.46,0
860,56,2025-12-23,2026-02-06,1136300.08,0
861,57,2025-01-26,2025-02-25,3088279.4,0
862,57,2026-07-25,2026-08-24,815513.59,0
863,57,2025-11-26,2025-12-26,1485190.87,0
864,57,2026-01-26,2026-02-25,310947.05,0
865,57,2025-02-06,2025-03-08,2103644.03,0
866,57,2026-08-09,2026-09-08,2363328.49,0
867,57,2026-09-20,2026-10-20,1100135.41,0
868,57,2026-04-11,2026-05-11,1833213.07,0
869,57,2025-06-28,2025-07-28,3381727.0,0
870,57,2025-01-22,2025-02-21,1681557.08,0
871,57,2026-02-16,2026-03-18,700077.51,0
872,57,2026-03-04,2026-04-03,1773860.93,0
873,57,2025-05-17,2025-06-16,2614584.67,0
874,57,2025-07-19,2025-08-18,3333616.02,0
875,58,2026-08-05,2026-11-03,7303137.96,0
876,58,2026-07-31,2026-10-29,8284704.29,0
877,58,2025-06-04,2025-09-02,4848381.42,0
878,58,2026-05-14,2026-08-12,3935660.19,0
879,58,2025-03-08,2025-06-06,1723200.56,1
880,58,2025-02-24,2025-05-25,4082482.9,0
881,58,2025-06-04,2025-09-02,10096383.21,0
882,58,2026-04-03,2026-07-02,5460838.39,0
883,58,2026-07-30,2026-10-28,2434199.09,0
884,58,2026-09-26,2026-12-25,4832926.95,0
885,58,2026-04-26,2026-07-25,7618681.1,0
886,58,2026-04-01,2026-06-30,1831861.76,0
887,58,2026-05-04,2026-08-02,2536396.39,1
888,58,2026-01-07,2026-04-07,9837044.94,0
889,58,2026-08-04,2026-11-02,4200756.66,0
890,58,2025-03-29,2025-06-27,9410310.77,0
891,58,2025-07-21,2025-10-19,10131121.06,0
892,58,2025-03-27,2025-06-25,4305233.76,0
893,58,2026-01-09,2026-04-09,9072027.13,0
894,58,2025-01-25,2025-04-25,5600246.88,0
895,59,2025-11-06,2025-11-06,1518147.57,0
896,59,2025-10-04,2025-10-04,2529939.49,0
897,59,2025-12-17,2025-12-17,723488.42,0
898,59,2025-10-16,2025-10-16,1153352.1,0
899,59,2026-06-06,2026-06-06,3166621.26,0
900,59,2025-09-06,2025-09-06,538126.81,0
901,59,2025-01-10,2025-01-10,2613942.77,0
902,59,2025-03-14,2025-03-14,799980.13,0
903,59,2025-04-19,2025-04-19,2260208.59,0
904,59,2025-03-25,2025-03-25,893839.39,0
905,59,2025-03-23,2025-03-23,1538083.04,0
906,59,2026-05-23,2026-05-23,2237465.04,0
907,59,2025-07-09,2025-07-09,1924270.06,0
908,59,2026-07-10,2026-07-10,2141389.06,0
909,59,2025-08-22,2025-08-22,819755.44,0
910,59,2026-06-03,2026-06-03,2349903.92,0
911,59,2025-09-15,2025-09-15,1200637.24,0
912,59,2026-03-17,2026-03-17,555845.16,0
913,59,2026-08-26,2026-08-26,2768435.55,0
914,59,2025-03-09,2025-03-09,2121443.61,0
915,59,2025-11-04,2025-11-04,2742919.93,0
916,59,2026-08-25,2026-08-25,845769.41,0
917,59,2026-02-17,2026-02-17,1783596.35,0
918,59,2026-01-30,2026-01-30,1642710.92,0
919,59,2026-02-14,2026-02-14,1470272.16,0
920,60,2025-07-22,2025-09-05,738756.3,0
921,60,2026-05-14,2026-06-28,4483680.0,0
922,60,2026-05-15,2026-06-29,6802239.45,0
923,60,2025-10-24,2025-12-08,1505457.89,0
924,60,2026-05-18,2026-07-02,682992.6,0
925,60,2025-05-05,2025-06-19,4434341.25,0
926,60,2025-05-12,2025-06-26,2965232.26,0
927,60,2025-12-01,2026-01-15,5005003.37,0
928,60,2026-05-03,2026-06-17,5635559.29,0
929,60,2025-11-26,2026-01-10,5602208.79,0
930,60,2026-09-17,2026-11-01,2116914.41,0
931,60,2025-01-20,2025-03-06,2606144.31,0
932,60,2025-11-26,2026-01-10,1120369.08,0
933,60,2026-04-06,2026-05-21,3093289.46,0
934,60,2026-01-08,2026-02-22,6025745.81,0
935,60,2026-05-10,2026-06-24,4196018.56,0
936,60,2025-11-18,2026-01-02,4470534.56,0
937,60,2025-05-04,2025-06-18,2491965.28,0
938,61,2026-05-21,2026-07-20,8646961.53,0
939,61,2026-08-08,2026-10-07,5915191.2,0
940,61,2026-08-08,2026-10-07,6056204.46,0
941,61,2026-04-27,2026-06-26,15383803.17,0
942,61,2026-07-19,2026-09-17,10302033.9,0
943,61,2026-04-22,2026-06-21,11797935.64,0
944,61,2026-08-22,2026-10-21,2393746.94,0
945,61,2026-05-01,2026-06-30,3738582.99,0
946,61,2026-05-07,2026-07-06,13574553.06,0
947,61,2026-08-31,2026-10-30,2494407.24,0
948,61,2026-07-24,2026-09-22,12613385.7,0
949,61,2026-05-24,2026-07-23,3343986.36,0
950,61,2026-09-26,2026-11-25,12436351.01,0
951,61,2026-08-14,2026-10-13,2178317.31,0
952,61,2026-06-12,2026-08-11,16699456.35,0
953,62,2026-05-19,2026-06-18,258310.08,0
954,62,2025-06-18,2025-07-18,1256784.61,0
955,62,2026-01-19,2026-02-18,1547851.84,0
956,62,2025-12-09,2026-01-08,741177.43,0
957,62,2026-06-09,2026-07-09,2211242.66,0
958,62,2025-04-20,2025-05-20,2141602.32,0
959,62,2025-08-08,2025-09-07,2509829.51,0
960,62,2025-08-24,2025-09-23,1691127.28,0
961,62,2025-07-05,2025-08-04,2442516.5,0
962,62,2025-12-02,2026-01-01,1412183.89,0
963,62,2025-09-12,2025-10-12,438845.76,0
964,62,2025-01-01,2025-01-31,1016823.17,0
965,63,2025-07-29,2025-09-27,342520.03,0
966,63,2026-05-03,2026-07-02,429330.06,0
967,63,2025-10-07,2025-12-06,582106.94,0
968,63,2025-06-06,2025-08-05,494760.92,0
969,63,2025-06-29,2025-08-28,1706651.39,0
970,63,2026-05-06,2026-07-05,474317.81,0
971,63,2025-01-02,2025-03-03,1743339.93,0
972,63,2026-07-27,2026-09-25,1673434.29,0
973,63,2025-02-18,2025-04-19,608427.37,0
974,63,2026-07-12,2026-09-10,412231.55,0
975,64,2025-03-30,2025-04-29,1781508.85,0
976,64,2026-04-23,2026-05-23,1393967.99,0
977,64,2025-05-29,2025-06-28,1772908.92,0
978,64,2026-08-11,2026-09-10,597174.53,0
979,64,2025-04-25,2025-05-25,2775690.07,0
980,64,2025-09-18,2025-10-18,2632333.48,0
981,64,2025-04-30,2025-05-30,1073247.48,0
982,64,2026-06-20,2026-07-20,1921643.25,0
983,64,2025-08-20,2025-09-19,1879601.53,0
984,64,2025-07-12,2025-08-11,2073476.83,0
985,64,2025-11-10,2025-12-10,859093.38,0
986,64,2025-04-09,2025-05-09,2675969.46,0
987,64,2025-03-15,2025-04-14,411575.93,0
988,64,2026-02-17,2026-03-19,267055.24,0
989,64,2026-05-05,2026-06-04,1866162.18,0
990,64,2026-05-27,2026-06-26,1058257.53,0
991,64,2025-04-11,2025-05-11,1322116.27,0
992,65,2026-02-13,2026-03-15,909794.86,0
993,65,2026-05-18,2026-06-17,757761.79,0
994,65,2026-04-14,2026-05-14,645701.72,0
995,65,2026-02-23,2026-03-25,1099486.5,0
996,65,2026-07-19,2026-08-18,1054079.93,0
997,65,2026-06-03,2026-07-03,935758.4,0
998,65,2026-04-06,2026-05-06,1111792.56,0
999,65,2026-08-16,2026-09-15,1196194.46,0
1000,65,2026-03-20,2026-04-19,694112.66,0
1001,65,2026-09-12,2026-10-12,335743.26,0
1002,65,2026-02-24,2026-03-26,1334570.23,0
1003,65,2026-01-27,2026-02-26,1283454.09,0
1004,65,2026-05-09,2026-06-08,907852.81,0
1005,65,2026-05-31,2026-06-30,1620839.12,0
1006,65,2026-03-04,2026-04-03,288204.04,0
1007,65,2026-05-24,2026-06-23,256910.22,0
1008,65,2026-06-14,2026-07-14,213609.22,0
1009,65,2026-06-01,2026-07-01,1410939.35,0
1010,66,2026-05-24,2026-07-23,722987.55,0
1011,66,2026-08-16,2026-10-15,2438253.57,0
1012,66,2026-09-17,2026-11-16,565006.29,0
1013,66,2026-08-09,2026-10-08,2774059.33,0
1014,66,2026-05-12,2026-07-11,872493.62,0
1015,66,2026-04-15,2026-06-14,2166069.63,0
1016,66,2026-05-19,2026-07-18,1959439.31,0
1017,66,2026-05-02,2026-07-01,1467176.45,0
1018,66,2026-09-09,2026-11-08,642649.92,0
1019,66,2026-07-19,2026-09-17,1775543.77,0
1020,67,2026-04-27,2026-06-26,1936607.87,0
1021,67,2026-09-12,2026-11-11,2217894.02,0
1022,67,2025-05-21,2025-07-20,1801849.92,0
1023,67,2025-09-15,2025-11-14,2313188.39,0
1024,67,2025-08-22,2025-10-21,1301765.23,0
1025,67,2025-12-10,2026-02-08,1956549.64,0
1026,67,2025-07-12,2025-09-10,2758604.97,0
1027,67,2026-01-06,2026-03-07,2580387.32,0
1028,67,2026-06-17,2026-08-16,854929.95,0
1029,67,2025-12-12,2026-02-10,885849.07,0
1030,67,2026-05-11,2026-07-10,2594532.64,0
1031,67,2025-05-08,2025-07-07,3392843.85,0
1032,67,2025-07-13,2025-09-11,2898371.79,0
1033,67,2026-06-08,2026-08-07,2115851.65,0
1034,67,2026-02-01,2026-04-02,1302054.34,0
1035,67,2025-03-13,2025-05-12,1187539.27,0
1036,67,2026-03-10,2026-05-09,955656.77,0
1037,67,2025-10-11,2025-12-10,1209401.93,0
1038,67,2025-10-01,2025-11-30,3269124.93,0
1039,67,2025-06-25,2025-08-24,2878272.99,0
1040,67,2025-06-14,2025-08-13,591768.8,0
1041,67,2026-02-21,2026-04-22,1007115.16,0
1042,67,2025-08-14,2025-10-13,1194306.19,1
1043,68,2026-06-04,2026-06-19,2417501.14,0
1044,68,2026-06-17,2026-07-02,2261344.66,0
1045,68,2026-08-02,2026-08-17,1233025.72,0
1046,68,2026-04-20,2026-05-05,797896.6,0
1047,68,2026-04-26,2026-05-11,1211376.79,0
1048,69,2026-01-26,2026-02-25,182790.6,0
1049,69,2026-03-24,2026-04-23,557881.17,0
1050,69,2026-08-23,2026-09-22,1182014.32,0
1051,69,2025-07-20,2025-08-19,1503444.08,0
1052,69,2025-04-05,2025-05-05,1134719.93,0
1053,69,2025-09-19,2025-10-19,874961.33,0
1054,70,2026-03-10,2026-03-25,3163750.41,0
1055,70,2025-03-20,2025-04-04,515622.73,0
1056,70,2026-01-13,2026-01-28,2614267.19,0
1057,70,2025-01-09,2025-01-24,1341529.15,0
1058,70,2026-02-08,2026-02-23,731837.13,0
1059,70,2026-09-16,2026-10-01,2969695.74,0
1060,70,2025-06-29,2025-07-14,2572669.39,0
1061,70,2025-02-13,2025-02-28,514636.9,0
1062,70,2026-02-09,2026-02-24,2061010.4,0
1063,70,2026-06-17,2026-07-02,1432593.56,0
1064,70,2026-02-22,2026-03-09,834065.69,0
1065,71,2026-06-29,2026-07-14,3006043.02,0
1066,71,2026-02-25,2026-03-12,4754056.44,0
1067,71,2026-04-11,2026-04-26,6383447.52,0
1068,71,2026-02-20,2026-03-07,3261120.17,0
1069,71,2026-02-05,2026-02-20,2490675.75,0
1070,71,2026-05-15,2026-05-30,2870556.06,0
1071,71,2026-08-18,2026-09-02,1033636.21,0
1072,71,2026-05-03,2026-05-18,983276.56,0
1073,71,2026-08-02,2026-08-17,3181837.15,0
1074,71,2026-09-06,2026-09-21,4347975.45,0
1075,71,2026-09-05,2026-09-20,831397.9,0
1076,71,2026-06-03,2026-06-18,4827944.07,0
1077,71,2026-02-26,2026-03-13,5477496.1,0
1078,71,2025-12-22,2026-01-06,6702781.83,0
1079,71,2026-03-03,2026-03-18,3332233.55,0
1080,72,2025-06-19,2025-07-19,2607543.77,0
1081,72,2025-09-22,2025-10-22,1717231.25,0
1082,72,2025-06-09,2025-07-09,1949444.76,0
1083,72,2026-09-01,2026-10-01,2232438.05,0
1084,72,2025-10-06,2025-11-05,1080073.28,0
1085,72,2026-02-19,2026-03-21,371293.62,0
1086,72,2025-08-13,2025-09-12,2494710.16,0
1087,72,2026-07-10,2026-08-09,1534959.76,0
1088,72,2026-05-08,2026-06-07,2668138.56,0
1089,72,2025-02-28,2025-03-30,1355195.97,0
1090,72,2026-05-19,2026-06-18,2615258.92,0
1091,72,2025-08-29,2025-09-28,973357.03,0
1092,72,2025-03-26,2025-04-25,497689.17,0
1093,72,2026-03-15,2026-04-14,1501180.09,0
1094,72,2025-01-03,2025-02-02,1446292.84,0
1095,72,2026-01-01,2026-01-31,1945109.07,0
1096,72,2025-03-26,2025-04-25,2769752.75,0
1097,72,2025-06-24,2025-07-24,2536463.71,0
1098,72,2025-03-15,2025-04-14,2369413.67,0
1099,72,2026-09-14,2026-10-14,812907.29,0
1100,72,2025-06-16,2025-07-16,2018966.45,0
1101,73,2025-11-13,2026-01-12,1945613.73,0
1102,73,2026-04-05,2026-06-04,562840.94,0
1103,73,2025-11-24,2026-01-23,1722931.98,0
1104,73,2026-07-20,2026-09-18,2107213.97,0
1105,73,2025-02-04,2025-04-05,1172375.89,0
1106,73,2026-02-03,2026-04-04,717599.98,0
1107,73,2025-11-28,2026-01-27,1391007.35,0
1108,73,2026-08-04,2026-10-03,2462422.69,0
1109,73,2025-09-14,2025-11-13,1304450.65,0
1110,73,2026-09-11,2026-11-10,1508115.58,0
1111,73,2025-07-27,2025-09-25,2085208.04,0
1112,73,2026-01-17,2026-03-18,1103180.33,0
1113,73,2025-07-26,2025-09-24,780318.11,0
1114,73,2026-06-26,2026-08-25,2783695.54,0
1115,73,2025-02-10,2025-04-11,1404678.4,0
1116,73,2025-12-07,2026-02-05,285862.15,0
1117,73,2026-03-04,2026-05-03,2618363.92,0
1118,73,2026-04-06,2026-06-05,917633.29,0
1119,74,2025-08-23,2025-10-22,859482.54,0
1120,74,2025-10-08,2025-12-07,4025648.87,0
1121,74,2025-11-10,2026-01-09,5520965.51,0
1122,74,2025-04-29,2025-06-28,6073496.83,0
1123,74,2025-07-01,2025-08-30,4088404.83,0
1124,74,2025-01-22,2025-03-23,1236543.61,0
1125,74,2025-10-27,2025-12-26,4899589.55,0
1126,74,2025-10-23,2025-12-22,2580751.51,0
1127,74,2025-06-09,2025-08-08,6188615.42,0
1128,74,2025-10-04,2025-12-03,6776919.52,0
1129,74,2026-07-02,2026-08-31,3577902.25,0
1130,74,2025-12-28,2026-02-26,1728950.66,0
1131,74,2025-01-19,2025-03-20,6429887.58,0
1132,74,2025-12-17,2026-02-15,1626174.9,0
1133,75,2026-03-19,2026-04-18,505137.63,0
1134,75,2026-08-24,2026-09-23,2154199.92,0
1135,75,2026-05-22,2026-06-21,1667091.88,0
1136,75,2025-07-12,2025-08-11,249527.66,0
1137,75,2025-12-13,2026-01-12,1303766.23,0
1138,75,2026-09-01,2026-10-01,1572516.3,0
1139,75,2026-08-31,2026-09-30,587571.97,0
1140,75,2025-12-15,2026-01-14,546567.8,0
1141,75,2025-09-09,2025-10-09,1038868.93,0
1142,75,2026-01-24,2026-02-23,2798158.71,0
1143,75,2026-06-28,2026-07-28,1171290.21,0
1144,75,2026-06-22,2026-07-22,1783440.41,0
1145,75,2025-09-28,2025-10-28,2206076.88,0
1146,75,2025-02-20,2025-03-22,947878.14,0
1147,75,2025-03-23,2025-04-22,2317637.38,0
1148,75,2025-11-01,2025-12-01,497115.44,0
1149,75,2026-03-07,2026-04-06,477996.74,0
1150,76,2026-07-09,2026-07-24,1284101.98,0
1151,76,2025-09-11,2025-09-26,1124856.82,0
1152,76,2025-01-18,2025-02-02,3610020.31,0
1153,76,2026-06-06,2026-06-21,2126953.84,0
1154,76,2025-07-12,2025-07-27,3752977.97,0
1155,76,2026-02-02,2026-02-17,1831819.48,0
1156,76,2025-10-22,2025-11-06,2323905.53,0
1157,77,2026-04-16,2026-04-16,5379428.06,0
1158,77,2026-05-01,2026-05-01,1447670.88,0
1159,77,2026-09-02,2026-09-02,1062075.22,0
1160,77,2026-04-21,2026-04-21,5190313.63,0
1161,77,2026-08-11,2026-08-11,5627823.88,0
1162,77,2026-06-20,2026-06-20,4843966.3,0
1163,77,2026-04-16,2026-04-16,6167686.88,0
1164,77,2026-05-02,2026-05-02,619567.32,0
1165,77,2026-04-20,2026-04-20,3245787.82,0
1166,77,2026-09-16,2026-09-16,5480853.34,0
1167,77,2026-06-23,2026-06-23,2826195.06,0
1168,77,2026-06-06,2026-06-06,2325692.76,0
1169,77,2026-09-14,2026-09-14,2100294.19,0
1170,77,2026-07-07,2026-07-07,4708086.39,0
1171,77,2026-05-03,2026-05-03,5015410.24,0
1172,77,2026-07-22,2026-07-22,6725786.44,0
1173,77,2026-04-30,2026-04-30,5449516.29,0
1174,77,2026-04-14,2026-04-14,4616123.75,0
1175,77,2026-05-25,2026-05-25,609347.32,0
1176,77,2026-09-20,2026-09-20,2340426.0,0
1177,77,2026-06-09,2026-06-09,4886952.2,0
1178,78,2025-03-16,2025-04-15,628368.51,0
1179,78,2025-08-15,2025-09-14,2661678.32,0
1180,78,2025-10-15,2025-11-14,2357661.52,0
1181,78,2025-08-31,2025-09-30,2257676.91,0
1182,78,2025-09-04,2025-10-04,441345.77,0
1183,78,2025-01-07,2025-02-06,3263930.29,0
1184,78,2026-05-31,2026-06-30,2165213.47,0
1185,79,2026-08-09,2026-09-23,368356.48,0
1186,79,2025-02-16,2025-04-02,2643808.73,0
1187,79,2026-04-17,2026-06-01,496080.51,0
1188,79,2026-01-11,2026-02-25,2306817.81,0
1189,79,2025-06-07,2025-07-22,2501334.81,0
1190,79,2025-06-29,2025-08-13,2490206.86,0
1191,79,2025-08-05,2025-09-19,534281.69,0
1192,79,2026-07-23,2026-09-06,3128251.64,0
1193,79,2026-08-23,2026-10-07,3450104.08,0
1194,79,2026-06-30,2026-08-14,2413653.2,0
1195,79,2026-04-05,2026-05-20,1659636.22,0
1196,79,2025-01-21,2025-03-07,928062.88,0
1197,79,2025-04-04,2025-05-19,3099119.18,0
1198,79,2025-04-26,2025-06-10,2092207.51,0
1199,79,2025-05-19,2025-07-03,469061.43,0
1200,79,2026-09-14,2026-10-29,2039745.64,0
1201,79,2026-07-06,2026-08-20,2067287.38,0
1202,79,2025-07-02,2025-08-16,440859.4,0
1203,79,2025-08-14,2025-09-28,2536081.66,0
1204,79,2025-03-24,2025-05-08,2660771.55,0
1205,80,2026-06-02,2026-08-31,10049651.08,0
1206,80,2026-08-04,2026-11-02,1148076.13,0
1207,80,2026-03-28,2026-06-26,3903302.65,0
1208,80,2025-12-19,2026-03-19,1716388.22,0
1209,80,2026-05-31,2026-08-29,3656964.5,0
1210,80,2026-08-13,2026-11-11,8467774.63,0
1211,80,2026-05-27,2026-08-25,1287678.37,0
1212,80,2026-08-20,2026-11-18,4178295.79,0
1213,80,2026-06-20,2026-09-18,3540761.41,0
1214,80,2026-06-17,2026-09-15,3087309.62,0
1215,80,2025-12-25,2026-03-25,8437343.11,0
1216,80,2026-01-13,2026-04-13,3207742.63,0
1217,80,2026-03-29,2026-06-27,8450622.94,1
1218,80,2026-08-14,2026-11-12,8374692.51,0
1219,80,2025-12-02,2026-03-02,1519339.38,0
1220,80,2026-07-10,2026-10-08,9686255.3,0
1221,80,2026-08-24,2026-11-22,2603472.7,0
1222,80,2026-06-11,2026-09-09,9352358.29,0
1223,80,2026-04-21,2026-07-20,3470874.61,0
1224,80,2026-06-23,2026-09-21,6385636.11,0
1225,81,2026-06-26,2026-07-26,1678844.93,0
1226,81,2026-04-19,2026-05-19,3095021.42,0
1227,81,2026-01-18,2026-02-17,2724505.62,0
1228,81,2025-07-11,2025-08-10,1240265.92,0
1229,81,2026-02-26,2026-03-28,2834700.07,0
1230,81,2026-06-28,2026-07-28,1916692.28,0
1231,81,2026-05-28,2026-06-27,1959990.1,0
1232,81,2025-05-18,2025-06-17,1790184.63,0
1233,81,2025-08-10,2025-09-09,968598.96,0
1234,81,2025-09-21,2025-10-21,2178788.98,0
1235,82,2025-05-07,2025-06-06,10210046.65,0
1236,82,2025-07-22,2025-08-21,9381296.9,0
1237,82,2026-09-19,2026-10-19,13681657.37,0
1238,82,2025-12-02,2026-01-01,17362751.29,0
1239,82,2026-06-22,2026-07-22,15769182.33,1
1240,82,2025-07-09,2025-08-08,4839256.86,0
1241,82,2025-12-09,2026-01-08,13958128.26,0
1242,82,2026-01-22,2026-02-21,6841631.35,0
1243,82,2026-09-03,2026-10-03,3415215.13,0
1244,82,2026-09-28,2026-10-28,12381932.05,0
1245,82,2026-09-17,2026-10-17,14173320.57,0
1246,82,2025-03-14,2025-04-13,14436217.8,0
1247,82,2025-04-22,2025-05-22,10127669.25,0
1248,82,2026-02-22,2026-03-24,4615294.83,0
1249,82,2026-09-09,2026-10-09,9593641.42,0
1250,82,2025-02-07,2025-03-09,12626673.31,0
1251,82,2026-02-22,2026-03-24,16550683.59,0
1252,82,2026-02-09,2026-03-11,8358712.37,0
1253,82,2025-04-09,2025-05-09,3364202.35,0
1254,82,2026-01-05,2026-02-04,7749435.83,0
1255,82,2025-01-28,2025-02-27,7680545.94,0
1256,82,2025-08-12,2025-09-11,5564430.7,0
1257,82,2026-05-13,2026-06-12,11522052.63,0
1258,82,2026-06-22,2026-07-22,14802264.6,0
1259,82,2025-11-08,2025-12-08,15841767.97,1
1260,82,2026-06-25,2026-07-25,17262350.37,0
1261,82,2026-06-26,2026-07-26,3683924.37,0
1262,82,2025-05-08,2025-06-07,2354405.42,0
1263,82,2026-01-13,2026-02-12,17391048.02,0
1264,82,2026-04-09,2026-05-09,17370305.57,0
1265,82,2026-03-07,2026-04-06,13766055.9,0
1266,82,2025-10-31,2025-11-30,14784514.97,0
1267,82,2026-04-13,2026-05-13,2934474.93,0
1268,82,2026-08-17,2026-09-16,7645581.44,0
1269,82,2026-05-28,2026-06-27,15697414.55,0
1270,82,2025-06-29,2025-07-29,15748634.84,0
1271,82,2026-03-17,2026-04-16,7967394.78,0
1272,83,2025-02-01,2025-03-03,706258.52,0
1273,83,2026-09-14,2026-10-14,301581.45,0
1274,83,2026-09-09,2026-10-09,961545.61,0
1275,83,2026-07-29,2026-08-28,816731.72,0
1276,83,2025-12-19,2026-01-18,1011619.72,0
1277,83,2025-12-16,2026-01-15,118742.3,0
1278,83,2026-01-03,2026-02-02,612720.41,0
1279,83,2025-12-19,2026-01-18,480647.95,0
1280,83,2026-05-09,2026-06-08,866392.45,0
1281,83,2025-11-18,2025-12-18,638646.74,0
1282,83,2025-07-16,2025-08-15,836129.87,0
1283,83,2025-10-06,2025-11-05,690999.63,0
1284,83,2026-06-11,2026-07-11,506878.22,0
1285,83,2025-03-25,2025-04-24,731582.45,0
1286,83,2025-01-27,2025-02-26,135999.51,0
1287,84,2026-04-05,2026-06-04,3133393.65,0
1288,84,2025-05-14,2025-07-13,2208198.43,0
1289,84,2026-05-01,2026-06-30,3253052.48,0
1290,84,2026-09-09,2026-11-08,513741.15,0
1291,84,2026-07-01,2026-08-30,1140957.05,0
1292,84,2025-04-02,2025-06-01,3299173.41,0
1293,84,2026-02-15,2026-04-16,647882.52,0
1294,84,2025-03-22,2025-05-21,2229366.95,1
1295,84,2025-04-26,2025-06-25,1000387.42,0
1296,84,2026-07-14,2026-09-12,2134994.08,0
1297,84,2025-03-18,2025-05-17,3152481.74,0
1298,84,2026-08-16,2026-10-15,1333672.52,0
1299,84,2026-02-10,2026-04-11,1240852.82,0
1300,84,2026-04-08,2026-06-07,955649.01,0
1301,84,2025-04-21,2025-06-20,3268588.64,0
1302,84,2025-03-18,2025-05-17,344843.26,0
1303,84,2026-08-27,2026-10-26,2015980.79,0
1304,84,2026-03-06,2026-05-05,849182.79,0
1305,84,2026-09-14,2026-11-13,1701379.21,0
1306,84,2026-07-07,2026-09-05,1077694.06,0
1307,84,2025-11-23,2026-01-22,1606960.54,0
1308,84,2026-08-26,2026-10-25,2042714.76,0
1309,84,2026-02-17,2026-04-18,2478384.99,0
1310,84,2025-08-30,2025-10-29,3181000.05,0
1311,84,2025-01-16,2025-03-17,1468276.19,1
1312,85,2025-03-30,2025-04-29,2779906.05,0
1313,85,2025-04-18,2025-05-18,1998073.58,0
1314,85,2025-06-28,2025-07-28,426248.4,0
1315,85,2025-02-10,2025-03-12,1667267.62,0
1316,85,2026-09-16,2026-10-16,1627155.56,0
1317,85,2025-05-10,2025-06-09,2523971.99,0
1318,85,2026-09-12,2026-10-12,2010990.77,0
1319,85,2026-09-05,2026-10-05,2074882.71,0
1320,85,2025-11-02,2025-12-02,2499177.39,0
1321,85,2025-10-18,2025-11-17,1127755.19,0
1322,85,2025-02-06,2025-03-08,2019917.73,0
1323,85,2026-02-04,2026-03-06,1462659.67,0
1324,85,2026-09-23,2026-10-23,1397136.43,0
1325,86,2025-07-20,2025-09-03,1504402.33,0
1326,86,2026-06-21,2026-08-05,241675.84,0
1327,86,2025-01-31,2025-03-17,1938739.49,0
1328,86,2026-09-27,2026-11-11,1089604.94,0
1329,86,2025-06-21,2025-08-05,955768.55,0
1330,86,2026-01-19,2026-03-05,926905.45,0
1331,86,2026-09-19,2026-11-03,993059.52,0
1332,86,2025-05-17,2025-07-01,1989825.51,0
1333,86,2025-07-19,2025-09-02,1638226.15,0
1334,86,2026-02-19,2026-04-05,660919.12,0
1335,87,2025-09-25,2025-11-09,2034922.93,0
1336,87,2026-06-09,2026-07-24,5875702.89,0
1337,87,2025-07-23,2025-09-06,3937872.59,0
1338,87,2025-02-08,2025-03-25,1150465.1,0
1339,87,2025-12-02,2026-01-16,1894702.01,0
1340,87,2025-08-08,2025-09-22,5832248.42,0
1341,87,2025-11-21,2026-01-05,893069.89,0
1342,87,2025-04-22,2025-06-06,2414264.34,0
1343,87,2026-06-26,2026-08-10,6667040.97,0
1344,87,2025-03-03,2025-04-17,4472459.3,0
1345,87,2026-06-11,2026-07-26,3971411.78,0
1346,87,2025-05-21,2025-07-05,6585113.45,0
1347,87,2026-08-21,2026-10-05,3841212.39,0
1348,87,2025-11-02,2025-12-17,6120593.17,0
1349,87,2025-10-14,2025-11-28,4064636.55,0
1350,87,2025-11-21,2026-01-05,5640689.84,0
1351,88,2025-02-10,2025-02-25,349759.83,0
1352,88,2025-08-26,2025-09-10,426235.31,0
1353,88,2025-04-29,2025-05-14,2286238.98,0
1354,88,2025-07-28,2025-08-12,1861549.69,0
1355,88,2025-04-13,2025-04-28,966808.27,0
1356,88,2026-01-31,2026-02-15,1741269.77,0
1357,88,2026-05-27,2026-06-11,2705523.91,0
1358,88,2026-03-10,2026-03-25,1389451.16,0
1359,88,2025-10-27,2025-11-11,1886452.72,0
1360,88,2025-06-21,2025-07-06,2593257.22,0
1361,88,2026-07-11,2026-07-26,2307786.63,0
1362,88,2025-01-08,2025-01-23,1844894.62,0
1363,88,2025-09-26,2025-10-11,1493216.9,0
1364,88,2025-12-20,2026-01-04,302016.99,0
1365,89,2026-03-30,2026-04-14,4228615.94,0
1366,89,2025-01-30,2025-02-14,2013948.52,0
1367,89,2026-09-22,2026-10-07,1477672.78,0
1368,89,2026-03-14,2026-03-29,4287134.22,0
1369,89,2025-08-30,2025-09-14,3105054.71,0
1370,89,2026-08-15,2026-08-30,4557355.1,0
1371,89,2025-10-01,2025-10-16,2455801.9,0
1372,89,2026-02-07,2026-02-22,1841245.41,0
1373,90,2026-09-11,2026-09-26,5879161.88,0
1374,90,2025-06-28,2025-07-13,3416906.88,0
1375,90,2026-09-03,2026-09-18,3598470.49,0
1376,90,2026-05-18,2026-06-02,5130679.36,0
1377,90,2026-06-16,2026-07-01,2155374.06,0
1378,90,2026-02-11,2026-02-26,5266899.77,0
1379,90,2026-07-22,2026-08-06,3729250.75,0
1380,90,2026-03-25,2026-04-09,2835602.7,0
1381,90,2026-01-17,2026-02-01,4871026.59,0
1382,90,2025-02-11,2025-02-26,1892769.24,0
1383,90,2025-03-25,2025-04-09,5813905.46,0
1384,90,2026-08-08,2026-08-23,6350654.31,0
1385,90,2025-01-25,2025-02-09,1191840.38,0
1386,90,2025-07-21,2025-08-05,6434588.43,0
1387,90,2026-08-31,2026-09-15,3799137.55,0
1388,90,2025-06-04,2025-06-19,5283234.75,0
1389,90,2026-04-17,2026-05-02,3224713.68,0
1390,90,2025-04-29,2025-05-14,1321341.34,0
1391,90,2025-05-04,2025-05-19,4552050.96,0
1392,90,2026-03-25,2026-04-09,6567375.43,0
1393,90,2025-02-07,2025-02-22,2479118.23,0
1394,91,2025-12-16,2026-01-15,2301114.86,0
1395,91,2026-05-03,2026-06-02,1345245.67,0
1396,91,2025-11-23,2025-12-23,2609037.46,0
1397,91,2026-03-15,2026-04-14,2207848.8,0
1398,92,2025-05-14,2025-05-29,1956880.71,0
1399,92,2025-06-09,2025-06-24,764131.51,0
1400,92,2025-08-25,2025-09-09,4168181.78,0
1401,92,2026-03-30,2026-04-14,5200582.3,0
1402,92,2025-04-20,2025-05-05,2791298.07,0
1403,92,2025-01-08,2025-01-23,2019756.21,0
1404,92,2026-02-20,2026-03-07,6722170.04,0
1405,92,2026-03-10,2026-03-25,6315472.21,0
1406,92,2026-01-16,2026-01-31,2424279.09,0
1407,92,2025-04-19,2025-05-04,1475898.64,0
1408,92,2025-08-01,2025-08-16,770530.64,0
1409,92,2025-04-13,2025-04-28,3475684.95,0
1410,92,2025-01-14,2025-01-29,3907852.32,0
1411,92,2025-06-01,2025-06-16,4393583.2,0
1412,92,2025-09-10,2025-09-25,944851.71,0
1413,92,2025-10-22,2025-11-06,2911175.25,0
1414,92,2025-07-21,2025-08-05,758656.93,0
1415,93,2025-09-17,2025-11-16,1510205.8,0
1416,93,2025-07-25,2025-09-23,1793824.49,0
1417,93,2025-09-18,2025-11-17,2386126.62,0
1418,93,2025-09-04,2025-11-03,2366574.18,0
1419,93,2025-09-30,2025-11-29,1271639.91,0
1420,93,2025-04-30,2025-06-29,369478.54,0
1421,93,2025-09-16,2025-11-15,335617.89,0
1422,93,2026-07-31,2026-09-29,2178655.31,0
1423,93,2025-10-04,2025-12-03,1709872.26,0
1424,93,2025-09-19,2025-11-18,1803029.51,0
1425,93,2026-09-05,2026-11-04,2343581.86,0
1426,93,2026-05-20,2026-07-19,1875536.88,0
1427,93,2025-05-04,2025-07-03,2322983.18,0
1428,93,2025-04-12,2025-06-11,620006.05,0
1429,93,2026-08-08,2026-10-07,921405.76,0
1430,93,2025-07-07,2025-09-05,779994.67,0
1431,93,2025-10-24,2025-12-23,1732131.68,0
1432,93,2025-05-23,2025-07-22,307345.79,0
1433,93,2026-07-08,2026-09-06,2401282.26,0
1434,93,2025-09-23,2025-11-22,483399.81,0
1435,94,2026-07-17,2026-08-16,3329770.01,0
1436,94,2026-09-12,2026-10-12,1496157.7,0
1437,94,2025-10-04,2025-11-03,497486.35,0
1438,94,2025-10-12,2025-11-11,2994780.04,0
1439,94,2025-07-13,2025-08-12,2746750.56,0
1440,94,2026-01-12,2026-02-11,2832682.52,0
1441,94,2025-09-12,2025-10-12,1782749.0,0
1442,94,2025-06-01,2025-07-01,1154830.29,0
1443,94,2025-07-10,2025-08-09,2828373.11,0
1444,94,2025-10-09,2025-11-08,1860021.72,0
1445,94,2025-11-26,2025-12-26,1366582.12,0
1446,94,2026-05-23,2026-06-22,881520.8,0
1447,94,2026-01-25,2026-02-24,2972277.13,0
1448,94,2026-01-08,2026-02-07,1749791.25,0
1449,94,2025-09-21,2025-10-21,3439924.12,0
1450,94,2025-08-17,2025-09-16,301098.57,0
1451,94,2026-01-08,2026-02-07,2010790.64,0
1452,94,2025-12-31,2026-01-30,1564603.27,0
1453,94,2025-06-19,2025-07-19,1659726.19,0
1454,94,2025-12-21,2026-01-20,1444790.76,0
1455,94,2025-11-06,2025-12-06,2587151.27,0
1456,94,2025-12-21,2026-01-20,440130.76,0
1457,94,2026-03-17,2026-04-16,2795228.33,0
1458,95,2026-03-03,2026-05-02,475982.16,0
1459,95,2025-03-08,2025-05-07,831503.87,0
1460,95,2026-07-14,2026-09-12,609400.15,0
1461,96,2025-08-22,2025-10-21,2255428.78,0
1462,96,2026-04-05,2026-06-04,1320793.87,0
1463,96,2026-06-22,2026-08-21,2736654.88,0
1464,96,2025-12-06,2026-02-04,2003044.2,0
1465,96,2025-12-07,2026-02-05,2297162.98,0
1466,96,2026-09-05,2026-11-04,1999878.73,0
1467,96,2025-12-31,2026-03-01,870775.05,0
1468,96,2026-02-01,2026-04-02,1987881.1,0
1469,96,2026-07-29,2026-09-27,1661412.83,0
1470,97,2026-05-11,2026-06-10,556087.8,0
1471,97,2026-04-01,2026-05-01,864713.82,0
1472,97,2026-08-10,2026-09-09,678854.85,0
1473,97,2026-05-27,2026-06-26,138002.25,0
1474,97,2026-06-02,2026-07-02,920571.24,0
1475,97,2025-11-12,2025-12-12,638361.74,0
1476,97,2026-09-05,2026-10-05,117735.68,0
1477,97,2026-05-06,2026-06-05,337765.0,0
1478,97,2026-04-19,2026-05-19,762574.48,0
1479,97,2026-09-05,2026-10-05,423142.54,0
1480,97,2026-06-03,2026-07-03,243853.58,0
1481,97,2026-06-17,2026-07-17,501054.7,0
1482,97,2026-09-07,2026-10-07,154638.98,0
1483,97,2025-12-08,2026-01-07,259802.41,0
1484,98,2026-06-08,2026-06-23,4146288.84,0
1485,98,2025-11-19,2025-12-04,6667123.2,0
1486,98,2026-01-19,2026-02-03,6223359.69,0
1487,98,2025-04-10,2025-04-25,801187.4,0
1488,98,2025-07-20,2025-08-04,6167170.1,0
1489,98,2026-08-25,2026-09-09,4534570.35,0
1490,98,2025-05-18,2025-06-02,3484800.74,0
1491,98,2025-12-18,2026-01-02,4728415.38,0
1492,98,2026-08-26,2026-09-10,3028844.63,0
1493,98,2025-04-24,2025-05-09,5727655.17,0
1494,98,2025-09-08,2025-09-23,812480.9,0
1495,98,2026-09-02,2026-09-17,3819464.44,0
1496,98,2025-03-05,2025-03-20,828889.08,0
1497,98,2025-06-07,2025-06-22,3894094.18,0
1498,98,2026-05-02,2026-05-17,2810178.42,0
1499,98,2026-02-24,2026-03-11,2274577.68,0
1500,98,2025-04-29,2025-05-14,3640713.2,0
1501,99,2025-05-31,2025-07-30,1613775.03,0
1502,99,2026-08-05,2026-10-04,1722956.09,0
1503,99,2026-06-25,2026-08-24,1557100.71,0
1504,99,2025-04-18,2025-06-17,942056.58,0
1505,99,2025-02-07,2025-04-08,2314172.99,0
1506,99,2025-06-29,2025-08-28,925567.02,0
1507,99,2026-08-30,2026-10-29,1390797.98,0
1508,99,2025-06-04,2025-08-03,2738011.93,0
1509,99,2026-02-06,2026-04-07,2595073.58,0
1510,99,2025-02-20,2025-04-21,2061928.15,0
1511,99,2025-02-15,2025-04-16,2329508.69,1
1512,100,2026-04-18,2026-04-18,2533058.5,0
1513,100,2026-07-26,2026-07-26,4863841.79,0
1514,100,2026-07-15,2026-07-15,851334.74,0
1515,100,2025-08-29,2025-08-29,4759157.13,0
1516,100,2025-03-29,2025-03-29,3280236.64,0
1517,100,2026-07-18,2026-07-18,3529269.72,0
1518,101,2026-03-25,2026-04-24,2969091.66,0
1519,101,2026-02-04,2026-03-06,1650661.76,0
1520,101,2025-04-03,2025-05-03,2553054.9,0
1521,101,2026-08-29,2026-09-28,1160366.6,0
1522,101,2025-07-19,2025-08-18,1675668.82,0
1523,101,2026-09-29,2026-10-29,1596820.53,0
1524,101,2026-04-16,2026-05-16,2811717.25,0
1525,101,2025-05-02,2025-06-01,1811930.96,0
1526,101,2026-09-22,2026-10-22,532473.12,0
1527,101,2026-01-07,2026-02-06,1751309.75,0
1528,101,2026-09-01,2026-10-01,1057592.16,0
1529,101,2026-01-03,2026-02-02,1754566.81,0
1530,101,2025-07-11,2025-08-10,1516449.36,0
1531,101,2026-08-09,2026-09-08,1479340.07,0
1532,102,2025-05-01,2025-05-01,2660739.09,0
1533,102,2026-09-09,2026-09-09,1337415.46,0
1534,102,2026-07-19,2026-07-19,1144336.45,0
1535,102,2025-06-16,2025-06-16,1126383.72,0
1536,102,2026-04-06,2026-04-06,706293.93,0
1537,102,2025-05-16,2025-05-16,955131.8,0
1538,102,2025-02-16,2025-02-16,1981010.14,0
1539,102,2026-01-11,2026-01-11,2835335.82,1
1540,102,2026-08-12,2026-08-12,536696.72,0
1541,102,2026-02-24,2026-02-24,1770523.13,0
1542,102,2025-07-01,2025-07-01,2864873.68,0
1543,102,2025-10-14,2025-10-14,474272.96,0
1544,102,2025-09-26,2025-09-26,3891968.45,0
1545,102,2026-02-03,2026-02-03,4969668.06,0
1546,102,2025-03-02,2025-03-02,889040.75,0
1547,102,2026-04-20,2026-04-20,4702361.18,0
1548,102,2025-02-14,2025-02-14,4020567.24,0
1549,103,2026-03-17,2026-05-01,659902.5,0
1550,103,2025-03-30,2025-05-14,932166.3,0
1551,103,2025-05-25,2025-07-09,855550.81,0
1552,103,2025-08-07,2025-09-21,920596.33,0
1553,103,2026-02-28,2026-04-14,892879.08,0
1554,103,2026-06-12,2026-07-27,978667.65,0
1555,103,2026-07-06,2026-08-20,169336.76,0
1556,103,2025-03-14,2025-04-28,124100.81,0
1557,103,2026-09-18,2026-11-02,477150.42,0
1558,103,2025-08-07,2025-09-21,1021987.39,0
1559,104,2026-01-27,2026-03-13,3247639.49,0
1560,104,2026-02-20,2026-04-06,3228014.4,0
1561,104,2025-02-21,2025-04-07,1559115.35,0
1562,104,2026-02-11,2026-03-28,810258.44,0
1563,104,2026-05-21,2026-07-05,2312620.99,0
1564,104,2025-03-27,2025-05-11,3489700.49,0
1565,104,2025-05-26,2025-07-10,1351308.67,0
1566,104,2025-02-25,2025-04-11,2497560.37,0
1567,104,2025-11-19,2026-01-03,2916232.44,0
1568,105,2025-11-18,2025-11-18,1405893.72,0
1569,105,2025-04-24,2025-04-24,689616.96,0
1570,105,2025-12-22,2025-12-22,1696579.86,0
1571,105,2025-02-02,2025-02-02,850898.7,0
1572,105,2026-03-30,2026-03-30,1276695.16,0
1573,106,2025-01-13,2025-03-14,475221.5,0
1574,106,2025-05-10,2025-07-09,1650300.29,0
1575,106,2025-03-07,2025-05-06,265213.84,0
1576,106,2025-08-15,2025-10-14,1734777.04,0
1577,106,2025-09-07,2025-11-06,1604884.1,0
1578,106,2026-02-02,2026-04-03,263058.69,0
1579,106,2026-02-12,2026-04-13,1063908.74,0
1580,106,2025-03-17,2025-05-16,1024776.51,0
1581,106,2026-05-06,2026-07-05,951526.14,0
1582,106,2025-08-12,2025-10-11,1209539.77,0
1583,106,2025-08-19,2025-10-18,182817.91,0
1584,106,2025-06-10,2025-08-09,684678.84,1
1585,106,2025-06-14,2025-08-13,1162612.97,0
1586,106,2026-02-05,2026-04-06,443831.83,0
1587,106,2025-03-04,2025-05-03,1154378.14,0
1588,106,2025-12-05,2026-02-03,1519618.35,0
1589,106,2025-02-10,2025-04-11,1179041.66,0
1590,106,2026-07-08,2026-09-06,1039257.38,0
1591,106,2025-04-30,2025-06-29,291418.0,0
1592,106,2025-12-09,2026-02-07,1682300.44,0
1593,106,2026-07-31,2026-09-29,1040373.68,0
1594,106,2026-08-31,2026-10-30,1329114.63,0
1595,106,2025-11-16,2026-01-15,417979.35,0
1596,106,2025-01-09,2025-03-10,1565590.87,0
1597,106,2025-03-21,2025-05-20,559335.21,0
1598,107,2026-08-09,2026-09-08,159790.72,0
1599,107,2025-07-17,2025-08-16,258040.27,0
1600,107,2025-01-27,2025-02-26,1248232.73,0
1601,107,2026-06-22,2026-07-22,848448.76,0
1602,107,2026-08-28,2026-09-27,1349399.45,0
1603,107,2026-05-19,2026-06-18,417967.03,0
1604,107,2026-01-05,2026-02-04,1617468.56,0
1605,107,2025-09-01,2025-10-01,257469.98,0
1606,107,2025-07-18,2025-08-17,1435929.32,0
1607,107,2025-03-18,2025-04-17,1201770.45,0
1608,107,2025-07-23,2025-08-22,1031919.74,0
1609,107,2025-09-14,2025-10-14,366432.45,0
1610,107,2025-08-27,2025-09-26,1319827.63,0
1611,107,2025-03-31,2025-04-30,824336.29,0
1612,107,2025-06-01,2025-07-01,1327150.86,0
1613,107,2025-03-15,2025-04-14,593197.15,0
1614,107,2026-01-25,2026-02-24,1510778.38,0
1615,108,2025-12-19,2026-01-18,2588791.44,0
1616,108,2026-03-27,2026-04-26,1762137.78,0
1617,108,2025-04-09,2025-05-09,2255536.78,0
1618,108,2025-04-02,2025-05-02,1630273.84,0
1619,108,2026-04-26,2026-05-26,1255321.51,0
1620,108,2025-08-12,2025-09-11,681861.23,0
1621,108,2026-07-09,2026-08-08,2927769.48,0
1622,108,2025-06-16,2025-07-16,782674.45,0
1623,108,2025-02-27,2025-03-29,1474055.97,0
1624,108,2026-02-07,2026-03-09,1773614.64,0
1625,108,2026-01-28,2026-02-27,1048377.22,0
1626,108,2026-01-06,2026-02-05,493422.59,0
1627,108,2025-09-18,2025-10-18,1261609.9,0
1628,108,2026-02-05,2026-03-07,3435029.01,0
1629,109,2025-05-21,2025-05-21,4864248.73,0
1630,109,2025-04-14,2025-04-14,3710053.45,0
1631,109,2026-07-01,2026-07-01,3977770.52,0
1632,109,2026-02-22,2026-02-22,1158090.76,0
1633,109,2025-03-28,2025-03-28,3608472.01,0
1634,109,2025-05-18,2025-05-18,3906794.03,0
1635,109,2025-07-11,2025-07-11,4717024.45,0
1636,109,2025-02-05,2025-02-05,4332800.7,0
1637,109,2025-01-29,2025-01-29,2244537.84,0
1638,109,2026-08-01,2026-08-01,3690669.65,0
1639,110,2025-03-07,2025-04-21,1678905.66,0
1640,110,2025-01-09,2025-02-23,2132596.88,0
1641,110,2025-11-10,2025-12-25,1925745.82,0
1642,110,2026-01-16,2026-03-02,2142293.06,0
1643,110,2025-09-03,2025-10-18,343347.97,0
1644,110,2025-05-02,2025-06-16,1150224.28,0
1645,110,2025-09-29,2025-11-13,2382128.49,0
1646,110,2025-11-05,2025-12-20,2785604.96,0
1647,110,2026-04-09,2026-05-24,2113027.99,0
1648,110,2025-01-19,2025-03-05,395960.56,0
1649,110,2026-06-28,2026-08-12,2930245.24,0
1650,110,2025-04-05,2025-05-20,3231680.77,0
1651,110,2025-10-14,2025-11-28,2665198.01,0
1652,110,2026-05-26,2026-07-10,455550.17,0
1653,110,2025-01-26,2025-03-12,2512803.14,0
1654,110,2026-04-19,2026-06-03,1749492.31,0
1655,110,2025-07-12,2025-08-26,923933.45,1
1656,110,2025-10-13,2025-11-27,3215285.56,0
1657,110,2026-03-26,2026-05-10,3283772.89,0
1658,110,2026-06-16,2026-07-31,2406512.95,0
1659,111,2025-07-19,2025-08-03,205118.49,0
1660,111,2025-05-07,2025-05-22,828469.81,0
1661,111,2025-06-18,2025-07-03,962095.79,0
1662,111,2025-12-26,2026-01-10,770819.81,0
1663,111,2025-12-19,2026-01-03,212707.7,0
1664,111,2025-08-07,2025-08-22,963162.81,0
1665,111,2026-09-23,2026-10-08,272499.95,0
1666,111,2026-09-15,2026-09-30,257334.08,0
1667,111,2025-08-16,2025-08-31,840584.35,0
1668,111,2026-06-04,2026-06-19,426007.75,0
1669,111,2026-06-08,2026-06-23,269940.05,0
1670,111,2026-06-02,2026-06-17,864648.75,0
1671,111,2026-07-21,2026-08-05,303370.92,0
1672,111,2025-07-07,2025-07-22,767843.5,0
1673,112,2025-07-08,2025-08-22,6973138.19,0
1674,112,2026-09-25,2026-11-09,27818311.31,0
1675,112,2026-02-03,2026-03-20,8601425.14,0
1676,112,2025-09-08,2025-10-23,4106728.91,0
1677,112,2025-04-18,2025-06-02,23588432.74,1
1678,112,2025-11-19,2026-01-03,8265348.6,0
1679,112,2026-07-30,2026-09-13,10693347.01,1
1680,112,2025-03-15,2025-04-29,8025639.49,0
1681,112,2025-08-23,2025-10-07,17015310.64,0
1682,112,2025-11-18,2026-01-02,21100737.82,0
1683,112,2025-03-10,2025-04-24,11828158.4,0
1684,112,2026-08-03,2026-09-17,22020534.5,0
1685,112,2026-08-14,2026-09-28,20854950.98,0
1686,112,2025-08-05,2025-09-19,17527926.12,0
1687,112,2026-03-22,2026-05-06,27395696.67,0
1688,112,2025-04-02,2025-05-17,6231581.17,0
1689,112,2026-09-28,2026-11-12,12730461.97,0
1690,112,2026-04-10,2026-05-25,12793176.09,0
1691,112,2026-05-11,2026-06-25,8321899.62,0
1692,113,2026-07-12,2026-10-10,19741693.31,0
1693,113,2026-08-09,2026-11-07,38164194.18,0
1694,113,2025-11-13,2026-02-11,11395787.46,0
1695,113,2026-06-09,2026-09-07,29409158.06,0
1696,113,2025-05-08,2025-08-06,9157697.88,0
1697,113,2026-07-31,2026-10-29,28179220.81,0
1698,113,2025-10-18,2026-01-16,22029616.93,0
1699,113,2025-11-13,2026-02-11,24518612.1,0
1700,113,2026-04-04,2026-07-03,26374496.97,0
1701,113,2025-12-22,2026-03-22,19982607.85,0
1702,113,2025-01-24,2025-04-24,19217512.11,0
1703,113,2026-04-21,2026-07-20,20548970.05,0
1704,113,2025-05-21,2025-08-19,25461494.84,0
1705,113,2025-01-09,2025-04-09,10483056.27,0
1706,113,2026-02-28,2026-05-29,29497772.09,0
1707,113,2026-06-22,2026-09-20,27437373.12,0
1708,113,2026-02-07,2026-05-08,16989348.2,0
1709,113,2025-10-27,2026-01-25,32220635.1,0
1710,113,2025-11-09,2026-02-07,27100289.76,0
1711,113,2025-09-22,2025-12-21,14190257.14,0
1712,113,2026-02-24,2026-05-25,13729703.24,0
1713,113,2025-02-18,2025-05-19,26383525.47,0
1714,113,2025-08-12,2025-11-10,41551763.41,0
1715,113,2025-10-04,2026-01-02,7430744.15,0
1716,113,2026-08-08,2026-11-06,20708853.47,0
1717,113,2025-02-14,2025-05-15,21990919.11,0
1718,113,2025-10-21,2026-01-19,27803414.64,0
1719,113,2025-05-09,2025-08-07,5032026.46,1
1720,113,2025-11-06,2026-02-04,14280486.36,0
1721,114,2025-12-31,2025-12-31,192370.64,0
1722,114,2025-12-31,2025-12-31,597614.41,0
1723,114,2026-04-28,2026-04-28,1015288.67,0
1724,114,2025-03-12,2025-03-12,340647.8,0
1725,114,2025-12-02,2025-12-02,470686.82,0
1726,115,2025-09-01,2025-10-01,3257228.06,0
1727,115,2026-01-12,2026-02-11,12808383.22,0
1728,115,2026-09-14,2026-10-14,21381158.77,0
1729,115,2026-05-26,2026-06-25,22404632.34,0
1730,115,2026-03-03,2026-04-02,20595343.92,0
1731,115,2025-06-06,2025-07-06,6316560.34,0
1732,115,2025-06-20,2025-07-20,14324894.96,0
1733,115,2026-04-26,2026-05-26,26649579.06,0
1734,115,2025-10-18,2025-11-17,13880465.46,0
1735,115,2025-09-26,2025-10-26,7493640.37,0
1736,115,2025-08-31,2025-09-30,10852839.93,0
1737,115,2025-04-26,2025-05-26,8280878.64,0
1738,115,2026-04-24,2026-05-24,26280055.77,1
1739,115,2026-06-27,2026-07-27,6035057.98,0
1740,115,2026-03-04,2026-04-03,8777560.6,0
1741,115,2025-10-10,2025-11-09,25702020.69,0
1742,115,2026-08-28,2026-09-27,6768059.39,0
1743,115,2026-02-13,2026-03-15,14136388.22,0
1744,115,2025-05-02,2025-06-01,4726194.66,0
1745,115,2026-05-03,2026-06-02,3897336.09,0
1746,116,2026-05-23,2026-06-22,1327567.76,0
1747,116,2025-09-28,2025-10-28,460148.61,0
1748,116,2026-03-28,2026-04-27,793075.72,0
1749,116,2025-06-09,2025-07-09,1313305.27,0
1750,116,2025-12-18,2026-01-17,1532887.64,0
1751,116,2025-09-11,2025-10-11,1853496.92,0
1752,116,2025-03-20,2025-04-19,2842173.32,0
1753,116,2026-06-10,2026-07-10,434283.62,0
1754,116,2026-09-21,2026-10-21,459989.18,0
1755,116,2025-02-20,2025-03-22,3061452.36,0
1756,116,2025-08-19,2025-09-18,2214445.55,0
1757,116,2026-09-05,2026-10-05,1318686.19,0
1758,116,2025-06-26,2025-07-26,861609.25,0
1759,116,2025-07-06,2025-08-05,823359.28,0
1760,116,2026-01-20,2026-02-19,863672.22,0
1761,116,2025-07-16,2025-08-15,3208069.21,0
1762,116,2026-03-30,2026-04-29,3107069.08,0
1763,116,2025-12-05,2026-01-04,337579.42,0
1764,116,2026-01-19,2026-02-18,2264318.94,0
1765,116,2025-07-14,2025-08-13,2821673.15,0
1766,117,2026-05-24,2026-07-08,12553783.97,0
1767,117,2026-05-09,2026-06-23,25381967.11,1
1768,117,2026-02-27,2026-04-13,37615574.57,0
1769,117,2026-03-13,2026-04-27,4666635.32,0
1770,117,2026-04-30,2026-06-14,39083925.21,0
1771,117,2026-03-17,2026-05-01,26310235.5,0
1772,117,2026-07-28,2026-09-11,31255739.54,0
1773,117,2026-08-11,2026-09-25,14991704.65,0
1774,117,2026-02-26,2026-04-12,16472620.77,0
1775,117,2026-06-28,2026-08-12,16642269.54,0
1776,117,2026-02-18,2026-04-04,14068276.0,0
1777,117,2026-03-19,2026-05-03,6066521.88,0
1778,117,2026-02-26,2026-04-12,17889146.73,0
1779,117,2026-08-08,2026-09-22,17903595.98,0
1780,117,2026-09-23,2026-11-07,3923946.22,0
1781,117,2026-03-07,2026-04-21,23984190.65,0
1782,117,2026-09-09,2026-10-24,35733894.45,1
1783,117,2026-08-29,2026-10-13,18509457.83,0
1784,117,2026-06-15,2026-07-30,38757745.15,0
1785,117,2026-08-24,2026-10-08,31891159.9,0
1786,117,2026-05-20,2026-07-04,14419928.73,0
1787,117,2026-03-12,2026-04-26,11960122.57,0
1788,117,2026-05-29,2026-07-13,34652671.38,0
1789,117,2026-03-20,2026-05-04,27090594.65,0
1790,117,2026-08-13,2026-09-27,22246945.94,0
1791,117,2026-08-05,2026-09-19,36848298.2,0
1792,117,2026-09-06,2026-10-21,32797494.05,0
1793,117,2026-07-04,2026-08-18,30121140.15,0
1794,118,2026-03-09,2026-04-23,8057141.43,0
1795,118,2025-07-18,2025-09-01,10203549.19,0
1796,118,2025-02-17,2025-04-03,6726199.37,0
1797,118,2025-12-30,2026-02-13,10350411.62,0
1798,118,2025-06-25,2025-08-09,12059756.13,0
1799,118,2025-06-17,2025-08-01,14662159.26,0
1800,118,2025-07-01,2025-08-15,15001383.01,0
1801,118,2025-07-28,2025-09-11,4931842.54,0
1802,118,2025-12-11,2026-01-25,11659995.81,0
1803,118,2025-07-01,2025-08-15,7862390.33,0
1804,118,2025-04-22,2025-06-06,1513127.68,0
1805,118,2026-09-16,2026-10-31,3937672.98,0
1806,118,2026-06-05,2026-07-20,13197437.04,0
1807,118,2026-06-26,2026-08-10,9129931.49,0
1808,118,2025-01-21,2025-03-07,7996969.93,0
1809,118,2026-07-06,2026-08-20,9862346.78,0
1810,118,2025-03-18,2025-05-02,11438718.57,0
1811,118,2025-04-24,2025-06-08,7137492.65,0
1812,118,2025-09-10,2025-10-25,10156284.53,0
1813,118,2025-06-04,2025-07-19,12723923.25,0
1814,118,2026-07-01,2026-08-15,7651555.39,0
1815,118,2025-07-29,2025-09-12,6428766.32,0
1816,118,2025-12-18,2026-02-01,6718404.68,0
1817,118,2026-09-15,2026-10-30,1859597.02,0
1818,118,2026-05-02,2026-06-16,3783510.18,0
1819,118,2026-08-11,2026-09-25,11399774.24,0
1820,118,2026-07-30,2026-09-13,1561555.81,0
1821,118,2026-09-25,2026-11-09,15109731.62,0
1822,118,2025-10-10,2025-11-24,2704287.52,0
1823,118,2026-04-19,2026-06-03,5380509.89,0
1824,118,2025-07-31,2025-09-14,7878687.95,0
1825,118,2026-07-01,2026-08-15,1947270.07,0
1826,119,2025-03-04,2025-04-03,4294202.28,0
1827,119,2025-08-15,2025-09-14,3620919.1,0
1828,119,2025-02-12,2025-03-14,16267392.68,0
1829,119,2025-09-26,2025-10-26,35602850.2,0
1830,119,2025-08-31,2025-09-30,4159445.33,0
1831,119,2026-02-17,2026-03-19,7509984.57,0
1832,119,2025-07-28,2025-08-27,4263835.98,0
1833,119,2025-07-16,2025-08-15,35297972.04,0
1834,119,2025-10-29,2025-11-28,20188539.06,0
1835,119,2025-05-02,2025-06-01,23983468.57,0
1836,119,2025-02-01,2025-03-03,7939145.46,0
1837,119,2025-10-30,2025-11-29,15235818.09,0
1838,119,2025-02-14,2025-03-16,18706354.95,0
1839,119,2026-01-19,2026-02-18,9929652.01,0
1840,119,2025-05-10,2025-06-09,8086239.43,0
1841,119,2026-03-12,2026-04-11,33095746.76,0
1842,119,2025-01-09,2025-02-08,16340552.4,0
1843,119,2026-05-26,2026-06-25,15400442.07,0
1844,119,2025-11-30,2025-12-30,17898832.11,0
1845,119,2026-07-02,2026-08-01,12248608.11,1
1846,119,2025-03-25,2025-04-24,40826847.59,0
1847,119,2025-06-20,2025-07-20,30538244.48,0
1848,119,2025-07-09,2025-08-08,39945786.41,0
1849,119,2026-04-20,2026-05-20,22594693.61,0
1850,119,2026-07-24,2026-08-23,15925824.66,0
1851,119,2026-07-22,2026-08-21,16069402.08,0
1852,119,2025-11-17,2025-12-17,7493880.96,0
1853,120,2026-08-19,2026-10-18,493718.31,0
1854,120,2026-09-12,2026-11-11,1339359.84,0
1855,120,2026-04-06,2026-06-05,1483226.93,0
1856,120,2026-07-04,2026-09-02,469102.08,0
1857,120,2026-08-10,2026-10-09,475079.25,0
1858,120,2026-05-04,2026-07-03,462377.16,0
1859,120,2026-03-26,2026-05-25,1251409.34,0
1860,120,2026-03-18,2026-05-17,970767.77,0
1861,120,2026-07-29,2026-09-27,259307.81,0
1862,120,2026-08-31,2026-10-30,250151.8,0
1863,120,2026-06-30,2026-08-29,1256415.2,0
1864,120,2026-09-25,2026-11-24,968972.6,0
1865,120,2026-07-31,2026-09-29,1531563.19,0
1866,120,2026-05-19,2026-07-18,1540970.45,0
1867,121,2026-07-10,2026-07-10,1707567.0,0
1868,121,2026-08-18,2026-08-18,4243423.75,0
1869,121,2026-04-19,2026-04-19,681476.23,0
1870,121,2026-09-18,2026-09-18,857925.03,0
1871,121,2026-09-07,2026-09-07,2955922.66,0
1872,121,2026-05-31,2026-05-31,3983388.3,0
1873,121,2026-09-09,2026-09-09,3402346.36,0
1874,121,2026-06-24,2026-06-24,4404649.04,0
1875,121,2026-06-19,2026-06-19,4070321.86,0
1876,121,2026-04-09,2026-04-09,2567315.44,0
1877,121,2026-09-07,2026-09-07,4509496.08,0
1878,121,2026-08-07,2026-08-07,1350150.87,0
1879,121,2026-07-18,2026-07-18,519065.81,0
1880,121,2026-04-16,2026-04-16,4241556.3,0
1881,121,2026-05-01,2026-05-01,2960746.98,0
1882,121,2026-05-14,2026-05-14,2985182.96,0
1883,121,2026-04-11,2026-04-11,3224986.81,0
1884,121,2026-03-27,2026-03-27,3991864.79,0
1885,121,2026-09-22,2026-09-22,3199721.53,0
1886,121,2026-08-16,2026-08-16,675571.57,0
1887,121,2026-07-08,2026-07-08,3258965.36,0
1888,121,2026-07-29,2026-07-29,3034613.0,0
1889,121,2026-03-25,2026-03-25,4140250.57,0
1890,121,2026-04-11,2026-04-11,500089.12,0
1891,122,2026-01-31,2026-02-15,877594.9,0
1892,122,2025-04-14,2025-04-29,454637.62,0
1893,122,2025-05-18,2025-06-02,894786.4,0
1894,122,2025-12-18,2026-01-02,967548.09,0
1895,122,2025-09-19,2025-10-04,336167.76,0
1896,122,2026-04-18,2026-05-03,1010543.65,0
1897,123,2026-01-18,2026-04-18,16913352.98,0
1898,123,2025-01-09,2025-04-09,5724940.2,0
1899,123,2026-06-06,2026-09-04,15457799.69,0
1900,123,2025-08-24,2025-11-22,10971642.77,0
1901,123,2026-08-12,2026-11-10,14256604.44,0
1902,123,2026-09-14,2026-12-13,11527138.83,0
1903,123,2025-01-04,2025-04-04,10614684.84,0
1904,123,2025-10-04,2026-01-02,15438700.24,0
1905,123,2025-08-31,2025-11-29,14798530.44,0
1906,123,2026-04-10,2026-07-09,5754112.83,0
1907,123,2026-07-21,2026-10-19,16857688.61,0
1908,123,2025-10-05,2026-01-03,13910554.61,0
1909,123,2025-03-08,2025-06-06,9616114.08,0
1910,123,2025-08-28,2025-11-26,4931184.94,0
1911,123,2025-09-15,2025-12-14,3008689.43,0
1912,123,2025-07-17,2025-10-15,9702417.35,0
1913,123,2026-07-13,2026-10-11,3543460.65,0
1914,123,2025-02-10,2025-05-11,16281275.18,0
1915,123,2025-08-27,2025-11-25,15811018.83,0
1916,123,2025-10-14,2026-01-12,2560556.06,0
1917,123,2025-10-06,2026-01-04,3095276.54,0
1918,123,2025-03-19,2025-06-17,2451955.75,0
1919,123,2025-05-28,2025-08-26,3807174.18,0
1920,123,2025-06-04,2025-09-02,13410540.87,0
1921,123,2025-07-29,2025-10-27,4433315.89,0
1922,123,2025-01-15,2025-04-15,5740235.67,0
1923,123,2026-03-06,2026-06-04,3094860.45,0
1924,123,2025-04-12,2025-07-11,12500676.32,0
1925,123,2026-02-13,2026-05-14,8678413.0,0
1926,123,2025-12-10,2026-03-10,13970924.71,0
1927,123,2025-05-19,2025-08-17,2621255.11,0
1928,123,2025-04-09,2025-07-08,9418925.2,0
1929,123,2025-01-13,2025-04-13,1915949.8,0
1930,123,2026-04-08,2026-07-07,4246642.85,0
1931,123,2026-08-03,2026-11-01,2160103.17,0
1932,124,2025-10-24,2025-12-23,4626666.14,0
1933,124,2025-07-12,2025-09-10,5244209.34,0
1934,124,2025-05-19,2025-07-18,2632983.19,0
1935,124,2025-07-29,2025-09-27,4410252.29,0
1936,124,2025-07-28,2025-09-26,895646.26,0
1937,124,2026-08-25,2026-10-24,3271023.14,0
1938,124,2026-09-07,2026-11-06,3638730.98,1
1939,124,2025-10-02,2025-12-01,1914436.37,0
1940,124,2025-08-16,2025-10-15,2253972.59,0
1941,125,2025-05-18,2025-06-02,1165114.85,0
1942,125,2025-12-26,2026-01-10,658229.62,0
1943,125,2026-07-04,2026-07-19,2160614.99,0
1944,125,2026-02-19,2026-03-06,3478776.71,0
1945,125,2026-07-24,2026-08-08,1669471.62,0
1946,125,2025-05-10,2025-05-25,984460.51,0
1947,125,2025-09-23,2025-10-08,375633.94,0
1948,125,2025-04-01,2025-04-16,3425506.2,0
1949,125,2026-03-24,2026-04-08,1262481.71,0
1950,125,2026-06-26,2026-07-11,3286527.89,0
1951,125,2025-05-11,2025-05-26,2967538.31,0
1952,125,2025-10-03,2025-10-18,1931556.83,0
1953,125,2026-06-25,2026-07-10,1612698.97,0
1954,125,2025-01-10,2025-01-25,838152.12,0
1955,125,2025-01-15,2025-01-30,1449694.77,0
1956,125,2025-01-03,2025-01-18,495070.41,1
1957,125,2026-06-16,2026-07-01,1506090.77,0
1958,125,2026-09-19,2026-10-04,315453.6,0
1959,125,2025-04-03,2025-04-18,688217.86,0
1960,125,2026-01-29,2026-02-13,2116695.71,0
1961,126,2025-12-11,2025-12-11,1008516.02,0
1962,126,2026-05-07,2026-05-07,2799935.84,0
1963,126,2025-08-13,2025-08-13,877545.4,0
1964,126,2025-04-09,2025-04-09,1579881.91,0
1965,126,2026-01-14,2026-01-14,2017415.38,0
1966,126,2025-01-19,2025-01-19,724128.18,0
1967,126,2026-01-07,2026-01-07,760840.42,0
1968,126,2026-08-12,2026-08-12,1794456.47,0
1969,126,2025-10-07,2025-10-07,2449869.28,0
1970,126,2025-03-01,2025-03-01,1649373.31,0
1971,126,2025-04-04,2025-04-04,2003118.93,0
1972,126,2026-04-03,2026-04-03,1766946.58,0
1973,126,2026-06-28,2026-06-28,1127425.58,0
1974,126,2025-05-20,2025-05-20,1436976.61,0
1975,126,2025-08-16,2025-08-16,1121768.47,0
1976,126,2026-07-19,2026-07-19,2035121.92,0
1977,126,2025-01-19,2025-01-19,974373.62,0
1978,126,2025-03-04,2025-03-04,1429499.56,0
1979,126,2025-03-30,2025-03-30,315839.27,0
1980,126,2025-05-11,2025-05-11,1693563.67,0
1981,126,2025-09-28,2025-09-28,2663049.98,0
1982,126,2025-09-22,2025-09-22,1038864.79,0
1983,126,2026-03-27,2026-03-27,1312542.51,0
1984,126,2025-01-26,2025-01-26,514101.57,0
1985,126,2025-07-29,2025-07-29,2707939.52,0
1986,127,2026-09-29,2026-09-29,1556913.69,0
1987,127,2025-10-28,2025-10-28,907287.97,0
1988,127,2025-08-01,2025-08-01,728569.0,0
1989,127,2026-05-10,2026-05-10,1739474.75,0
1990,128,2025-04-24,2025-06-08,6260886.78,0
1991,128,2025-06-17,2025-08-01,11537080.43,0
1992,128,2025-10-11,2025-11-25,22906364.11,0
1993,128,2025-07-20,2025-09-03,16395570.67,0
1994,128,2026-03-16,2026-04-30,8377644.22,0
1995,128,2025-07-03,2025-08-17,20934800.73,0
1996,128,2026-07-04,2026-08-18,2993897.06,0
1997,128,2025-04-14,2025-05-29,27819860.66,0
1998,128,2025-11-15,2025-12-30,7419477.02,0
1999,128,2026-02-16,2026-04-02,3704517.23,0
2000,128,2025-09-03,2025-10-18,15114784.27,0
2001,128,2025-07-27,2025-09-10,6576784.91,0
2002,128,2026-07-18,2026-09-01,23598642.27,0
2003,128,2025-01-14,2025-02-28,7772329.01,0
2004,128,2025-04-20,2025-06-04,21605438.75,0
2005,128,2025-02-16,2025-04-02,22385261.68,0
2006,128,2025-06-09,2025-07-24,21870326.23,0
2007,128,2026-06-04,2026-07-19,9014285.11,0
2008,128,2026-04-23,2026-06-07,23429775.53,0
2009,128,2026-03-25,2026-05-09,11122588.58,0
2010,128,2026-04-29,2026-06-13,26019173.84,0
2011,128,2025-05-21,2025-07-05,22352374.36,0
2012,128,2025-01-29,2025-03-15,16544635.14,0
2013,128,2025-07-27,2025-09-10,19727260.32,0
2014,129,2025-08-21,2025-09-20,429018.82,0
2015,129,2025-10-21,2025-11-20,2050495.62,0
2016,129,2025-12-27,2026-01-26,1789670.68,0
2017,129,2025-07-18,2025-08-17,2854888.17,0
2018,129,2025-06-16,2025-07-16,3404889.2,0
2019,129,2026-01-27,2026-02-26,2064755.31,0
2020,129,2025-01-21,2025-02-20,1544587.35,0
2021,129,2026-08-15,2026-09-14,3019054.29,0
2022,129,2025-05-26,2025-06-25,586216.6,0
2023,130,2026-06-20,2026-07-05,5507800.02,0
2024,130,2025-04-26,2025-05-11,4568017.79,0
2025,130,2025-08-14,2025-08-29,750944.57,0
2026,130,2025-03-18,2025-04-02,5809903.53,0
2027,130,2026-05-03,2026-05-18,5206048.98,0
2028,130,2025-10-25,2025-11-09,3187391.22,0
2029,131,2026-05-26,2026-06-10,329191.11,0
2030,131,2026-08-23,2026-09-07,563832.32,0
2031,131,2026-07-20,2026-08-04,275654.42,0
2032,131,2026-07-14,2026-07-29,553074.18,0
2033,131,2026-01-17,2026-02-01,549649.19,0
2034,131,2025-06-08,2025-06-23,300883.55,0
2035,131,2026-01-28,2026-02-12,72070.9,0
2036,131,2026-01-14,2026-01-29,553889.2,0
2037,131,2025-01-28,2025-02-12,354843.24,0
2038,131,2026-01-29,2026-02-13,575525.74,0
2039,131,2025-03-04,2025-03-19,198568.34,0
2040,131,2025-01-17,2025-02-01,556842.68,0
2041,131,2026-04-16,2026-05-01,489900.12,0
2042,131,2025-09-23,2025-10-08,553169.8,0
2043,131,2026-06-13,2026-06-28,593699.51,0
2044,132,2025-12-13,2025-12-28,483193.31,0
2045,132,2025-05-09,2025-05-24,498620.97,0
2046,132,2026-09-14,2026-09-29,233389.16,0
2047,132,2026-02-07,2026-02-22,1096114.85,0
2048,132,2025-12-22,2026-01-06,1411130.83,0
2049,132,2026-03-05,2026-03-20,1337525.93,0
2050,133,2026-04-20,2026-05-20,949698.33,0
2051,133,2025-07-05,2025-08-04,912971.0,0
2052,133,2025-07-31,2025-08-30,438419.81,0
2053,133,2025-03-18,2025-04-17,1487466.58,0
2054,133,2026-09-14,2026-10-14,343107.22,0
2055,133,2025-10-29,2025-11-28,402183.4,0
2056,133,2026-07-20,2026-08-19,796637.3,0
2057,133,2026-08-16,2026-09-15,162581.8,0
2058,133,2025-07-04,2025-08-03,1345003.78,0
2059,133,2025-10-03,2025-11-02,942729.05,0
2060,133,2025-03-15,2025-04-14,870923.12,0
2061,133,2025-07-18,2025-08-17,863037.16,0
2062,133,2025-02-03,2025-03-05,615928.48,0
2063,133,2026-01-21,2026-02-20,1074115.34,0
2064,133,2026-07-31,2026-08-30,595819.29,0
2065,133,2025-11-29,2025-12-29,566175.29,0
2066,133,2026-07-18,2026-08-17,670079.98,0
2067,133,2026-05-21,2026-06-20,438291.78,0
2068,133,2026-02-01,2026-03-03,505533.88,0
2069,134,2026-08-27,2026-08-27,1273898.27,0
2070,134,2026-03-22,2026-03-22,3272938.1,0
2071,134,2026-08-25,2026-08-25,463388.24,0
2072,134,2026-09-02,2026-09-02,4630979.17,0
2073,134,2026-09-01,2026-09-01,4503323.48,0
2074,134,2026-09-17,2026-09-17,2232737.47,0
2075,134,2026-06-16,2026-06-16,3197627.12,0
2076,134,2026-04-28,2026-04-28,5044168.4,0
2077,134,2026-03-09,2026-03-09,4336019.98,0
2078,134,2026-02-13,2026-02-13,994906.09,0
2079,134,2026-09-15,2026-09-15,610273.19,0
2080,134,2026-08-23,2026-08-23,3139258.26,0
2081,134,2026-03-11,2026-03-11,1863807.6,0
2082,134,2026-03-03,2026-03-03,484763.82,0
2083,134,2026-03-01,2026-03-01,1056362.91,0
2084,134,2026-03-11,2026-03-11,4672578.36,0
2085,134,2026-07-04,2026-07-04,3335488.72,0
2086,134,2026-06-01,2026-06-01,2656971.51,0
2087,134,2026-06-22,2026-06-22,1425117.48,0
2088,135,2026-02-15,2026-04-01,709948.28,0
2089,135,2026-02-13,2026-03-30,1105998.45,0
2090,135,2026-09-28,2026-11-12,1662315.01,0
2091,135,2026-08-08,2026-09-22,2197892.77,0
2092,135,2025-11-19,2026-01-03,3098591.76,0
2093,135,2025-04-07,2025-05-22,1166898.49,0
2094,135,2025-04-18,2025-06-02,1258440.62,0
2095,136,2025-09-15,2025-09-15,3051902.54,0
2096,136,2025-09-18,2025-09-18,2310504.17,0
2097,136,2025-01-08,2025-01-08,1268035.57,0
2098,136,2026-01-27,2026-01-27,2954447.4,0
2099,136,2026-07-26,2026-07-26,1675994.81,0
2100,136,2025-06-19,2025-06-19,1388938.58,0
2101,136,2025-12-08,2025-12-08,2336927.4,0
2102,136,2025-07-16,2025-07-16,2954535.45,0
2103,137,2025-06-22,2025-07-07,1167776.25,0
2104,137,2025-11-23,2025-12-08,2127011.38,0
2105,137,2025-12-25,2026-01-09,262074.48,0
2106,137,2026-02-20,2026-03-07,670086.78,0
2107,137,2025-09-15,2025-09-30,2494878.43,0
2108,137,2025-06-16,2025-07-01,868950.73,0
2109,137,2026-09-13,2026-09-28,2037544.07,0
2110,137,2025-06-24,2025-07-09,2368576.71,0
2111,138,2025-08-26,2025-09-10,1133237.17,0
2112,138,2025-09-09,2025-09-24,743176.86,0
2113,138,2025-03-30,2025-04-14,1669420.33,0
2114,138,2026-03-06,2026-03-21,1694144.87,0
2115,138,2025-02-26,2025-03-13,908402.6,0
2116,138,2026-06-23,2026-07-08,1291165.16,0
2117,138,2026-03-10,2026-03-25,294210.75,0
2118,138,2025-04-24,2025-05-09,478937.6,0
2119,138,2026-03-22,2026-04-06,629472.45,0
2120,138,2025-10-10,2025-10-25,1589885.1,0
2121,138,2026-02-02,2026-02-17,987374.24,0
2122,138,2025-02-02,2025-02-17,825183.75,0
2123,138,2025-10-12,2025-10-27,1557999.21,0
2124,138,2025-04-13,2025-04-28,968555.29,0
2125,138,2025-07-13,2025-07-28,425896.84,0
2126,138,2025-10-01,2025-10-16,274431.06,0
2127,138,2026-05-29,2026-06-13,1468263.57,0
2128,138,2025-01-12,2025-01-27,414812.47,0
2129,138,2025-05-21,2025-06-05,818834.59,0
2130,138,2025-07-22,2025-08-06,975148.31,0
2131,138,2025-12-14,2025-12-29,513418.43,0
2132,139,2026-06-02,2026-07-02,6719584.32,0
2133,139,2026-07-10,2026-08-09,5415627.69,0
2134,139,2026-03-02,2026-04-01,2241006.18,0
2135,139,2026-07-21,2026-08-20,6517544.31,0
2136,139,2025-11-01,2025-12-01,6246515.5,0
2137,139,2025-03-03,2025-04-02,1554577.37,0
2138,139,2025-04-23,2025-05-23,670995.03,0
2139,139,2026-01-30,2026-03-01,730776.75,0
2140,139,2026-03-15,2026-04-14,812903.66,0
2141,139,2026-06-06,2026-07-06,2172141.61,0
2142,139,2025-08-05,2025-09-04,742420.28,0
2143,139,2025-07-07,2025-08-06,5303331.57,0
2144,139,2026-08-12,2026-09-11,4711187.71,0
2145,139,2026-03-18,2026-04-17,2706219.68,0
2146,139,2025-02-17,2025-03-19,3078149.29,0
2147,139,2026-06-12,2026-07-12,5039036.88,0
2148,139,2026-02-14,2026-03-16,754050.53,0
2149,139,2025-11-06,2025-12-06,4254410.89,0
2150,139,2025-09-26,2025-10-26,4746634.86,0
2151,140,2025-01-16,2025-03-17,909306.5,0
2152,140,2026-06-06,2026-08-05,1492888.65,0
2153,140,2025-06-13,2025-08-12,934860.9,0
2154,140,2025-07-28,2025-09-26,1386184.02,0
2155,140,2025-11-12,2026-01-11,1127193.54,0
2156,140,2025-07-31,2025-09-29,1298741.28,0
2157,140,2025-09-01,2025-10-31,1682226.04,0
2158,140,2025-01-20,2025-03-21,330727.56,0
2159,140,2026-09-06,2026-11-05,437411.56,0
2160,140,2026-03-26,2026-05-25,453761.47,0
2161,140,2025-10-06,2025-12-05,521200.41,0
2162,140,2025-05-31,2025-07-30,1402496.0,0
2163,140,2026-07-06,2026-09-04,328633.67,0
2164,140,2025-01-06,2025-03-07,768183.41,0
2165,140,2026-06-25,2026-08-24,1077837.38,0
2166,141,2025-07-28,2025-09-11,319584.84,0
2167,141,2026-02-16,2026-04-02,624569.96,0
2168,141,2025-11-03,2025-12-18,2396665.11,0
2169,141,2025-01-20,2025-03-06,1411566.79,0
2170,141,2026-04-24,2026-06-08,1856245.45,0
2171,141,2026-08-30,2026-10-14,1994682.79,0
2172,141,2025-04-23,2025-06-07,679015.69,0
2173,141,2025-02-03,2025-03-20,1597782.46,0
2174,141,2025-09-28,2025-11-12,958364.24,0
2175,141,2025-07-08,2025-08-22,1883328.06,0
2176,141,2025-07-02,2025-08-16,268037.18,0
2177,141,2025-05-27,2025-07-11,1003536.88,0
2178,141,2025-09-12,2025-10-27,262924.64,0
2179,141,2025-03-02,2025-04-16,879809.51,0
2180,141,2026-01-20,2026-03-06,1054707.4,0
2181,142,2026-06-30,2026-07-30,2908488.09,0
2182,142,2026-06-07,2026-07-07,2049709.92,0
2183,142,2026-05-26,2026-06-25,1096062.98,0
2184,142,2025-05-11,2025-06-10,1038627.47,0
2185,142,2026-06-26,2026-07-26,1604808.41,0
2186,142,2025-06-28,2025-07-28,731643.03,0
2187,142,2026-02-01,2026-03-03,890460.45,0
2188,142,2026-04-10,2026-05-10,3335608.72,0
2189,142,2025-12-20,2026-01-19,1506257.1,0
2190,142,2026-09-10,2026-10-10,2831601.69,0
2191,142,2026-07-21,2026-08-20,2651372.32,0
2192,142,2025-07-11,2025-08-10,1490940.62,0
2193,142,2025-09-15,2025-10-15,3164680.97,0
2194,142,2026-09-06,2026-10-06,570840.93,0
2195,142,2026-02-17,2026-03-19,331499.29,1
2196,142,2025-03-10,2025-04-09,1226697.17,0
2197,142,2026-09-24,2026-10-24,2618005.44,0
2198,142,2025-11-09,2025-12-09,2671811.95,0
2199,142,2025-08-11,2025-09-10,1261660.79,1
2200,143,2026-07-08,2026-09-06,507387.59,0
2201,143,2025-11-01,2025-12-31,243378.14,0
2202,143,2025-01-12,2025-03-13,406326.26,0
2203,143,2025-08-26,2025-10-25,119741.03,0
2204,143,2025-04-15,2025-06-14,687489.85,0
2205,144,2025-02-11,2025-04-12,453803.69,0
2206,144,2025-11-14,2026-01-13,590098.68,0
2207,144,2026-03-31,2026-05-30,1349667.86,0
2208,144,2025-08-19,2025-10-18,654341.18,0
2209,144,2026-04-27,2026-06-26,811662.17,0
2210,144,2025-03-15,2025-05-14,1408284.16,0
2211,144,2025-04-02,2025-06-01,923314.02,0
2212,144,2026-08-31,2026-10-30,705381.25,0
2213,144,2025-09-19,2025-11-18,209263.05,0
2214,144,2026-04-08,2026-06-07,566915.25,0
2215,145,2025-01-22,2025-02-21,1929782.97,0
2216,145,2026-01-27,2026-02-26,963160.47,0
2217,145,2026-03-04,2026-04-03,578306.95,0
2218,145,2025-11-04,2025-12-04,914936.6,0
2219,145,2026-05-15,2026-06-14,348983.03,0
2220,145,2025-02-13,2025-03-15,1767247.01,0
2221,145,2025-10-16,2025-11-15,2456070.96,0
2222,145,2025-05-29,2025-06-28,2315537.59,0
2223,145,2025-12-18,2026-01-17,657304.0,0
2224,145,2026-09-01,2026-10-01,1919866.3,0
2225,145,2025-06-12,2025-07-12,615654.55,0
2226,145,2025-01-08,2025-02-07,1458684.91,0
2227,145,2025-02-28,2025-03-30,2450670.61,0
2228,145,2025-07-21,2025-08-20,444616.35,0
2229,145,2025-09-07,2025-10-07,1716042.47,0
2230,145,2026-02-22,2026-03-24,578612.53,0
2231,146,2026-04-05,2026-06-04,255200.41,0
2232,146,2025-02-23,2025-04-24,1247029.06,0
2233,146,2026-03-16,2026-05-15,920913.64,1
2234,146,2026-07-13,2026-09-11,1744686.97,1
2235,146,2025-08-10,2025-10-09,1741802.66,0
2236,146,2025-08-31,2025-10-30,1876082.02,0
2237,146,2026-04-17,2026-06-16,2177858.89,0
2238,146,2025-04-25,2025-06-24,1710663.94,0
2239,146,2025-02-14,2025-04-15,580602.74,0
2240,146,2026-05-20,2026-07-19,2632178.58,0
2241,146,2025-02-14,2025-04-15,1056698.29,0
2242,146,2025-10-20,2025-12-19,2609865.9,0
2243,146,2026-07-16,2026-09-14,1763821.99,0
2244,146,2025-10-17,2025-12-16,2190948.0,0
2245,146,2025-06-02,2025-08-01,555770.81,0
2246,147,2025-06-07,2025-07-22,817458.65,0
2247,147,2026-01-10,2026-02-24,573809.16,0
2248,147,2025-01-05,2025-02-19,155137.48,0
2249,147,2025-11-20,2026-01-04,496316.87,0
2250,148,2025-03-23,2025-04-22,818132.42,0
2251,148,2025-11-04,2025-12-04,903707.91,0
2252,148,2025-05-07,2025-06-06,621579.82,0
2253,148,2026-04-17,2026-05-17,470148.55,0
2254,148,2025-07-10,2025-08-09,1021746.4,0
2255,148,2025-09-29,2025-10-29,324586.23,1
2256,148,2025-04-13,2025-05-13,631115.47,0
2257,148,2025-09-05,2025-10-05,298333.32,0
2258,148,2025-05-17,2025-06-16,291919.97,0
2259,148,2025-07-10,2025-08-09,923834.09,0
2260,148,2026-04-17,2026-05-17,451019.58,0
2261,148,2026-03-26,2026-04-25,544461.85,0
2262,149,2025-06-02,2025-06-17,1573132.78,1
2263,149,2026-05-10,2026-05-25,680239.08,0
2264,149,2025-12-17,2026-01-01,352940.37,0
2265,149,2025-03-13,2025-03-28,472783.21,0
2266,149,2026-02-07,2026-02-22,1411763.87,0
2267,149,2025-06-04,2025-06-19,1611777.53,0
2268,149,2025-03-19,2025-04-03,812667.95,0
2269,149,2026-05-05,2026-05-20,195243.44,0
2270,149,2025-12-10,2025-12-25,1132980.28,0
2271,149,2025-02-08,2025-02-23,1174501.09,0
2272,149,2026-05-23,2026-06-07,582397.82,0
2273,149,2026-03-15,2026-03-30,875508.97,0
2274,149,2026-03-17,2026-04-01,1478650.33,1
2275,149,2025-02-10,2025-02-25,542176.42,0
2276,149,2026-02-18,2026-03-05,1562861.08,0
2277,149,2025-10-17,2025-11-01,1067882.56,0
2278,149,2025-08-11,2025-08-26,1719504.29,0
2279,149,2026-08-12,2026-08-27,1491828.57,0
2280,149,2025-02-05,2025-02-20,1092843.7,0
2281,149,2025-10-16,2025-10-31,1105544.62,0
2282,149,2025-08-10,2025-08-25,354094.38,0
2283,150,2026-07-01,2026-07-31,575572.21,0
2284,150,2025-12-14,2026-01-13,205906.2,1
2285,150,2025-03-16,2025-04-15,176769.6,0
2286,150,2025-06-17,2025-07-17,147981.23,0
2287,150,2025-11-04,2025-12-04,170480.0,0
2288,150,2026-04-18,2026-05-18,537774.88,0
2289,150,2025-05-12,2025-06-11,191218.91,0
2290,150,2025-12-04,2026-01-03,480649.27,0
2291,150,2025-09-19,2025-10-19,428342.11,0
2292,150,2026-08-12,2026-09-11,443653.37,0
2293,150,2026-03-15,2026-04-14,499487.06,0
2294,150,2025-07-17,2025-08-16,625500.2,0
2295,150,2025-07-26,2025-08-25,312781.74,0
2296,150,2025-05-25,2025-06-24,326995.74,0
2297,151,2025-06-26,2025-06-26,557625.12,0
2298,151,2026-03-01,2026-03-01,1443370.6,0
2299,151,2025-09-20,2025-09-20,1528519.77,0
2300,151,2026-04-29,2026-04-29,1642725.39,1
2301,151,2025-07-26,2025-07-26,472545.48,0
2302,151,2025-11-22,2025-11-22,1462931.58,0
2303,151,2025-09-09,2025-09-09,803134.81,0
2304,151,2026-06-09,2026-06-09,1178780.41,0
2305,151,2026-07-02,2026-07-02,507342.14,0
2306,151,2026-09-14,2026-09-14,911008.63,0
2307,151,2026-08-13,2026-08-13,1554223.79,0
2308,151,2026-01-07,2026-01-07,772784.96,0
2309,151,2026-01-22,2026-01-22,1352867.31,0
2310,151,2025-01-20,2025-01-20,1571233.84,0
2311,151,2025-05-24,2025-05-24,1202577.75,0
2312,152,2026-09-05,2026-09-05,2681125.7,0
2313,152,2026-07-20,2026-07-20,1214248.81,0
2314,152,2025-12-25,2025-12-25,1943152.97,0
2315,152,2026-08-15,2026-08-15,2609230.47,0
2316,152,2026-08-14,2026-08-14,3096134.22,0
2317,152,2026-09-09,2026-09-09,1644910.82,0
2318,152,2026-05-24,2026-05-24,2612229.03,0
2319,152,2026-07-14,2026-07-14,1643968.01,0
2320,152,2025-11-22,2025-11-22,1528637.06,0
2321,152,2026-01-04,2026-01-04,1488897.49,0
2322,152,2026-08-04,2026-08-04,778660.38,0
2323,152,2026-05-14,2026-05-14,2102004.56,0
2324,152,2026-03-21,2026-03-21,727256.19,0
2325,152,2026-07-09,2026-07-09,2298956.17,0
2326,152,2026-09-10,2026-09-10,481164.86,0
2327,153,2025-09-23,2025-11-07,1577772.66,0
2328,153,2026-07-12,2026-08-26,6091554.35,0
2329,153,2026-04-19,2026-06-03,5836208.01,0
2330,153,2026-07-18,2026-09-01,2916939.68,0
2331,153,2026-06-22,2026-08-06,1119399.75,0
2332,153,2026-09-10,2026-10-25,1167430.16,0
2333,153,2025-04-01,2025-05-16,6152947.56,0
2334,153,2026-02-01,2026-03-18,9034411.5,0
2335,153,2025-01-28,2025-03-14,7129017.65,0
2336,153,2025-02-07,2025-03-24,9281532.82,0
2337,153,2025-05-31,2025-07-15,6559005.16,0
2338,153,2026-06-08,2026-07-23,7262434.74,0
2339,153,2026-04-11,2026-05-26,9744674.21,0
2340,153,2026-02-28,2026-04-14,9177621.14,0
2341,153,2025-07-15,2025-08-29,4147864.53,0
2342,153,2025-06-24,2025-08-08,8962697.68,0
2343,153,2025-12-04,2026-01-18,4166530.65,0
2344,153,2025-05-11,2025-06-25,7079591.57,0
2345,153,2025-08-16,2025-09-30,5859151.57,0
2346,153,2025-08-03,2025-09-17,1904838.04,0
2347,153,2025-08-21,2025-10-05,10286658.14,0
2348,153,2025-11-29,2026-01-13,6926738.03,0
2349,153,2025-03-18,2025-05-02,8039083.96,0
2350,153,2025-05-26,2025-07-10,3128359.34,0
2351,153,2026-01-01,2026-02-15,4992976.18,0
2352,153,2025-08-26,2025-10-10,8766266.64,0
2353,153,2025-01-23,2025-03-09,1537379.08,0
2354,153,2025-08-02,2025-09-16,9238598.81,0
2355,153,2025-06-14,2025-07-29,6673631.64,0
2356,153,2026-07-27,2026-09-10,8330622.68,0
2357,153,2026-01-13,2026-02-27,9748959.93,0
2358,153,2025-04-03,2025-05-18,4508786.55,0
2359,153,2025-09-18,2025-11-02,6060423.96,0
2360,153,2025-10-26,2025-12-10,8529207.9,0
2361,153,2025-05-06,2025-06-20,4215618.38,0
2362,153,2025-10-02,2025-11-16,8010947.29,0
2363,153,2026-03-29,2026-05-13,928198.91,1
2364,153,2025-06-15,2025-07-30,9516574.51,0
2365,153,2025-10-21,2025-12-05,9455907.23,0
2366,153,2025-10-08,2025-11-22,7309404.77,0
2367,154,2025-06-05,2025-07-05,4977622.82,0
2368,154,2025-01-31,2025-03-02,6421324.52,0
2369,154,2026-03-02,2026-04-01,4520271.17,0
2370,154,2026-03-02,2026-04-01,4873084.22,0
2371,154,2025-10-12,2025-11-11,2569402.37,0
2372,154,2025-08-14,2025-09-13,3479182.76,0
2373,154,2026-03-10,2026-04-09,6215776.65,0
2374,154,2025-01-17,2025-02-16,1800358.52,0
2375,154,2026-02-18,2026-03-20,2054857.23,0
2376,154,2025-12-25,2026-01-24,1501604.28,0
2377,154,2026-01-21,2026-02-20,8710138.75,0
2378,154,2025-05-12,2025-06-11,4544256.46,0
2379,154,2026-09-20,2026-10-20,6983574.51,0
2380,154,2025-06-11,2025-07-11,7037844.31,0
2381,154,2026-09-15,2026-10-15,1331819.49,0
2382,154,2026-07-15,2026-08-14,4004413.18,0
2383,154,2025-09-19,2025-10-19,9300046.39,0
2384,154,2026-07-03,2026-08-02,3095460.65,1
2385,154,2026-04-26,2026-05-26,8148271.63,0
2386,154,2025-03-27,2025-04-26,4488397.1,0
2387,154,2026-01-02,2026-02-01,1790831.93,0
2388,154,2025-11-21,2025-12-21,2951100.12,0
2389,154,2026-08-21,2026-09-20,3993414.35,0
2390,154,2026-06-26,2026-07-26,8622155.17,0
2391,154,2025-07-31,2025-08-30,6490052.18,0
2392,154,2025-06-24,2025-07-24,6960550.41,0
2393,154,2026-09-22,2026-10-22,7345324.76,0
2394,154,2025-12-05,2026-01-04,8205466.49,0
2395,154,2025-01-03,2025-02-02,2270763.86,0
2396,154,2026-01-17,2026-02-16,9943830.75,0
2397,154,2025-02-04,2025-03-06,1406820.79,0
2398,154,2025-12-10,2026-01-09,9635554.7,1
2399,154,2025-12-01,2025-12-31,9688919.44,0
2400,154,2025-10-24,2025-11-23,8467308.87,0
2401,154,2026-08-26,2026-09-25,6337342.08,1
2402,154,2026-02-16,2026-03-18,4974382.92,0
2403,155,2025-08-26,2025-10-25,924298.52,0
2404,155,2025-01-29,2025-03-30,181781.56,0
2405,155,2025-03-19,2025-05-18,199316.92,0
2406,155,2025-06-28,2025-08-27,439072.51,0
2407,155,2025-08-08,2025-10-07,241990.91,0
2408,156,2025-11-02,2026-01-31,11250590.5,0
2409,156,2025-06-28,2025-09-26,13426769.74,0
2410,156,2026-04-30,2026-07-29,11501638.04,0
2411,156,2026-07-18,2026-10-16,11691619.83,0
2412,156,2025-12-31,2026-03-31,7976253.73,0
2413,156,2026-01-28,2026-04-28,17209383.36,0
2414,156,2025-09-10,2025-12-09,15457399.09,0
2415,156,2025-11-04,2026-02-02,3183622.15,0
2416,156,2026-01-15,2026-04-15,4048063.31,0
2417,156,2026-02-08,2026-05-09,8448835.82,0
2418,156,2026-02-22,2026-05-23,3536509.01,0
2419,156,2025-12-14,2026-03-14,13467002.66,0
2420,156,2026-08-30,2026-11-28,3911752.74,0
2421,156,2026-05-02,2026-07-31,2808739.44,0
2422,156,2026-07-15,2026-10-13,16399523.76,0
2423,156,2025-08-06,2025-11-04,16542978.6,0
2424,156,2025-01-27,2025-04-27,8107340.55,0
2425,156,2026-08-03,2026-11-01,9026222.66,0
2426,156,2026-07-14,2026-10-12,14097244.46,0
2427,156,2025-04-09,2025-07-08,7171754.11,0
2428,156,2025-07-21,2025-10-19,12614211.26,0
2429,156,2025-08-02,2025-10-31,9083740.85,0
2430,156,2025-04-08,2025-07-07,5881914.92,0
2431,156,2025-01-20,2025-04-20,10394911.16,0
2432,157,2025-07-15,2025-08-14,2213113.33,0
2433,157,2026-08-26,2026-09-25,2317949.34,0
2434,157,2025-09-26,2025-10-26,1918006.75,0
2435,157,2026-02-28,2026-03-30,2548050.81,0
2436,157,2025-01-27,2025-02-26,1617420.52,0
2437,157,2026-09-07,2026-10-07,655000.16,0
2438,157,2026-08-08,2026-09-07,388127.66,0
2439,157,2025-10-06,2025-11-05,2640421.14,0
2440,157,2025-08-09,2025-09-08,1823961.73,0
2441,157,2025-07-30,2025-08-29,3362391.87,0
2442,157,2025-09-29,2025-10-29,583554.91,0
2443,157,2025-09-15,2025-10-15,3207871.09,0
2444,157,2025-03-27,2025-04-26,2769309.0,0
2445,157,2025-06-15,2025-07-15,3159622.55,0
2446,157,2025-05-02,2025-06-01,1593434.69,0
2447,158,2025-08-03,2025-11-01,3964814.27,0
2448,158,2026-08-29,2026-11-27,1857017.63,0
2449,158,2026-01-27,2026-04-27,1464102.54,0
2450,158,2025-04-29,2025-07-28,2851470.49,0
2451,158,2025-11-13,2026-02-11,9791739.17,0
2452,158,2025-06-15,2025-09-13,10218234.65,0
2453,158,2025-04-05,2025-07-04,2044618.54,0
2454,158,2025-03-18,2025-06-16,8317027.75,0
2455,158,2026-06-07,2026-09-05,4437623.01,0
2456,158,2026-05-27,2026-08-25,3795988.41,0
2457,158,2026-08-15,2026-11-13,10488056.11,0
2458,158,2025-10-18,2026-01-16,9318994.12,0
2459,158,2025-08-12,2025-11-10,4082363.97,0
2460,158,2026-07-16,2026-10-14,3331400.64,0
2461,158,2025-06-21,2025-09-19,10484067.2,0
2462,158,2026-01-08,2026-04-08,3616758.76,0
2463,158,2026-01-03,2026-04-03,4988820.75,0
2464,158,2025-02-01,2025-05-02,4444744.57,0
2465,158,2026-03-20,2026-06-18,5233609.94,0
2466,158,2025-05-30,2025-08-28,9076682.71,0
2467,158,2025-06-09,2025-09-07,4641276.27,0
2468,158,2025-03-26,2025-06-24,3722978.7,0
2469,158,2025-08-16,2025-11-14,948898.96,0
2470,158,2025-02-11,2025-05-12,8459551.6,0
2471,159,2025-10-06,2025-11-20,3462481.47,0
2472,159,2025-06-22,2025-08-06,914956.72,0
2473,159,2025-06-15,2025-07-30,748022.37,0
2474,159,2025-10-12,2025-11-26,1807335.86,0
2475,159,2026-09-13,2026-10-28,2191376.87,0
2476,159,2026-07-22,2026-09-05,1157525.07,0
2477,159,2025-04-15,2025-05-30,2554499.37,0
2478,159,2025-07-18,2025-09-01,1319790.15,0
2479,159,2026-06-28,2026-08-12,2194555.76,0
2480,159,2026-01-04,2026-02-18,3360808.07,0
2481,159,2026-07-08,2026-08-22,355019.59,0
2482,159,2025-12-04,2026-01-18,1076271.37,0
2483,159,2026-06-07,2026-07-22,2735041.45,0
2484,159,2025-10-22,2025-12-06,2644844.48,0
2485,159,2026-06-07,2026-07-22,2457230.96,0
2486,159,2026-07-27,2026-09-10,2355921.31,0
2487,159,2025-08-21,2025-10-05,1786909.28,0
2488,160,2026-07-12,2026-09-10,2730593.54,0
2489,160,2026-03-06,2026-05-05,2228777.07,0
2490,160,2026-09-15,2026-11-14,2863208.43,0
2491,160,2026-01-22,2026-03-23,513368.29,0
2492,160,2026-01-16,2026-03-17,1720966.96,0
2493,160,2026-03-01,2026-04-30,598346.95,0
2494,160,2025-05-24,2025-07-23,1444685.92,0
2495,160,2026-02-13,2026-04-14,2271088.69,0
2496,160,2026-05-26,2026-07-25,3050980.07,0
2497,160,2026-06-29,2026-08-28,1202349.42,0
2498,160,2025-01-05,2025-03-06,2753735.54,0
2499,160,2025-04-24,2025-06-23,2604468.12,0
2500,160,2025-11-19,2026-01-18,1767314.85,0
2501,161,2025-06-18,2025-06-18,1184441.9,0
2502,161,2025-12-13,2025-12-13,1969680.7,0
2503,161,2025-03-26,2025-03-26,1064725.79,0
2504,161,2025-05-24,2025-05-24,1789058.22,0
2505,161,2026-09-07,2026-09-07,472053.44,0
2506,161,2025-01-28,2025-01-28,1013210.83,0
2507,161,2025-05-03,2025-05-03,1159507.46,0
2508,161,2025-01-06,2025-01-06,1254310.61,0
2509,161,2025-08-09,2025-08-09,550041.6,0
2510,161,2026-01-02,2026-01-02,259430.22,0
2511,161,2025-02-19,2025-02-19,511981.84,0
2512,161,2025-03-28,2025-03-28,1785479.2,1
2513,161,2025-01-23,2025-01-23,710546.24,0
2514,161,2025-05-30,2025-05-30,711567.02,0
2515,161,2026-01-13,2026-01-13,1145977.25,0
2516,161,2025-10-20,2025-10-20,2272439.86,0
2517,162,2025-10-22,2025-11-06,1490586.86,0
2518,162,2025-10-30,2025-11-14,1661969.46,0
2519,162,2026-04-08,2026-04-23,1708455.9,0
2520,162,2025-03-01,2025-03-16,701361.36,0
2521,162,2025-11-25,2025-12-10,912864.14,0
2522,162,2025-03-03,2025-03-18,399407.46,0
2523,162,2026-03-29,2026-04-13,188464.66,0
2524,162,2025-12-10,2025-12-25,543719.1,0
2525,162,2025-05-22,2025-06-06,755681.27,0
2526,162,2026-01-12,2026-01-27,812536.11,0
2527,162,2025-01-23,2025-02-07,214067.83,0
2528,162,2025-09-09,2025-09-24,1061676.14,0
2529,162,2025-08-01,2025-08-16,379121.96,0
2530,162,2026-01-25,2026-02-09,757983.07,0
2531,162,2026-05-18,2026-06-02,1204577.44,0
2532,162,2026-08-07,2026-08-22,264525.34,0
2533,163,2026-08-22,2026-09-21,467202.57,0
2534,163,2026-06-30,2026-07-30,926644.36,0
2535,163,2026-08-01,2026-08-31,301783.07,0
2536,163,2026-08-06,2026-09-05,735735.57,0
2537,163,2026-08-25,2026-09-24,580856.91,0
2538,163,2026-09-29,2026-10-29,366459.91,0
2539,163,2026-06-09,2026-07-09,392305.36,0
2540,163,2026-08-20,2026-09-19,403911.4,0
2541,163,2026-08-20,2026-09-19,825279.03,0
2542,163,2026-08-19,2026-09-18,772523.46,0
2543,163,2026-05-10,2026-06-09,679333.39,0
2544,163,2026-07-12,2026-08-11,921813.83,0
2545,163,2026-05-06,2026-06-05,268604.6,0
2546,163,2026-09-22,2026-10-22,1034607.36,0
2547,163,2026-05-06,2026-06-05,365399.51,0
2548,164,2025-06-09,2025-08-08,3778394.47,0
2549,164,2025-07-21,2025-09-19,2403581.49,0
2550,164,2026-06-17,2026-08-16,2496424.85,1
2551,164,2025-03-10,2025-05-09,5194509.68,0
2552,164,2026-06-15,2026-08-14,1852454.05,0
2553,164,2026-07-11,2026-09-09,1426993.17,0
2554,164,2026-06-06,2026-08-05,1248650.94,0
2555,164,2025-03-29,2025-05-28,3797096.95,0
2556,164,2026-03-22,2026-05-21,4658198.79,0
2557,164,2025-02-23,2025-04-24,995878.24,0
2558,165,2025-11-06,2025-11-21,776407.1,0
2559,165,2026-05-29,2026-06-13,1581322.98,0
2560,165,2025-07-04,2025-07-19,496779.42,0
2561,165,2025-10-18,2025-11-02,1170891.8,0
2562,165,2025-12-01,2025-12-16,271356.47,0
2563,165,2026-05-06,2026-05-21,497586.38,0
2564,165,2026-02-23,2026-03-10,229901.89,0
2565,166,2026-05-25,2026-07-24,828869.21,0
2566,166,2026-05-21,2026-07-20,851665.17,0
2567,166,2025-11-11,2026-01-10,405730.18,0
2568,166,2025-11-20,2026-01-19,749878.34,0
2569,166,2026-04-13,2026-06-12,825171.22,0
2570,166,2025-12-31,2026-03-01,1075603.9,0
2571,166,2025-10-02,2025-12-01,770634.11,0
2572,167,2026-05-12,2026-06-11,6705622.52,0
2573,167,2025-01-07,2025-02-06,2355599.13,0
2574,167,2026-01-29,2026-02-28,5027976.01,0
2575,167,2025-03-13,2025-04-12,7024524.91,0
2576,167,2025-11-04,2025-12-04,4994103.39,0
2577,167,2026-08-01,2026-08-31,9769033.92,0
2578,167,2026-07-23,2026-08-22,9204280.09,0
2579,167,2026-04-26,2026-05-26,5276453.23,0
2580,167,2025-11-23,2025-12-23,2131408.0,0
2581,167,2025-07-23,2025-08-22,910528.41,0
2582,167,2025-05-25,2025-06-24,7776748.67,0
2583,167,2026-05-16,2026-06-15,2979420.8,0
2584,167,2026-04-03,2026-05-03,10360373.89,0
2585,167,2026-03-14,2026-04-13,9872885.52,0
2586,167,2026-03-21,2026-04-20,4258723.27,0
2587,167,2025-02-11,2025-03-13,6729654.31,0
2588,167,2025-01-17,2025-02-16,1067667.86,0
2589,167,2025-10-16,2025-11-15,9971773.71,0
2590,167,2025-07-25,2025-08-24,10089004.52,0
2591,167,2025-09-22,2025-10-22,3241221.57,0
2592,167,2025-09-07,2025-10-07,4944800.95,0
2593,167,2026-08-24,2026-09-23,1997178.2,0
2594,167,2025-06-05,2025-07-05,4922966.48,0
2595,167,2026-04-25,2026-05-25,9633456.61,0
2596,167,2026-06-04,2026-07-04,5703779.39,0
2597,167,2025-07-11,2025-08-10,1934850.76,0
2598,167,2026-06-02,2026-07-02,9771620.85,0
2599,167,2025-09-03,2025-10-03,8698205.22,0
2600,167,2026-02-22,2026-03-24,4963513.14,0
2601,167,2026-07-06,2026-08-05,4097496.93,0
2602,167,2025-10-25,2025-11-24,925091.75,0
2603,167,2025-05-25,2025-06-24,1099594.73,0
2604,167,2025-11-24,2025-12-24,1725758.07,0
2605,167,2025-05-27,2025-06-26,5656869.78,0
2606,167,2026-03-07,2026-04-06,9012151.17,0
2607,167,2025-07-25,2025-08-24,8693505.84,0
2608,168,2025-01-04,2025-01-04,2312428.21,0
2609,168,2025-06-27,2025-06-27,1588421.97,0
2610,168,2026-09-07,2026-09-07,2175355.34,0
2611,168,2025-08-14,2025-08-14,1861394.49,0
2612,168,2025-01-26,2025-01-26,1550323.04,0
2613,168,2026-03-16,2026-03-16,1570976.79,0
2614,168,2025-09-20,2025-09-20,2208905.1,0
2615,168,2025-08-14,2025-08-14,428544.37,0
2616,168,2025-08-06,2025-08-06,1966318.55,0
2617,168,2026-09-26,2026-09-26,1529825.73,0
2618,168,2025-05-08,2025-05-08,2152309.86,0
2619,168,2026-02-22,2026-02-22,2117623.14,0
2620,168,2026-05-06,2026-05-06,2006602.53,0
2621,168,2025-05-09,2025-05-09,1924997.24,0
2622,168,2026-01-02,2026-01-02,302911.47,0
2623,168,2025-06-15,2025-06-15,1417319.01,0
2624,168,2026-06-12,2026-06-12,268654.24,0
2625,168,2025-03-29,2025-03-29,2670982.03,0
2626,169,2026-06-20,2026-08-19,587082.39,0
2627,169,2026-09-23,2026-11-22,1469496.96,0
2628,169,2026-09-27,2026-11-26,1213265.73,0
2629,169,2026-07-11,2026-09-09,2575065.49,0
2630,169,2026-05-31,2026-07-30,2606150.86,0
2631,169,2026-09-13,2026-11-12,519962.75,0
2632,169,2026-07-11,2026-09-09,1703442.35,0
2633,169,2026-06-28,2026-08-27,1750992.13,0
2634,169,2026-09-13,2026-11-12,445513.74,0
2635,169,2026-08-10,2026-10-09,1585490.23,0
2636,169,2026-06-04,2026-08-03,251168.76,0
2637,169,2026-07-09,2026-09-07,1578503.68,0
2638,169,2026-09-19,2026-11-18,2780590.17,0
2639,169,2026-05-28,2026-07-27,2221290.06,0
2640,169,2026-05-27,2026-07-26,403348.11,0
2641,170,2026-01-29,2026-03-30,670459.36,0
2642,170,2025-09-25,2025-11-24,2250870.69,0
2643,170,2025-09-23,2025-11-22,2036477.49,0
2644,170,2025-01-26,2025-03-27,2025052.64,0
2645,170,2025-10-11,2025-12-10,1020993.35,0
2646,170,2026-05-23,2026-07-22,894623.15,0
2647,170,2025-08-02,2025-10-01,1166430.75,0
2648,171,2025-12-28,2026-01-27,1197862.62,0
2649,171,2026-05-22,2026-06-21,495334.9,0
2650,171,2026-04-17,2026-05-17,906419.63,0
2651,171,2026-02-23,2026-03-25,1384325.63,0
2652,171,2026-03-17,2026-04-16,1744906.96,0
2653,171,2025-01-25,2025-02-24,1371054.35,0
2654,171,2025-06-29,2025-07-29,1001218.67,0
2655,171,2025-02-22,2025-03-24,882617.02,0
2656,171,2026-04-24,2026-05-24,864938.54,0
2657,171,2026-08-28,2026-09-27,653571.64,0
2658,171,2025-01-05,2025-02-04,536702.59,0
2659,172,2026-07-30,2026-08-29,1202964.94,0
2660,172,2025-05-23,2025-06-22,6416676.59,0
2661,172,2026-05-19,2026-06-18,4570819.47,0
2662,172,2025-03-22,2025-04-21,5703918.35,0
2663,172,2025-12-28,2026-01-27,4287068.51,0
2664,172,2026-02-15,2026-03-17,2891006.24,0
2665,173,2025-03-24,2025-05-23,565270.5,0
2666,173,2026-08-22,2026-10-21,521440.5,0
2667,173,2026-05-04,2026-07-03,1214899.54,0
2668,173,2026-04-10,2026-06-09,1267660.2,0
2669,173,2026-07-11,2026-09-09,1502321.7,0
2670,173,2025-05-24,2025-07-23,1503369.71,0
2671,173,2026-03-10,2026-05-09,1300626.87,0
2672,173,2026-03-11,2026-05-10,195995.77,0
2673,173,2026-03-29,2026-05-28,777607.97,1
2674,173,2026-09-29,2026-11-28,1642654.91,0
2675,173,2026-03-18,2026-05-17,534798.3,0
2676,173,2025-12-11,2026-02-09,1669712.6,0
2677,173,2026-09-23,2026-11-22,1464409.68,0
2678,173,2025-05-09,2025-07-08,1613007.26,0
2679,173,2025-08-09,2025-10-08,598635.23,0
2680,174,2025-10-14,2026-01-12,18988333.88,0
2681,174,2025-05-28,2025-08-26,13058553.67,0
2682,174,2026-03-02,2026-05-31,21515837.34,0
2683,174,2025-11-27,2026-02-25,27742494.18,0
2684,174,2025-09-03,2025-12-02,28440835.28,0
2685,174,2025-03-19,2025-06-17,29929957.77,0
2686,174,2026-06-18,2026-09-16,8158169.65,0
2687,174,2026-06-01,2026-08-30,26830335.08,0
2688,174,2025-04-14,2025-07-13,38532555.61,0
2689,174,2025-05-04,2025-08-02,32155747.91,0
2690,174,2025-07-17,2025-10-15,9618466.5,0
2691,174,2026-06-18,2026-09-16,7974080.59,0
2692,174,2025-06-28,2025-09-26,25291393.81,0
2693,174,2025-05-01,2025-07-30,17929348.14,0
2694,174,2025-02-18,2025-05-19,34660397.24,0
2695,174,2026-09-04,2026-12-03,22583702.53,0
2696,174,2025-09-14,2025-12-13,32199402.22,0
2697,174,2026-05-17,2026-08-15,32831325.93,0
2698,174,2025-02-16,2025-05-17,26816140.02,0
2699,174,2025-12-09,2026-03-09,27616655.46,0
2700,174,2026-04-18,2026-07-17,24401415.68,0
2701,174,2025-08-03,2025-11-01,6352164.76,0
2702,174,2025-11-22,2026-02-20,18011402.91,0
2703,174,2026-08-22,2026-11-20,10091864.59,0
2704,174,2025-08-04,2025-11-02,4810609.18,0
2705,174,2026-07-28,2026-10-26,8267845.84,0
2706,174,2026-04-04,2026-07-03,12134923.1,0
2707,174,2026-06-13,2026-09-11,41629714.75,0
2708,174,2025-02-20,2025-05-21,21488894.68,0
2709,174,2025-03-23,2025-06-21,4488374.91,0
2710,174,2025-03-31,2025-06-29,40714506.19,0
2711,174,2025-03-08,2025-06-06,34107104.77,0
2712,174,2025-08-11,2025-11-09,11920956.93,1
2713,174,2026-02-23,2026-05-24,6707595.85,0
2714,174,2025-12-16,2026-03-16,17493391.87,0
2715,175,2025-05-25,2025-07-24,1504331.76,0
2716,175,2026-01-26,2026-03-27,1627866.58,0
2717,175,2026-01-08,2026-03-09,941070.2,0
2718,175,2025-02-17,2025-04-18,415397.22,0
2719,175,2025-10-23,2025-12-22,1217546.99,0
2720,175,2026-03-11,2026-05-10,477669.64,0
2721,175,2025-03-15,2025-05-14,1438857.62,0
2722,175,2025-07-10,2025-09-08,622834.55,0
2723,175,2026-03-08,2026-05-07,481534.31,0
2724,175,2026-07-06,2026-09-04,1713131.82,0
2725,175,2025-01-23,2025-03-24,496320.98,0
2726,176,2026-09-01,2026-10-16,331783.68,0
2727,176,2026-05-10,2026-06-24,1646067.49,0
2728,176,2025-03-25,2025-05-09,1019145.76,0
2729,176,2025-05-08,2025-06-22,979750.22,0
2730,176,2026-02-15,2026-04-01,1193205.8,0
2731,176,2026-06-23,2026-08-07,1130515.17,0
2732,176,2025-10-19,2025-12-03,1080616.47,0
2733,176,2025-05-19,2025-07-03,320328.9,0
2734,176,2025-12-31,2026-02-14,976853.96,0
2735,177,2026-09-16,2026-09-16,2420499.49,0
2736,177,2026-06-23,2026-06-23,4544138.89,0
2737,177,2025-02-24,2025-02-24,2331426.56,0
2738,177,2025-01-14,2025-01-14,2848037.2,0
2739,177,2025-06-25,2025-06-25,1001612.5,0
2740,177,2025-09-05,2025-09-05,819032.35,0
2741,177,2025-02-07,2025-02-07,4070702.29,0
2742,177,2026-09-08,2026-09-08,2164834.31,0
2743,177,2025-08-19,2025-08-19,2090382.59,0
2744,177,2026-07-16,2026-07-16,4090821.18,0
2745,177,2025-08-12,2025-08-12,3348031.88,0
2746,177,2025-10-06,2025-10-06,784751.27,0
2747,177,2025-03-10,2025-03-10,3470881.38,0
2748,177,2025-07-03,2025-07-03,4792097.49,0
2749,177,2025-07-12,2025-07-12,2397917.13,0
2750,177,2025-09-22,2025-09-22,918805.86,0
2751,177,2025-08-28,2025-08-28,900316.91,0
2752,177,2025-12-12,2025-12-12,4170816.35,0
2753,177,2025-11-10,2025-11-10,2189339.84,0
2754,178,2026-03-16,2026-03-16,3498056.08,0
2755,178,2025-08-20,2025-08-20,5122319.52,0
2756,178,2025-06-24,2025-06-24,5303841.82,0
2757,178,2025-08-24,2025-08-24,5788853.78,0
2758,178,2025-11-12,2025-11-12,6371439.46,0
2759,178,2025-11-14,2025-11-14,2457211.36,0
2760,178,2025-02-01,2025-02-01,1606988.27,0
2761,178,2025-01-08,2025-01-08,5065322.62,0
2762,178,2026-06-12,2026-06-12,3325098.78,0
2763,178,2025-01-09,2025-01-09,4521207.04,0
2764,178,2025-03-08,2025-03-08,6342431.17,0
2765,178,2025-05-18,2025-05-18,2520524.35,0
2766,179,2025-06-28,2025-08-27,859166.54,0
2767,179,2026-03-10,2026-05-09,1775867.85,0
2768,179,2025-09-14,2025-11-13,477734.81,0
2769,180,2025-05-10,2025-06-09,1197416.61,0
2770,180,2025-07-12,2025-08-11,1164508.5,0
2771,180,2026-07-06,2026-08-05,2234425.36,0
2772,180,2026-06-24,2026-07-24,1519996.61,0
2773,180,2026-03-22,2026-04-21,2783347.51,0
2774,180,2026-09-28,2026-10-28,3323086.36,0
2775,180,2025-12-18,2026-01-17,366635.38,0
2776,180,2026-07-27,2026-08-26,2327525.04,0
2777,180,2026-09-29,2026-10-29,3463827.83,0
2778,180,2025-01-09,2025-02-08,1095963.75,0
2779,180,2026-03-09,2026-04-08,1206813.53,0
2780,181,2025-10-09,2025-10-09,3455056.32,0
2781,181,2026-01-22,2026-01-22,1952303.38,0
2782,181,2026-02-23,2026-02-23,2542547.9,0
2783,181,2026-03-20,2026-03-20,2169574.6,0
2784,181,2025-08-09,2025-08-09,2854946.58,0
2785,181,2026-04-04,2026-04-04,628412.9,0
2786,181,2025-12-13,2025-12-13,545035.47,0
2787,181,2025-04-09,2025-04-09,1529950.23,0
2788,181,2025-08-01,2025-08-01,3402901.55,0
2789,181,2026-08-13,2026-08-13,1954793.32,1
2790,181,2025-10-12,2025-10-12,1337456.44,0
2791,181,2025-08-23,2025-08-23,1850312.17,0
2792,181,2025-09-28,2025-09-28,3183971.36,0
2793,181,2025-12-06,2025-12-06,2864919.34,0
2794,181,2025-12-05,2025-12-05,478230.5,0
2795,181,2026-03-15,2026-03-15,2682618.17,0
2796,181,2025-03-15,2025-03-15,2313392.03,0
2797,181,2026-02-21,2026-02-21,3050244.51,0
2798,181,2026-06-09,2026-06-09,1422540.67,1
2799,181,2025-03-28,2025-03-28,369554.13,0
2800,182,2026-05-31,2026-07-15,2440715.22,0
2801,182,2026-04-16,2026-05-31,1136712.05,0
2802,182,2025-02-22,2025-04-08,2660107.46,0
2803,182,2025-10-16,2025-11-30,780889.2,0
2804,182,2025-09-08,2025-10-23,835530.63,0
2805,182,2025-08-16,2025-09-30,1189206.49,0
2806,182,2025-08-14,2025-09-28,2385788.08,0
2807,182,2026-04-18,2026-06-02,1421570.09,0
2808,182,2026-04-01,2026-05-16,1617747.89,0
2809,182,2026-07-22,2026-09-05,2581965.1,0
2810,182,2026-01-19,2026-03-05,1809985.87,0
2811,182,2026-05-30,2026-07-14,2064927.07,0
2812,182,2025-01-29,2025-03-15,2703495.86,0
2813,182,2026-07-25,2026-09-08,1456818.68,0
2814,182,2025-12-30,2026-02-13,446123.76,0
2815,182,2025-03-19,2025-05-03,1051750.54,0
2816,182,2025-10-12,2025-11-26,2130495.57,0
2817,182,2026-06-03,2026-07-18,624038.74,0
2818,182,2025-12-08,2026-01-22,1916016.97,0
2819,182,2025-07-25,2025-09-08,2454193.13,0
2820,182,2025-01-14,2025-02-28,2445954.42,0
2821,182,2026-08-08,2026-09-22,2126368.03,0
2822,182,2026-08-22,2026-10-06,2773375.95,0
2823,182,2026-09-07,2026-10-22,2004953.28,0
2824,182,2025-11-18,2026-01-02,2783663.2,0
2825,183,2026-09-03,2026-10-03,1293718.38,0
2826,183,2026-08-25,2026-09-24,2506721.63,0
2827,183,2026-07-03,2026-08-02,2743553.96,0
2828,183,2026-04-07,2026-05-07,2108787.2,0
2829,183,2026-06-19,2026-07-19,2429735.43,0
2830,183,2026-05-16,2026-06-15,411738.46,0
2831,183,2026-08-09,2026-09-08,1027272.52,0
2832,183,2026-04-30,2026-05-30,888525.93,0
2833,183,2026-08-01,2026-08-31,1006034.64,0
2834,183,2026-09-09,2026-10-09,911886.39,0
2835,183,2026-09-26,2026-10-26,666197.64,0
2836,183,2026-06-03,2026-07-03,2386054.92,0
2837,183,2026-07-20,2026-08-19,1298866.68,0
2838,183,2026-05-29,2026-06-28,2591803.52,0
2839,183,2026-07-06,2026-08-05,1556138.83,0
2840,183,2026-06-27,2026-07-27,1608350.03,0
2841,183,2026-08-19,2026-09-18,2226099.71,0
2842,183,2026-08-25,2026-09-24,1781932.59,0
2843,183,2026-09-13,2026-10-13,2305231.77,0
2844,183,2026-09-27,2026-10-27,2271752.05,0
2845,183,2026-05-20,2026-06-19,2726081.54,0
2846,184,2026-01-14,2026-02-13,427509.3,0
2847,184,2025-02-23,2025-03-25,597866.55,0
2848,184,2025-07-17,2025-08-16,248922.89,0
2849,184,2025-07-21,2025-08-20,219653.49,0
2850,184,2025-11-25,2025-12-25,203012.49,0
2851,184,2026-04-06,2026-05-06,342208.69,0
2852,184,2026-02-22,2026-03-24,290760.04,0
2853,184,2026-04-13,2026-05-13,320337.43,0
2854,184,2025-11-07,2025-12-07,136594.79,0
2855,184,2025-04-11,2025-05-11,150469.81,0
2856,184,2025-11-11,2025-12-11,498038.99,0
2857,184,2025-01-24,2025-02-23,328384.65,0
2858,184,2025-04-06,2025-05-06,71052.39,0
2859,184,2026-06-24,2026-07-24,467326.87,0
2860,185,2026-09-26,2026-11-25,1695310.72,0
2861,185,2025-05-30,2025-07-29,318021.1,0
2862,185,2025-01-04,2025-03-05,268473.42,0
2863,185,2025-12-27,2026-02-25,1500228.14,0
2864,185,2025-02-01,2025-04-02,359363.75,0
2865,185,2026-07-27,2026-09-25,1109376.8,0
2866,185,2026-07-24,2026-09-22,1425486.43,0
2867,185,2026-09-17,2026-11-16,1135099.28,0
2868,185,2025-02-15,2025-04-16,1087827.64,0
2869,185,2025-01-24,2025-03-25,2048632.43,0
2870,185,2025-07-06,2025-09-04,911097.36,0
2871,185,2026-05-04,2026-07-03,914534.42,0
2872,185,2026-08-17,2026-10-16,299632.08,0
2873,185,2026-05-30,2026-07-29,2728454.03,0
2874,185,2025-04-07,2025-06-06,2545484.93,0
2875,185,2025-05-18,2025-07-17,804627.41,0
2876,185,2025-12-22,2026-02-20,1329453.98,0
2877,185,2025-09-01,2025-10-31,429616.36,0
2878,186,2026-09-23,2026-11-07,279484.91,0
2879,186,2025-08-01,2025-09-15,1082933.7,0
2880,186,2025-11-27,2026-01-11,2108422.8,0
2881,186,2025-11-12,2025-12-27,427949.69,0
2882,186,2026-01-06,2026-02-20,837397.6,0
2883,186,2025-04-06,2025-05-21,2690720.69,0
2884,186,2025-05-10,2025-06-24,1923220.44,0
2885,186,2026-06-26,2026-08-10,2155429.55,0
2886,186,2025-06-20,2025-08-04,1180953.5,0
2887,186,2025-06-12,2025-07-27,1585375.08,0
2888,186,2025-06-07,2025-07-22,868401.52,0
2889,186,2025-12-18,2026-02-01,1333360.42,0
2890,186,2026-05-23,2026-07-07,1526097.47,0
2891,186,2026-07-19,2026-09-02,800155.86,0
2892,186,2025-05-31,2025-07-15,443134.5,0
2893,186,2025-11-27,2026-01-11,2536891.16,0
2894,186,2026-05-16,2026-06-30,942817.24,0
2895,186,2025-03-07,2025-04-21,2046730.47,0
2896,187,2026-02-21,2026-03-23,4313690.03,0
2897,187,2026-03-23,2026-04-22,3882532.87,0
2898,187,2025-01-09,2025-02-08,9669743.57,0
2899,187,2026-06-01,2026-07-01,8754494.35,0
2900,187,2025-12-02,2026-01-01,6425829.11,0
2901,187,2025-05-29,2025-06-28,2112025.92,0
2902,187,2025-06-21,2025-07-21,5504134.61,0
2903,187,2025-02-20,2025-03-22,10067209.13,0
2904,187,2025-07-21,2025-08-20,9635897.63,0
2905,187,2026-01-19,2026-02-18,8527781.0,0
2906,187,2025-09-25,2025-10-25,3516630.04,0
2907,187,2026-02-07,2026-03-09,1292667.93,0
2908,187,2025-05-22,2025-06-21,5659417.04,0
2909,187,2025-11-03,2025-12-03,6890888.47,0
2910,187,2026-02-23,2026-03-25,5166695.86,0
2911,187,2026-01-09,2026-02-08,7983484.91,0
2912,187,2025-08-11,2025-09-10,6247994.92,0
2913,187,2025-11-24,2025-12-24,6170616.4,0
2914,187,2026-01-15,2026-02-14,4717583.62,0
2915,187,2025-01-03,2025-02-02,5179785.89,0
2916,187,2026-07-31,2026-08-30,7590886.59,0
2917,187,2026-05-10,2026-06-09,4496585.25,0
2918,187,2026-09-11,2026-10-11,8395224.39,0
2919,187,2025-04-13,2025-05-13,5022662.75,0
2920,187,2025-12-11,2026-01-10,7264450.45,0
2921,187,2026-01-24,2026-02-23,8389266.82,0
2922,187,2025-09-27,2025-10-27,7126964.86,0
2923,187,2026-03-19,2026-04-18,6055617.25,0
2924,188,2025-02-25,2025-02-25,1486404.83,0
2925,188,2025-04-26,2025-04-26,1125182.0,0
2926,188,2026-04-19,2026-04-19,1404426.65,0
2927,188,2025-09-04,2025-09-04,1937823.54,0
2928,188,2026-01-10,2026-01-10,1438843.96,0
2929,188,2025-12-17,2025-12-17,932130.54,0
2930,188,2026-01-19,2026-01-19,1437038.08,0
2931,188,2025-05-29,2025-05-29,1613201.09,0
2932,188,2025-12-19,2025-12-19,1484120.1,0
2933,188,2026-05-29,2026-05-29,490165.89,0
2934,188,2025-09-26,2025-09-26,1847858.78,0
2935,188,2025-08-07,2025-08-07,2138658.63,0
2936,188,2026-04-01,2026-04-01,1862012.23,0
2937,188,2026-08-28,2026-08-28,1492197.85,0
2938,188,2025-11-24,2025-11-24,1704078.41,0
2939,188,2025-10-18,2025-10-18,1194530.06,0
2940,188,2025-04-14,2025-04-14,289395.16,0
2941,188,2025-02-10,2025-02-10,2180424.94,0
2942,188,2026-08-12,2026-08-12,325615.53,0
2943,188,2026-06-26,2026-06-26,1040258.78,0
2944,188,2026-08-16,2026-08-16,2314681.07,0
2945,188,2026-08-23,2026-08-23,1326004.51,0
2946,188,2025-09-03,2025-09-03,1182116.93,0
2947,188,2026-02-22,2026-02-22,356417.13,0
2948,189,2025-11-14,2025-11-14,1026557.45,0
2949,189,2025-08-19,2025-08-19,391102.31,0
2950,189,2025-10-02,2025-10-02,589353.65,0
2951,189,2025-01-12,2025-01-12,727625.37,0
2952,189,2026-01-09,2026-01-09,628291.05,0
2953,189,2025-12-17,2025-12-17,264215.76,0
2954,189,2025-09-28,2025-09-28,769240.31,0
2955,189,2026-06-20,2026-06-20,464726.61,0
2956,189,2025-06-20,2025-06-20,162536.48,0
2957,189,2026-01-22,2026-01-22,169304.04,0
2958,189,2025-12-08,2025-12-08,867611.49,0
2959,189,2025-11-23,2025-11-23,523444.75,0
2960,189,2026-01-19,2026-01-19,748983.17,0
2961,189,2026-06-18,2026-06-18,183653.51,0
2962,189,2025-08-07,2025-08-07,456764.67,0
2963,189,2025-12-13,2025-12-13,228609.1,0
2964,189,2026-04-01,2026-04-01,894001.29,0
2965,189,2026-07-04,2026-07-04,837450.56,0
2966,190,2025-11-28,2026-01-27,1154281.5,0
2967,190,2025-06-23,2025-08-22,2033448.51,0
2968,190,2025-10-26,2025-12-25,1799881.05,0
2969,190,2026-03-08,2026-05-07,2416480.8,0
2970,190,2026-09-11,2026-11-10,1494164.92,0
2971,190,2026-05-10,2026-07-09,2504937.22,0
2972,190,2026-07-13,2026-09-11,1975368.33,0
2973,190,2026-07-29,2026-09-27,457842.37,0
2974,190,2025-06-15,2025-08-14,1538792.44,0
2975,190,2026-09-22,2026-11-21,1674079.12,0
2976,190,2025-02-07,2025-04-08,1333284.09,0
2977,190,2025-01-21,2025-03-22,1538091.77,0
2978,190,2026-05-14,2026-07-13,2364553.36,0
2979,190,2025-04-28,2025-06-27,2556536.17,0
2980,191,2025-06-25,2025-08-24,1584893.15,1
2981,191,2025-06-28,2025-08-27,661861.12,0
2982,191,2026-06-07,2026-08-06,1757585.89,0
2983,191,2025-05-25,2025-07-24,3067486.33,0
2984,191,2026-05-31,2026-07-30,2948179.47,0
2985,191,2025-03-26,2025-05-25,313637.53,0
2986,191,2025-03-28,2025-05-27,1836057.53,0
2987,191,2025-05-06,2025-07-05,383194.56,0
2988,191,2025-04-01,2025-05-31,781733.84,0
2989,191,2026-08-20,2026-10-19,2560907.85,0
2990,191,2025-12-14,2026-02-12,2885683.63,0
2991,191,2026-05-20,2026-07-19,560626.91,0
2992,191,2025-02-28,2025-04-29,3158405.48,0
2993,192,2026-03-23,2026-04-22,913400.3,1
2994,192,2025-10-14,2025-11-13,305463.05,0
2995,192,2026-08-25,2026-09-24,857076.57,0
2996,192,2026-04-29,2026-05-29,819892.07,0
2997,192,2026-03-07,2026-04-06,808480.18,0
2998,192,2025-09-28,2025-10-28,1044763.07,0
2999,192,2025-10-15,2025-11-14,951028.84,0
3000,192,2025-08-11,2025-09-10,899949.4,0
3001,192,2025-12-16,2026-01-15,901320.49,0
3002,192,2026-01-04,2026-02-03,874923.31,0
3003,192,2025-05-01,2025-05-31,190978.73,0
3004,192,2026-01-06,2026-02-05,368332.81,0
3005,192,2026-06-09,2026-07-09,632663.41,0
3006,192,2025-10-02,2025-11-01,995542.4,0
3007,192,2026-09-16,2026-10-16,577171.81,0
3008,192,2026-03-03,2026-04-02,100951.47,0
3009,192,2025-07-06,2025-08-05,975282.18,0
3010,192,2026-02-24,2026-03-26,840516.25,0
3011,193,2026-03-31,2026-05-15,1046458.13,0
3012,193,2025-05-14,2025-06-28,4144951.28,0
3013,193,2026-02-21,2026-04-07,4053690.86,0
3014,193,2025-09-05,2025-10-20,932068.77,0
3015,193,2025-09-16,2025-10-31,2391507.12,0
3016,193,2025-01-03,2025-02-17,3152490.55,0
3017,193,2026-07-05,2026-08-19,6231710.31,0
3018,193,2026-05-09,2026-06-23,5178575.7,0
3019,193,2025-09-29,2025-11-13,2224373.8,0
3020,193,2025-09-09,2025-10-24,1282456.4,0
3021,193,2026-06-17,2026-08-01,5613137.63,0
3022,193,2025-01-07,2025-02-21,2673494.26,0
3023,193,2025-05-16,2025-06-30,2937046.54,0
3024,193,2026-04-03,2026-05-18,4083881.3,0
3025,193,2026-08-28,2026-10-12,6686114.37,0
3026,193,2026-05-08,2026-06-22,818769.02,0
3027,193,2025-11-30,2026-01-14,4185169.0,0
3028,193,2026-07-07,2026-08-21,5791103.91,0
3029,193,2026-06-16,2026-07-31,3781203.38,0
3030,193,2026-01-06,2026-02-20,5702102.73,0
3031,194,2025-08-29,2025-08-29,1384550.96,0
3032,194,2025-11-16,2025-11-16,2074681.8,0
3033,194,2025-06-13,2025-06-13,3956988.13,0
3034,194,2025-10-06,2025-10-06,770751.55,0
3035,194,2025-03-11,2025-03-11,716657.46,0
3036,194,2025-01-19,2025-01-19,4193610.91,0
3037,194,2026-04-04,2026-04-04,1663739.32,0
3038,194,2025-12-16,2025-12-16,1853302.31,0
3039,194,2025-01-14,2025-01-14,3199751.51,0
3040,194,2026-02-12,2026-02-12,3017561.81,0
3041,194,2025-09-23,2025-09-23,2060750.32,0
3042,194,2026-06-29,2026-06-29,2092755.55,0
3043,194,2025-04-08,2025-04-08,2201916.4,0
3044,194,2025-05-16,2025-05-16,583002.18,0
3045,194,2025-12-28,2025-12-28,1056373.72,0
3046,195,2025-12-18,2026-01-02,2013683.96,0
3047,195,2025-11-27,2025-12-12,2893773.08,0
3048,195,2026-09-11,2026-09-26,2366958.22,0
3049,195,2025-01-20,2025-02-04,3192920.82,0
3050,195,2025-04-24,2025-05-09,3483740.87,0
3051,195,2026-08-20,2026-09-04,1618545.32,0
3052,195,2025-03-23,2025-04-07,1954820.7,0
3053,195,2026-08-12,2026-08-27,3347902.94,0
3054,195,2026-04-06,2026-04-21,1054030.2,0
3055,195,2026-04-18,2026-05-03,1836052.66,0
3056,195,2025-07-15,2025-07-30,2333140.43,0
3057,195,2026-05-23,2026-06-07,827330.94,0
3058,195,2026-05-03,2026-05-18,653016.46,0
3059,195,2025-11-11,2025-11-26,1012961.48,0
3060,195,2025-02-14,2025-03-01,2971737.05,0
3061,195,2025-08-20,2025-09-04,1164674.04,0
3062,195,2026-03-05,2026-03-20,3375228.02,0
3063,195,2026-08-05,2026-08-20,1218657.49,0
3064,195,2025-12-29,2026-01-13,1845373.52,0
3065,195,2025-05-22,2025-06-06,702850.4,0
3066,195,2026-02-27,2026-03-14,2802048.39,0
3067,196,2025-01-14,2025-01-14,4668249.64,0
3068,196,2025-12-04,2025-12-04,3381933.28,0
3069,196,2025-06-17,2025-06-17,1207990.21,0
3070,196,2026-09-24,2026-09-24,2452830.24,0
3071,196,2026-05-08,2026-05-08,4230079.81,0
3072,196,2025-06-22,2025-06-22,1247587.62,0
3073,196,2025-08-30,2025-08-30,2382883.41,1
3074,196,2025-07-27,2025-07-27,1137597.79,0
3075,196,2026-04-10,2026-04-10,2401580.32,0
3076,196,2026-04-08,2026-04-08,2865543.06,0
3077,196,2025-10-18,2025-10-18,1294973.32,0
3078,196,2025-05-28,2025-05-28,3925768.26,0
3079,196,2026-08-08,2026-08-08,1528242.47,0
3080,196,2026-02-14,2026-02-14,3269913.98,0
3081,196,2025-12-22,2025-12-22,1287683.9,0
3082,196,2025-07-22,2025-07-22,1640975.86,0
3083,196,2025-08-27,2025-08-27,1780724.16,0
3084,196,2025-02-21,2025-02-21,1317784.88,0
3085,196,2025-09-17,2025-09-17,553866.24,0
3086,196,2026-04-15,2026-04-15,1204956.15,0
3087,196,2025-01-30,2025-01-30,2789873.73,0
3088,197,2026-06-07,2026-07-07,1431255.02,0
3089,197,2025-12-20,2026-01-19,1595469.86,0
3090,197,2025-11-14,2025-12-14,1127984.59,0
3091,197,2025-12-08,2026-01-07,1257210.44,0
3092,197,2025-05-05,2025-06-04,1580618.36,0
3093,197,2025-10-12,2025-11-11,805327.32,1
3094,197,2026-03-17,2026-04-16,342519.38,0
3095,197,2026-07-04,2026-08-03,1201413.0,0
3096,197,2025-01-01,2025-01-31,883122.29,0
3097,197,2025-02-26,2025-03-28,653027.68,0
3098,197,2026-04-02,2026-05-02,886926.63,0
3099,197,2026-03-09,2026-04-08,188365.9,0
3100,197,2025-02-21,2025-03-23,1322287.28,0
3101,197,2026-05-28,2026-06-27,1041629.01,0
3102,197,2025-04-28,2025-05-28,767397.98,0
3103,197,2026-06-05,2026-07-05,907011.47,0
3104,197,2026-09-03,2026-10-03,223193.49,0
3105,198,2026-09-23,2026-10-23,1363861.47,0
3106,198,2026-09-08,2026-10-08,1668794.23,0
3107,198,2026-06-18,2026-07-18,1468595.19,0
3108,198,2026-08-31,2026-09-30,396940.47,0
3109,198,2026-07-01,2026-07-31,712727.84,0
3110,198,2026-09-22,2026-10-22,505112.17,0
3111,198,2026-08-30,2026-09-29,1673679.98,0
3112,198,2026-07-13,2026-08-12,704687.12,0
3113,198,2026-05-29,2026-06-28,566339.69,0
3114,198,2026-08-23,2026-09-22,869104.6,0
3115,198,2026-06-03,2026-07-03,284401.73,0
3116,198,2026-08-19,2026-09-18,481565.15,0
3117,198,2026-05-31,2026-06-30,956049.14,0
3118,198,2026-05-17,2026-06-16,365524.34,0
3119,199,2025-04-16,2025-05-16,2278342.24,0
3120,199,2025-01-25,2025-02-24,7218568.33,0
3121,199,2026-06-04,2026-07-04,10437867.5,0
3122,199,2026-05-23,2026-06-22,4754031.27,0
3123,199,2025-11-14,2025-12-14,4524062.71,0
3124,199,2025-08-14,2025-09-13,8315491.22,0
3125,199,2026-09-26,2026-10-26,9893648.69,0
3126,199,2025-10-12,2025-11-11,1921023.3,0
3127,199,2025-11-18,2025-12-18,10407548.42,0
3128,199,2025-04-13,2025-05-13,5909941.98,0
3129,199,2026-04-09,2026-05-09,8368695.35,0
3130,199,2025-10-21,2025-11-20,1273948.46,0
3131,199,2025-04-15,2025-05-15,2670741.13,0
3132,199,2026-06-04,2026-07-04,9372592.23,1
3133,199,2025-03-13,2025-04-12,4863050.32,0
3134,199,2025-07-04,2025-08-03,2988094.9,0
3135,199,2025-02-04,2025-03-06,6503550.88,0
3136,199,2025-05-24,2025-06-23,5446899.28,0
3137,199,2025-11-07,2025-12-07,2390810.54,0
3138,199,2026-07-23,2026-08-22,2332082.55,0
3139,199,2025-02-12,2025-03-14,3073092.12,0
3140,199,2026-06-30,2026-07-30,1203035.24,0
3141,199,2025-05-05,2025-06-04,6701114.69,0
3142,199,2025-03-29,2025-04-28,1135269.88,0
3143,200,2026-01-23,2026-03-09,3360521.86,0
3144,200,2026-05-13,2026-06-27,1609462.25,0
3145,200,2025-03-22,2025-05-06,1198891.81,0
3146,200,2025-11-16,2025-12-31,331063.89,0
3147,200,2025-04-29,2025-06-13,1723789.69,0
3148,200,2026-08-10,2026-09-24,2683488.49,0
3149,200,2026-04-10,2026-05-25,620279.99,0
3150,200,2025-03-12,2025-04-26,369699.03,0
3151,201,2026-09-26,2026-10-26,4615280.75,0
3152,201,2026-06-22,2026-07-22,3478576.52,0
3153,201,2026-09-22,2026-10-22,2449155.48,0
3154,201,2026-02-19,2026-03-21,6766219.44,0
3155,201,2026-04-07,2026-05-07,2843794.55,0
3156,201,2025-12-23,2026-01-22,3729026.79,0
3157,201,2025-10-30,2025-11-29,3204823.67,0
3158,201,2026-02-02,2026-03-04,6558534.16,0
3159,201,2025-11-04,2025-12-04,6211609.44,0
3160,201,2026-06-16,2026-07-16,4382028.93,0
3161,201,2025-04-20,2025-05-20,762260.25,0
3162,201,2025-01-05,2025-02-04,5422358.8,0
3163,201,2026-08-11,2026-09-10,6407700.08,0
3164,202,2025-10-12,2025-11-26,681443.9,0
3165,202,2026-01-01,2026-02-15,410820.09,0
3166,202,2025-08-27,2025-10-11,728960.0,0
3167,203,2025-01-28,2025-03-29,5838678.51,0
3168,203,2025-02-26,2025-04-27,2591146.88,0
3169,203,2025-08-08,2025-10-07,5203781.91,0
3170,203,2026-04-13,2026-06-12,2106291.44,0
3171,203,2025-06-08,2025-08-07,2347496.3,0
3172,203,2025-07-20,2025-09-18,5673791.01,0
3173,203,2025-09-07,2025-11-06,5947798.95,0
3174,203,2026-07-21,2026-09-19,3500704.18,0
3175,203,2025-07-25,2025-09-23,5662597.71,0
3176,203,2026-03-27,2026-05-26,6598243.76,0
3177,203,2025-11-24,2026-01-23,3560048.23,0
3178,203,2025-05-20,2025-07-19,2769607.55,0
3179,203,2025-09-27,2025-11-26,3116127.46,0
3180,204,2026-09-06,2026-10-06,5191022.69,0
3181,204,2025-04-12,2025-05-12,5235511.04,0
3182,204,2025-05-10,2025-06-09,4467755.17,0
3183,204,2025-01-08,2025-02-07,906626.88,0
3184,204,2025-03-27,2025-04-26,5835048.07,0
3185,204,2026-04-16,2026-05-16,1832169.32,0
3186,204,2026-06-11,2026-07-11,1124164.3,0
3187,204,2025-01-02,2025-02-01,900024.21,0
3188,204,2026-01-20,2026-02-19,5926131.66,0
3189,204,2026-07-29,2026-08-28,6057263.35,0
3190,204,2025-03-17,2025-04-16,992712.41,0
3191,204,2026-04-23,2026-05-23,6671599.99,0
3192,204,2026-01-07,2026-02-06,6804333.46,0
3193,204,2026-06-28,2026-07-28,4100482.18,0
3194,204,2026-02-12,2026-03-14,5860463.3,0
3195,204,2025-08-17,2025-09-16,5902207.85,0
3196,205,2025-12-18,2026-01-17,373859.19,0
3197,205,2026-02-16,2026-03-18,1438069.23,0
3198,205,2026-09-12,2026-10-12,1503143.14,0
3199,205,2025-06-19,2025-07-19,1648051.86,0
3200,205,2026-06-17,2026-07-17,595473.79,0
3201,205,2026-03-16,2026-04-15,1376790.28,0
3202,205,2025-11-13,2025-12-13,1403045.88,0
3203,205,2026-07-30,2026-08-29,949491.44,0
3204,205,2025-02-27,2025-03-29,1383477.48,0
3205,205,2026-05-09,2026-06-08,999034.64,0
3206,205,2025-01-17,2025-02-16,1291182.87,0
3207,205,2025-06-22,2025-07-22,335967.75,0
3208,205,2025-07-14,2025-08-13,668401.41,0
3209,205,2025-11-24,2025-12-24,701520.86,0
3210,205,2026-08-08,2026-09-07,462904.58,0
3211,205,2025-11-20,2025-12-20,1371825.4,0
3212,205,2025-03-29,2025-04-28,267584.72,0
3213,205,2026-04-12,2026-05-12,168959.13,0
3214,205,2026-03-18,2026-04-17,316516.72,0
3215,205,2025-06-14,2025-07-14,478458.07,0
3216,205,2026-06-05,2026-07-05,1269080.55,0
3217,205,2026-07-27,2026-08-26,372904.62,0
3218,205,2026-04-29,2026-05-29,1242723.06,0
3219,205,2026-03-28,2026-04-27,517244.38,0
3220,206,2026-02-16,2026-05-17,6183966.59,0
3221,206,2026-02-28,2026-05-29,5093793.92,0
3222,206,2026-05-23,2026-08-21,4031972.56,0
3223,206,2026-05-06,2026-08-04,1777194.33,0
3224,206,2026-07-19,2026-10-17,3814315.99,0
3225,206,2026-04-17,2026-07-16,7716050.8,0
3226,206,2026-04-13,2026-07-12,3993492.44,0
3227,206,2026-08-10,2026-11-08,9582380.19,0
3228,206,2026-07-24,2026-10-22,3536717.05,0
3229,206,2026-05-06,2026-08-04,8646034.4,0
3230,206,2026-02-18,2026-05-19,9198900.5,0
3231,206,2026-03-14,2026-06-12,4951457.97,0
3232,206,2026-04-30,2026-07-29,988797.52,0
3233,206,2026-05-21,2026-08-19,1856065.92,0
3234,206,2026-08-31,2026-11-29,7950055.6,0
3235,206,2026-03-08,2026-06-06,4060299.16,0
3236,206,2026-08-07,2026-11-05,2531581.41,1
3237,206,2026-03-16,2026-06-14,3738894.3,0
3238,206,2026-08-10,2026-11-08,4890742.43,0
3239,207,2025-11-08,2025-12-08,1578055.91,0
3240,207,2025-11-10,2025-12-10,2835331.21,0
3241,207,2025-02-17,2025-03-19,4153623.82,0
3242,207,2025-11-29,2025-12-29,1982838.23,0
3243,207,2025-07-01,2025-07-31,2378956.53,0
3244,207,2026-08-25,2026-09-24,539668.86,0
3245,207,2026-06-04,2026-07-04,483566.73,0
3246,207,2026-03-19,2026-04-18,773553.44,0
3247,207,2025-08-14,2025-09-13,2216285.7,0
3248,207,2026-01-09,2026-02-08,3312034.89,0
3249,207,2026-04-01,2026-05-01,2830441.85,0
3250,207,2025-07-12,2025-08-11,4219221.58,0
3251,207,2026-04-24,2026-05-24,2426050.4,0
3252,207,2025-04-17,2025-05-17,871263.1,0
3253,207,2026-08-08,2026-09-07,2680823.13,0
3254,207,2025-12-23,2026-01-22,3614628.26,0
3255,207,2026-09-02,2026-10-02,4178890.74,0
3256,207,2026-06-11,2026-07-11,1389636.16,0
3257,207,2026-06-13,2026-07-13,3266215.45,0
3258,207,2025-04-30,2025-05-30,4038965.19,0
3259,207,2026-09-01,2026-10-01,1057899.94,0
3260,207,2026-02-08,2026-03-10,4938198.1,0
3261,208,2026-07-29,2026-08-13,1527248.45,0
3262,208,2025-09-22,2025-10-07,1391507.72,0
3263,208,2026-05-24,2026-06-08,1089816.82,0
3264,208,2025-11-01,2025-11-16,1400934.06,0
3265,208,2025-10-11,2025-10-26,326510.93,0
3266,208,2025-06-24,2025-07-09,1340107.74,0
3267,208,2026-04-08,2026-04-23,1478551.36,0
3268,208,2025-09-23,2025-10-08,549177.04,0
3269,208,2026-08-05,2026-08-20,1335235.41,0
3270,208,2026-03-16,2026-03-31,732198.83,0
3271,208,2026-03-03,2026-03-18,1215589.05,0
3272,208,2025-02-09,2025-02-24,932089.14,0
3273,208,2026-04-23,2026-05-08,895106.77,0
3274,208,2025-07-17,2025-08-01,656084.71,0
3275,208,2025-06-10,2025-06-25,387779.56,0
3276,209,2025-12-08,2025-12-23,3724165.96,0
3277,209,2026-02-07,2026-02-22,1962292.86,0
3278,209,2025-12-05,2025-12-20,4332537.79,0
3279,209,2025-05-12,2025-05-27,1629201.98,0
3280,209,2026-01-01,2026-01-16,1957023.9,0
3281,209,2025-02-11,2025-02-26,2423151.69,0
3282,209,2026-04-27,2026-05-12,4286138.01,0
3283,209,2025-04-06,2025-04-21,5041449.04,0
3284,209,2025-01-15,2025-01-30,4495146.65,0
3285,209,2025-06-03,2025-06-18,4800488.63,0
3286,209,2025-01-28,2025-02-12,2200453.18,0
3287,209,2025-09-20,2025-10-05,2230696.23,0
3288,209,2025-02-22,2025-03-09,1055132.35,0
3289,209,2026-07-06,2026-07-21,3357432.67,0
3290,209,2025-05-21,2025-06-05,2793161.39,0
3291,209,2025-09-08,2025-09-23,2371475.48,0
3292,209,2025-05-26,2025-06-10,5000592.79,0
3293,209,2025-03-05,2025-03-20,3158322.12,0
3294,209,2025-04-17,2025-05-02,2647975.47,0
3295,210,2025-08-02,2025-09-01,2218249.0,0
3296,210,2025-06-17,2025-07-17,6439132.74,0
3297,210,2025-08-25,2025-09-24,4364263.66,0
3298,210,2025-06-11,2025-07-11,4299145.17,0
3299,210,2026-03-04,2026-04-03,869591.85,0
3300,210,2026-06-08,2026-07-08,2092310.84,0
3301,210,2025-07-06,2025-08-05,3505791.99,0
3302,210,2026-04-01,2026-05-01,5651430.19,0
3303,210,2025-07-18,2025-08-17,1564645.73,0
3304,211,2026-01-16,2026-01-31,1801675.4,0
3305,211,2025-05-08,2025-05-23,2893483.23,0
3306,211,2025-06-28,2025-07-13,3480823.79,0
3307,211,2026-08-12,2026-08-27,3351186.49,0
3308,211,2025-07-16,2025-07-31,2563820.04,0
3309,211,2025-05-06,2025-05-21,1393120.39,0
3310,211,2026-06-16,2026-07-01,2036795.99,1
3311,211,2025-11-27,2025-12-12,537666.29,0
3312,211,2026-08-31,2026-09-15,3402125.16,0
3313,211,2026-08-25,2026-09-09,2164426.58,0
3314,211,2025-09-08,2025-09-23,3116375.31,0
3315,211,2026-05-22,2026-06-06,2451204.27,0
3316,212,2025-01-03,2025-01-18,6558156.81,0
3317,212,2025-04-16,2025-05-01,2948922.02,0
3318,212,2025-02-26,2025-03-13,3616291.94,0
3319,212,2026-03-30,2026-04-14,4421456.59,0
3320,212,2025-12-02,2025-12-17,6836451.58,0
3321,212,2025-01-01,2025-01-16,927946.55,0
3322,212,2025-06-30,2025-07-15,675652.14,0
3323,212,2026-04-30,2026-05-15,1646222.81,0
3324,213,2026-09-23,2026-10-08,2743365.54,0
3325,213,2025-03-27,2025-04-11,1594283.33,0
3326,213,2025-10-26,2025-11-10,425918.01,0
3327,213,2025-09-02,2025-09-17,1767475.06,0
3328,213,2026-03-31,2026-04-15,2826127.13,0
3329,213,2026-01-24,2026-02-08,2007434.25,0
3330,213,2025-01-05,2025-01-20,2979944.53,0
3331,213,2025-02-17,2025-03-04,2859803.38,0
3332,213,2026-06-06,2026-06-21,552290.52,0
3333,213,2025-12-12,2025-12-27,1910610.42,0
3334,214,2026-06-01,2026-06-16,549505.68,0
3335,214,2026-03-21,2026-04-05,502543.64,0
3336,214,2026-08-22,2026-09-06,611425.44,0
3337,214,2026-08-16,2026-08-31,697098.02,0
3338,214,2026-04-29,2026-05-14,288458.15,0
3339,214,2026-08-22,2026-09-06,659676.31,0
3340,215,2026-05-23,2026-06-07,3630949.4,0
3341,215,2026-08-12,2026-08-27,2931799.93,0
3342,215,2025-04-15,2025-04-30,3897655.88,0
3343,215,2025-09-19,2025-10-04,3372481.11,0
3344,215,2025-10-29,2025-11-13,1287623.64,0
3345,215,2026-05-01,2026-05-16,5185999.91,0
3346,215,2026-04-15,2026-04-30,1329175.35,0
3347,215,2025-07-05,2025-07-20,2484351.73,0
3348,215,2026-05-31,2026-06-15,2938655.94,0
3349,215,2025-10-28,2025-11-12,1788147.26,0
3350,215,2025-03-12,2025-03-27,1580880.74,1
3351,215,2026-09-18,2026-10-03,4895781.0,0
3352,215,2025-08-07,2025-08-22,2446554.49,0
3353,215,2025-12-07,2025-12-22,3634743.65,0
3354,215,2026-09-10,2026-09-25,580633.74,0
3355,215,2025-10-21,2025-11-05,4230604.66,0
3356,215,2025-03-13,2025-03-28,5159704.23,0
3357,215,2025-05-16,2025-05-31,3815906.74,0
3358,215,2026-03-05,2026-03-20,2059381.79,0
3359,216,2026-05-19,2026-06-18,154709.55,0
3360,216,2026-03-05,2026-04-04,270530.9,0
3361,216,2025-03-20,2025-04-19,291318.64,0
3362,216,2025-02-18,2025-03-20,959923.88,0
3363,216,2025-12-22,2026-01-21,687679.58,0
3364,216,2025-10-31,2025-11-30,166708.68,0
3365,216,2026-06-19,2026-07-19,258979.76,0
3366,216,2026-03-20,2026-04-19,650639.7,0
3367,216,2025-10-07,2025-11-06,464508.75,0
3368,217,2025-12-03,2026-03-03,2379508.07,0
3369,217,2025-06-21,2025-09-19,8719116.4,0
3370,217,2025-06-21,2025-09-19,2912238.53,0
3371,217,2025-10-28,2026-01-26,2117049.75,0
3372,217,2026-07-09,2026-10-07,7643264.98,0
3373,217,2026-04-19,2026-07-18,7992297.6,0
3374,217,2026-04-05,2026-07-04,6285966.05,0
3375,217,2025-01-08,2025-04-08,4804319.01,0
3376,217,2026-01-13,2026-04-13,5511251.11,0
3377,217,2025-05-13,2025-08-11,9144272.58,0
3378,217,2025-12-05,2026-03-05,2944469.14,0
3379,217,2025-03-04,2025-06-02,9938575.68,0
3380,217,2025-12-19,2026-03-19,8731821.22,0
3381,217,2025-06-17,2025-09-15,8471129.7,0
3382,217,2026-02-25,2026-05-26,5903592.58,0
3383,217,2026-08-16,2026-11-14,8539332.42,0
3384,217,2025-10-28,2026-01-26,1900907.29,0
3385,217,2025-03-12,2025-06-10,4352977.09,0
3386,217,2025-08-27,2025-11-25,5965376.93,0
3387,217,2026-09-16,2026-12-15,997528.36,0
3388,217,2025-09-28,2025-12-27,8062827.85,0
3389,217,2025-07-02,2025-09-30,6886556.9,0
3390,217,2026-04-22,2026-07-21,9712989.93,0
3391,217,2025-09-26,2025-12-25,9924161.0,0
3392,217,2025-02-02,2025-05-03,5586621.12,0
3393,217,2025-03-02,2025-05-31,1717375.24,0
3394,217,2025-05-01,2025-07-30,3216709.24,0
3395,217,2026-01-20,2026-04-20,2280295.2,0
3396,217,2025-01-18,2025-04-18,9987799.3,0
3397,217,2025-07-22,2025-10-20,4030342.87,0
3398,217,2026-04-17,2026-07-16,1580426.5,0
3399,217,2026-09-28,2026-12-27,4433672.51,0
3400,217,2025-12-28,2026-03-28,10122857.92,0
3401,217,2026-01-12,2026-04-12,1144013.28,0
3402,217,2025-03-26,2025-06-24,5153860.27,0
3403,217,2025-10-21,2026-01-19,9516677.79,0
3404,217,2026-01-11,2026-04-11,2276756.92,0
3405,218,2025-07-09,2025-09-07,298050.19,0
3406,218,2025-07-29,2025-09-27,214576.3,0
3407,218,2025-09-26,2025-11-25,891167.05,0
3408,218,2026-01-07,2026-03-08,1243123.2,0
3409,218,2025-06-22,2025-08-21,1330522.69,0
3410,218,2026-03-23,2026-05-22,523682.54,0
3411,218,2025-09-14,2025-11-13,294406.69,0
3412,218,2025-11-21,2026-01-20,1082791.34,0
3413,218,2025-08-31,2025-10-30,1596780.1,0
3414,218,2025-04-27,2025-06-26,476314.17,0
3415,218,2025-09-26,2025-11-25,1431671.46,0
3416,218,2026-03-19,2026-05-18,1257047.26,0
3417,218,2025-07-10,2025-09-08,939710.11,0
3418,218,2026-09-27,2026-11-26,288099.84,0
3419,218,2025-07-28,2025-09-26,954001.27,0
3420,218,2025-06-16,2025-08-15,1138910.5,0
3421,219,2025-03-12,2025-04-11,16080538.33,0
3422,219,2026-09-26,2026-10-26,3342424.02,0
3423,219,2026-05-06,2026-06-05,6148995.28,0
3424,219,2025-01-24,2025-02-23,13715079.29,0
3425,219,2026-08-30,2026-09-29,7386077.46,0
3426,219,2025-12-20,2026-01-19,2428502.06,0
3427,219,2025-06-07,2025-07-07,7229695.4,0
3428,219,2025-08-02,2025-09-01,3382750.56,0
3429,219,2026-05-31,2026-06-30,13149428.85,0
3430,219,2026-03-27,2026-04-26,17124859.91,0
3431,219,2026-08-11,2026-09-10,11292824.19,0
3432,219,2025-12-20,2026-01-19,11000927.64,0
3433,219,2026-02-11,2026-03-13,7855409.82,0
3434,219,2026-04-18,2026-05-18,2448243.38,0
3435,219,2025-01-10,2025-02-09,14001614.34,0
3436,219,2025-07-22,2025-08-21,5494354.75,0
3437,219,2026-02-20,2026-03-22,6902323.83,0
3438,219,2026-07-20,2026-08-19,4583166.08,0
3439,219,2026-09-07,2026-10-07,13215334.65,0
3440,219,2025-11-29,2025-12-29,16113347.36,0
3441,219,2025-12-12,2026-01-11,13383112.34,0
3442,219,2026-08-13,2026-09-12,16777045.66,0
3443,219,2026-06-16,2026-07-16,15290901.68,0
3444,219,2026-05-16,2026-06-15,4627232.96,0
3445,219,2025-09-04,2025-10-04,10010225.3,0
3446,219,2026-02-28,2026-03-30,8237466.08,0
3447,219,2025-09-30,2025-10-30,3072238.73,0
3448,219,2025-12-07,2026-01-06,7023315.06,0
3449,219,2025-05-05,2025-06-04,5662369.65,0
3450,219,2025-03-23,2025-04-22,7417943.29,0
3451,220,2025-05-02,2025-05-02,313163.96,0
3452,220,2026-09-15,2026-09-15,416217.47,0
3453,220,2026-01-24,2026-01-24,1704156.1,0
3454,220,2025-09-19,2025-09-19,1629838.97,0
3455,220,2026-05-27,2026-05-27,873323.24,0
3456,220,2025-11-19,2025-11-19,599295.65,0
3457,220,2026-03-11,2026-03-11,195859.54,0
3458,220,2025-05-21,2025-05-21,393500.41,0
3459,221,2026-04-01,2026-05-01,1339991.39,0
3460,221,2026-06-28,2026-07-28,520806.49,0
3461,221,2025-02-26,2025-03-28,1657681.71,0
3462,221,2025-09-22,2025-10-22,197002.66,0
3463,221,2026-02-21,2026-03-23,1242749.08,0
3464,221,2025-09-23,2025-10-23,1519812.06,0
3465,221,2025-09-04,2025-10-04,590151.25,0
3466,221,2025-10-06,2025-11-05,452111.1,0
3467,221,2026-04-20,2026-05-20,204281.83,0
3468,221,2026-08-14,2026-09-13,686614.42,0
3469,221,2025-07-05,2025-08-04,1100268.46,0
3470,221,2026-03-15,2026-04-14,1071724.34,0
3471,221,2026-05-03,2026-06-02,1498111.1,0
3472,222,2026-05-14,2026-06-28,2079185.66,0
3473,222,2026-07-24,2026-09-07,2712846.7,0
3474,222,2025-12-12,2026-01-26,1388087.3,0
3475,222,2026-08-03,2026-09-17,1012443.08,0
3476,222,2025-06-27,2025-08-11,1841314.1,0
3477,222,2025-06-03,2025-07-18,2255169.22,0
3478,222,2025-08-07,2025-09-21,1477486.71,0
3479,222,2026-08-11,2026-09-25,2783478.88,0
3480,222,2026-03-01,2026-04-15,2506266.45,0
3481,222,2025-12-16,2026-01-30,1565190.5,0
3482,222,2026-06-22,2026-08-06,2455179.94,0
3483,222,2025-03-16,2025-04-30,2626841.52,0
3484,223,2025-09-21,2025-09-21,2229303.04,0
3485,223,2025-03-03,2025-03-03,5452790.48,0
3486,223,2025-11-06,2025-11-06,6188241.95,0
3487,223,2025-12-11,2025-12-11,6808436.43,0
3488,223,2026-05-10,2026-05-10,6811125.15,0
3489,223,2026-07-28,2026-07-28,4187261.43,0
3490,223,2025-12-09,2025-12-09,6561097.44,0
3491,223,2025-06-17,2025-06-17,5431690.8,0
3492,223,2026-09-22,2026-09-22,3218237.15,0
3493,224,2026-08-31,2026-09-30,4495347.62,0
3494,224,2026-06-09,2026-07-09,4058708.41,0
3495,224,2025-08-19,2025-09-18,1238262.57,0
3496,224,2025-02-05,2025-03-07,3189067.27,0
3497,224,2026-03-22,2026-04-21,2810197.9,0
3498,224,2025-06-30,2025-07-30,3405315.41,0
3499,224,2025-12-15,2026-01-14,2345844.42,0
3500,224,2025-10-10,2025-11-09,881098.82,0
3501,224,2026-05-04,2026-06-03,3221494.97,1
3502,224,2025-02-11,2025-03-13,1380388.72,0
3503,224,2025-07-10,2025-08-09,2549823.87,0
3504,224,2026-01-16,2026-02-15,5021744.53,0
3505,225,2025-05-31,2025-06-30,2371347.57,0
3506,225,2026-07-26,2026-08-25,940338.15,0
3507,225,2025-03-05,2025-04-04,2604390.02,0
3508,225,2026-09-07,2026-10-07,3278251.49,0
3509,225,2025-09-22,2025-10-22,714459.11,0
3510,225,2025-08-25,2025-09-24,1789129.81,0
3511,225,2026-05-25,2026-06-24,2457342.1,0
3512,225,2026-08-22,2026-09-21,1299021.03,0
3513,225,2025-07-29,2025-08-28,2677803.5,1
3514,225,2025-07-22,2025-08-21,911479.65,0
3515,225,2026-06-11,2026-07-11,973734.77,0
3516,225,2025-03-26,2025-04-25,709224.47,0
3517,225,2026-01-16,2026-02-15,2708771.42,0
3518,225,2026-08-09,2026-09-08,2407920.32,0
3519,225,2026-01-01,2026-01-31,1282922.2,0
3520,225,2026-05-17,2026-06-16,2430200.95,0
3521,226,2026-09-09,2026-10-24,1671764.77,0
3522,226,2026-09-24,2026-11-08,953370.29,0
3523,226,2025-08-07,2025-09-21,2334109.54,0
3524,226,2026-09-14,2026-10-29,1799997.14,0
3525,226,2025-08-05,2025-09-19,556968.51,0
3526,226,2026-06-07,2026-07-22,1497218.96,0
3527,226,2025-01-31,2025-03-17,708853.68,1
3528,226,2026-03-23,2026-05-07,1690084.93,0
3529,226,2025-02-07,2025-03-24,1590471.76,0
3530,226,2026-08-05,2026-09-19,2146419.37,0
3531,227,2025-07-09,2025-08-23,10346740.37,0
3532,227,2026-02-15,2026-04-01,8595544.23,0
3533,227,2026-03-01,2026-04-15,8233014.6,0
3534,227,2026-07-31,2026-09-14,11305378.21,0
3535,227,2026-01-12,2026-02-26,7478691.12,0
3536,227,2026-04-24,2026-06-08,26464374.58,0
3537,227,2025-06-21,2025-08-05,11383654.73,0
3538,227,2025-07-29,2025-09-12,9698074.33,0
3539,227,2025-03-08,2025-04-22,13307763.8,0
3540,227,2025-01-24,2025-03-10,21543421.07,0
3541,227,2025-11-13,2025-12-28,10187693.96,0
3542,227,2026-04-26,2026-06-10,15560909.72,0
3543,227,2026-05-11,2026-06-25,27788023.65,0
3544,227,2026-01-10,2026-02-24,18745615.76,0
3545,227,2026-03-05,2026-04-19,13544424.05,0
3546,227,2025-08-28,2025-10-12,16212784.28,0
3547,227,2025-11-30,2026-01-14,5747659.4,0
3548,227,2025-03-31,2025-05-15,16560020.67,0
3549,227,2026-04-06,2026-05-21,13729091.09,0
3550,227,2025-09-09,2025-10-24,23271378.19,0
3551,227,2025-11-23,2026-01-07,18245622.87,0
3552,227,2026-09-15,2026-10-30,26778927.93,0
3553,227,2025-08-16,2025-09-30,10033158.83,0
3554,227,2025-04-25,2025-06-09,7178616.11,0
3555,227,2025-08-29,2025-10-13,15312739.84,0
3556,227,2026-09-29,2026-11-13,9842877.27,0
3557,227,2025-11-03,2025-12-18,17437580.26,0
3558,227,2026-08-20,2026-10-04,5536657.27,0
3559,227,2025-07-01,2025-08-15,5364284.29,0
3560,227,2025-11-17,2026-01-01,27463280.74,0
3561,227,2025-03-13,2025-04-27,18744924.65,0
3562,227,2026-09-09,2026-10-24,8073238.99,0
3563,227,2025-05-15,2025-06-29,24034366.14,0
3564,227,2025-11-18,2026-01-02,10480727.72,1
3565,228,2026-03-03,2026-04-02,1413709.5,1
3566,228,2025-12-10,2026-01-09,259727.86,0
3567,228,2026-01-12,2026-02-11,1690973.54,0
3568,228,2026-01-10,2026-02-09,1106379.87,0
3569,228,2026-06-18,2026-07-18,1150755.7,0
3570,228,2026-09-24,2026-10-24,506177.95,0
3571,228,2026-06-23,2026-07-23,1001607.66,0
3572,228,2026-02-08,2026-03-10,1105913.03,0
3573,228,2026-09-06,2026-10-06,1601475.62,0
3574,228,2025-12-03,2026-01-02,934633.12,0
3575,228,2026-02-11,2026-03-13,1690542.29,0
3576,228,2026-02-16,2026-03-18,1688752.78,0
3577,228,2026-04-09,2026-05-09,216157.72,0
3578,228,2026-07-24,2026-08-23,943642.73,0
3579,228,2026-07-12,2026-08-11,557818.59,1
3580,228,2026-06-17,2026-07-17,319946.87,0
3581,228,2026-06-25,2026-07-25,1412389.16,0
3582,228,2025-12-25,2026-01-24,1741483.73,0
3583,228,2026-01-11,2026-02-10,418829.34,0
3584,228,2025-12-27,2026-01-26,1017267.86,0
3585,228,2026-03-22,2026-04-21,1549682.55,0
3586,228,2025-12-25,2026-01-24,441375.43,0
3587,228,2026-02-02,2026-03-04,245308.19,0
3588,228,2026-05-18,2026-06-17,1110052.64,0
3589,229,2025-12-27,2026-01-26,197739.38,0
3590,229,2025-12-07,2026-01-06,1475815.0,0
3591,229,2025-12-15,2026-01-14,787399.62,0
3592,229,2026-07-14,2026-08-13,1613284.1,0
3593,229,2025-03-22,2025-04-21,638078.56,0
3594,229,2026-01-03,2026-02-02,876881.42,0
3595,229,2026-07-01,2026-07-31,610247.63,0
3596,229,2026-09-07,2026-10-07,1440275.38,0
3597,229,2025-10-20,2025-11-19,942590.5,0
3598,229,2025-10-28,2025-11-27,1225673.71,0
3599,229,2026-04-02,2026-05-02,1681703.81,0
3600,229,2026-07-08,2026-08-07,788427.99,1
3601,229,2025-07-14,2025-08-13,643506.43,0
3602,229,2026-02-27,2026-03-29,922986.97,0
3603,229,2026-05-25,2026-06-24,1343618.43,0
3604,229,2026-05-25,2026-06-24,1672952.82,0
3605,229,2025-06-01,2025-07-01,587626.26,0
3606,229,2025-01-01,2025-01-31,983598.22,0
3607,229,2026-09-07,2026-10-07,774766.3,0
3608,230,2025-03-31,2025-04-30,902937.0,0
3609,230,2025-01-18,2025-02-17,1354038.83,0
3610,230,2025-05-07,2025-06-06,321212.0,0
3611,230,2025-10-05,2025-11-04,3232534.99,0
3612,230,2025-03-18,2025-04-17,1199319.72,0
3613,230,2026-05-13,2026-06-12,1938379.84,0
3614,230,2026-05-09,2026-06-08,2193570.8,0
3615,230,2025-06-02,2025-07-02,609340.38,0
3616,230,2026-08-03,2026-09-02,3069580.4,0
3617,230,2025-01-16,2025-02-15,3372365.19,0
3618,230,2025-12-19,2026-01-18,3478814.42,0
3619,230,2025-08-11,2025-09-10,2473704.61,0
3620,230,2025-05-11,2025-06-10,1634436.83,0
3621,230,2026-06-30,2026-07-30,759859.47,0
3622,230,2025-07-10,2025-08-09,710436.86,0
3623,230,2026-04-23,2026-05-23,3403991.21,0
3624,230,2025-09-15,2025-10-15,1376510.22,0
3625,231,2025-07-14,2025-07-14,502970.76,0
3626,231,2026-05-08,2026-05-08,2393976.41,0
3627,231,2025-09-27,2025-09-27,802861.39,0
3628,231,2025-12-31,2025-12-31,604381.74,0
3629,231,2025-12-27,2025-12-27,2052037.88,0
3630,231,2026-05-06,2026-05-06,487512.79,0
3631,231,2025-09-06,2025-09-06,2511139.86,0
3632,231,2025-01-30,2025-01-30,476121.31,0
3633,231,2025-11-06,2025-11-06,819293.73,0
3634,231,2026-07-19,2026-07-19,2075369.37,0
3635,231,2025-04-05,2025-04-05,2384946.02,0
3636,231,2025-05-14,2025-05-14,535945.27,0
3637,232,2025-10-23,2025-12-07,1733431.03,0
3638,232,2026-09-09,2026-10-24,1063022.1,0
3639,232,2026-03-26,2026-05-10,275276.99,0
3640,232,2026-06-22,2026-08-06,798958.85,0
3641,232,2026-05-24,2026-07-08,894946.1,0
3642,233,2025-08-06,2025-09-20,36574747.43,0
3643,233,2026-05-08,2026-06-22,24934924.73,0
3644,233,2025-07-30,2025-09-13,11186356.5,1
3645,233,2025-11-03,2025-12-18,31321825.44,0
3646,233,2026-08-07,2026-09-21,9978230.28,0
3647,233,2026-02-11,2026-03-28,4846523.35,0
3648,233,2025-07-06,2025-08-20,11371567.51,0
3649,233,2026-08-16,2026-09-30,37326007.75,0
3650,233,2025-04-26,2025-06-10,40716928.34,0
3651,233,2025-09-25,2025-11-09,10562518.82,0
3652,233,2026-07-25,2026-09-08,29796838.5,0
3653,233,2026-01-21,2026-03-07,13292938.51,0
3654,233,2025-12-13,2026-01-27,25848353.39,0
3655,233,2026-08-10,2026-09-24,39390751.72,0
3656,233,2025-07-22,2025-09-05,38981609.37,0
3657,233,2026-05-24,2026-07-08,10407018.04,0
3658,233,2026-05-15,2026-06-29,17658517.9,0
3659,233,2025-04-02,2025-05-17,22244208.89,0
3660,233,2026-07-15,2026-08-29,28650517.71,0
3661,233,2026-09-15,2026-10-30,26906193.07,0
3662,234,2025-12-12,2026-01-26,16437591.45,0
3663,234,2026-02-24,2026-04-10,22776628.19,0
3664,234,2026-07-14,2026-08-28,40109221.28,0
3665,234,2026-02-24,2026-04-10,35299912.11,0
3666,234,2026-08-07,2026-09-21,40299650.89,0
3667,234,2026-02-10,2026-03-27,23964118.1,0
3668,234,2026-08-08,2026-09-22,18226178.3,0
3669,234,2026-01-19,2026-03-05,41147838.03,0
3670,234,2026-01-19,2026-03-05,20202178.66,0
3671,234,2026-05-05,2026-06-19,25396370.76,0
3672,234,2025-12-11,2026-01-25,29119605.12,0
3673,234,2026-06-03,2026-07-18,27333600.2,0
3674,234,2026-03-25,2026-05-09,29628631.96,0
3675,234,2026-02-01,2026-03-18,27613455.05,0
3676,234,2026-07-06,2026-08-20,16668737.81,0
3677,235,2026-08-21,2026-09-05,465128.48,0
3678,235,2025-09-02,2025-09-17,236048.79,0
3679,235,2026-05-23,2026-06-07,168577.96,0
3680,235,2026-06-21,2026-07-06,451130.51,0
3681,235,2026-03-28,2026-04-12,575026.9,0
3682,235,2026-05-09,2026-05-24,395985.32,0
3683,235,2026-08-18,2026-09-02,180632.91,0
3684,235,2026-01-24,2026-02-08,253884.07,0
3685,235,2025-08-15,2025-08-30,353502.76,0
3686,235,2025-12-27,2026-01-11,60837.09,0
3687,235,2025-11-18,2025-12-03,126150.25,0
3688,235,2026-06-13,2026-06-28,207495.03,0
3689,236,2026-09-27,2026-11-26,1454814.82,0
3690,236,2025-02-24,2025-04-25,2054303.32,0
3691,236,2025-02-24,2025-04-25,2485441.99,0
3692,236,2026-09-03,2026-11-02,1079418.68,0
3693,236,2025-09-26,2025-11-25,1755261.71,0
3694,236,2026-06-15,2026-08-14,742559.47,0
3695,236,2026-03-14,2026-05-13,463219.34,0
3696,236,2026-04-30,2026-06-29,1591948.6,0
3697,237,2026-05-17,2026-06-01,2152094.79,0
3698,237,2025-01-31,2025-02-15,2919743.57,0
3699,237,2026-06-25,2026-07-10,955951.8,0
3700,237,2025-07-20,2025-08-04,2877697.97,0
3701,237,2026-04-19,2026-05-04,981813.54,0
3702,237,2025-09-26,2025-10-11,2284611.42,0
3703,237,2025-07-13,2025-07-28,676589.08,0
3704,237,2025-09-20,2025-10-05,1086254.38,0
3705,237,2025-11-30,2025-12-15,2687560.45,0
3706,237,2026-07-30,2026-08-14,2408764.9,0
3707,237,2025-01-25,2025-02-09,939689.54,0
3708,237,2025-12-17,2026-01-01,794448.27,0
3709,237,2026-01-06,2026-01-21,808651.69,0
3710,237,2026-02-16,2026-03-03,1519511.68,0
3711,237,2025-06-19,2025-07-04,3212814.38,0
3712,237,2025-01-31,2025-02-15,1708534.04,0
3713,238,2026-03-28,2026-05-27,740746.56,0
3714,238,2026-09-20,2026-11-19,6067670.03,0
3715,238,2026-06-12,2026-08-11,3981411.21,0
3716,238,2026-08-19,2026-10-18,2120088.57,0
3717,238,2026-06-23,2026-08-22,2502859.05,0
3718,238,2026-08-06,2026-10-05,2897059.75,0
3719,238,2026-07-19,2026-09-17,6263848.74,0
3720,238,2026-05-04,2026-07-03,2333729.59,0
3721,238,2026-08-08,2026-10-07,5911150.17,0
3722,238,2026-07-29,2026-09-27,1530173.77,0
3723,239,2026-04-02,2026-04-02,515874.93,0
3724,239,2026-05-19,2026-05-19,443536.6,0
3725,239,2026-08-03,2026-08-03,816366.98,0
3726,239,2026-07-20,2026-07-20,692482.0,0
3727,239,2026-05-12,2026-05-12,445139.81,0
3728,240,2026-07-19,2026-09-17,9317263.14,0
3729,240,2026-08-17,2026-10-16,1977955.33,0
3730,240,2026-03-28,2026-05-27,13247800.92,0
3731,240,2026-08-22,2026-10-21,13912931.08,0
3732,240,2025-11-13,2026-01-12,4657510.5,0
3733,240,2025-07-09,2025-09-07,12594892.34,0
3734,240,2025-11-02,2026-01-01,6026682.85,0
3735,240,2025-11-09,2026-01-08,7190342.5,0
3736,240,2025-07-14,2025-09-12,8283402.8,0
3737,240,2025-11-19,2026-01-18,14209311.84,0
3738,240,2025-06-09,2025-08-08,10467851.5,0
3739,240,2026-06-28,2026-08-27,13401089.26,0
3740,240,2026-04-26,2026-06-25,9044786.52,0
3741,240,2026-03-05,2026-05-04,8808666.06,0
3742,240,2026-04-20,2026-06-19,12379527.38,0
3743,240,2026-02-02,2026-04-03,17233185.11,0
3744,240,2026-06-21,2026-08-20,13699547.48,0
3745,240,2025-12-06,2026-02-04,6060567.5,0
3746,240,2026-09-06,2026-11-05,10630622.68,0
3747,240,2026-03-09,2026-05-08,2181038.52,0
3748,240,2026-02-02,2026-04-03,4212955.47,0
3749,241,2025-10-07,2025-10-07,623633.96,0
3750,241,2025-07-10,2025-07-10,248125.55,0
3751,241,2025-10-12,2025-10-12,155295.55,0
3752,241,2025-07-18,2025-07-18,550557.37,0
3753,241,2026-03-21,2026-03-21,320137.65,0
3754,241,2026-05-01,2026-05-01,343921.16,0
3755,241,2025-11-15,2025-11-15,308429.03,0
3756,241,2025-08-11,2025-08-11,688965.16,0
3757,241,2025-12-01,2025-12-01,271379.97,0
3758,242,2026-09-04,2026-10-19,2315284.59,0
3759,242,2026-07-30,2026-09-13,756606.89,0
3760,242,2026-01-17,2026-03-03,3217384.81,0
3761,242,2026-09-25,2026-11-09,5128912.13,0
3762,242,2026-01-16,2026-03-02,1341546.32,0
3763,242,2026-08-19,2026-10-03,4162982.02,0
3764,242,2026-02-19,2026-04-05,2920469.48,0
3765,242,2026-07-31,2026-09-14,5075573.96,0
3766,242,2026-04-24,2026-06-08,2023718.39,0
3767,242,2026-06-25,2026-08-09,3630443.3,0
3768,242,2026-07-22,2026-09-05,2299790.51,0
3769,242,2026-09-29,2026-11-13,4043332.33,0
3770,242,2026-09-11,2026-10-26,1717044.75,0
3771,242,2026-03-01,2026-04-15,1244922.33,0
3772,242,2026-03-15,2026-04-29,4288253.38,0
3773,242,2026-03-15,2026-04-29,2638382.85,0
3774,242,2025-12-24,2026-02-07,3193915.99,0
3775,242,2026-04-30,2026-06-14,2412470.0,0
3776,242,2026-08-12,2026-09-26,870435.25,0
3777,242,2026-02-11,2026-03-28,4829717.27,0
3778,242,2026-06-05,2026-07-20,3859044.06,0
3779,242,2025-12-01,2026-01-15,4191194.1,0
3780,242,2026-07-23,2026-09-06,3404892.93,0
3781,242,2026-07-16,2026-08-30,657445.27,0
3782,243,2025-10-24,2025-12-23,1484730.2,0
3783,243,2025-11-16,2026-01-15,4972446.29,1
3784,243,2026-05-11,2026-07-10,2749847.34,0
3785,243,2025-05-24,2025-07-23,971927.81,0
3786,243,2025-07-25,2025-09-23,4400909.2,0
3787,243,2025-09-09,2025-11-08,846886.1,0
3788,243,2025-07-03,2025-09-01,2436085.28,0
3789,243,2026-02-28,2026-04-29,5096504.63,0
3790,243,2025-06-03,2025-08-02,2470734.7,0
3791,243,2025-02-28,2025-04-29,1141072.31,0
3792,243,2025-12-31,2026-03-01,4786418.04,0
3793,243,2026-08-16,2026-10-15,463153.78,0
3794,243,2025-03-19,2025-05-18,4158486.7,0
3795,243,2026-09-06,2026-11-05,1422525.28,0
3796,243,2025-09-04,2025-11-03,2201882.09,0
3797,243,2026-01-15,2026-03-16,1758688.06,0
3798,243,2025-03-25,2025-05-24,4630189.52,0
3799,243,2025-05-29,2025-07-28,4581293.61,0
3800,243,2025-06-30,2025-08-29,2350535.15,0
3801,243,2025-04-24,2025-06-23,3202977.85,0
3802,243,2025-11-09,2026-01-08,3062990.7,0
3803,243,2026-01-09,2026-03-10,3922343.95,0
3804,243,2025-01-07,2025-03-08,1965404.19,0
3805,243,2025-01-03,2025-03-04,3222666.79,0
3806,243,2025-09-27,2025-11-26,1569778.79,0
3807,244,2026-07-31,2026-09-29,851788.22,0
3808,244,2025-12-22,2026-02-20,2086038.69,0
3809,244,2026-09-14,2026-11-13,2208839.87,0
3810,244,2025-03-17,2025-05-16,1489602.81,0
3811,244,2025-09-21,2025-11-20,2090067.72,0
3812,244,2025-10-31,2025-12-30,2615875.63,0
3813,244,2026-01-13,2026-03-14,1435736.5,0
3814,244,2026-01-13,2026-03-14,257168.59,0
3815,244,2026-03-12,2026-05-11,616844.57,0
3816,244,2025-06-13,2025-08-12,1291314.98,0
3817,244,2025-03-08,2025-05-07,550479.5,0
3818,244,2025-05-01,2025-06-30,307557.26,0
3819,244,2025-03-11,2025-05-10,1749292.21,0
3820,244,2025-07-21,2025-09-19,2786339.02,0
3821,245,2025-08-01,2025-08-31,4276375.94,0
3822,245,2025-11-03,2025-12-03,9341094.86,0
3823,245,2025-06-17,2025-07-17,7915899.55,0
3824,245,2025-11-19,2025-12-19,5691610.51,0
3825,245,2026-01-11,2026-02-10,7184211.41,0
3826,245,2026-09-19,2026-10-19,6566444.81,0
3827,245,2025-03-12,2025-04-11,8986592.61,0
3828,245,2026-06-21,2026-07-21,1974584.88,0
3829,245,2025-03-14,2025-04-13,2943720.22,0
3830,245,2025-09-13,2025-10-13,1280213.31,0
3831,245,2026-02-21,2026-03-23,3128570.88,0
3832,245,2025-07-29,2025-08-28,1411327.54,0
3833,245,2025-06-10,2025-07-10,1991869.22,0
3834,245,2025-08-24,2025-09-23,3687675.17,0
3835,245,2026-09-19,2026-10-19,3021871.74,0
3836,245,2026-05-21,2026-06-20,5802558.83,0
3837,245,2026-04-29,2026-05-29,4485808.03,0
3838,245,2026-06-12,2026-07-12,7550142.84,0
3839,245,2025-09-08,2025-10-08,3797370.72,0
3840,245,2025-04-23,2025-05-23,1559612.75,0
3841,245,2025-07-15,2025-08-14,1381572.79,0
3842,245,2026-01-30,2026-03-01,10421388.7,0
3843,245,2026-02-25,2026-03-27,9443156.99,0
3844,245,2026-08-07,2026-09-06,3928064.23,1
3845,245,2026-09-13,2026-10-13,8186563.56,0
3846,245,2025-11-10,2025-12-10,3453815.66,0
3847,245,2025-12-08,2026-01-07,2300706.33,0
3848,245,2026-09-25,2026-10-25,2342435.44,0
3849,245,2025-02-05,2025-03-07,1925320.52,0
3850,245,2025-05-31,2025-06-30,2955627.75,0
3851,245,2025-10-13,2025-11-12,4449224.89,0
3852,245,2025-04-24,2025-05-24,1867156.37,0
3853,245,2025-12-07,2026-01-06,5297333.43,0
3854,245,2025-07-19,2025-08-18,4589743.37,0
3855,245,2025-11-21,2025-12-21,4895768.16,0
3856,245,2025-10-18,2025-11-17,8513248.4,0
3857,245,2025-10-17,2025-11-16,6368313.02,1
3858,245,2025-04-30,2025-05-30,8107192.57,0
3859,245,2026-01-18,2026-02-17,8898722.07,0
3860,245,2025-03-27,2025-04-26,4904357.6,0
3861,246,2025-05-17,2025-07-01,2692938.0,0
3862,246,2025-01-01,2025-02-15,16102086.92,0
3863,246,2025-02-12,2025-03-29,15987136.91,0
3864,246,2026-06-26,2026-08-10,13210915.08,0
3865,246,2026-01-04,2026-02-18,13193107.94,1
3866,246,2026-06-15,2026-07-30,6948705.67,0
3867,246,2026-03-18,2026-05-02,12646278.59,0
3868,246,2026-04-30,2026-06-14,10280868.19,0
3869,246,2025-11-08,2025-12-23,10982379.58,0
3870,246,2025-10-17,2025-12-01,4060518.21,0
3871,246,2025-10-25,2025-12-09,3262536.44,1
3872,246,2025-03-28,2025-05-12,4962385.75,0
3873,246,2026-08-18,2026-10-02,3435953.89,0
3874,246,2026-02-27,2026-04-13,6643158.93,1
3875,246,2025-05-04,2025-06-18,14761577.39,0
3876,246,2026-09-27,2026-11-11,15934740.96,0
3877,246,2025-11-11,2025-12-26,8473436.79,0
3878,246,2026-07-11,2026-08-25,2685645.66,0
3879,246,2026-09-07,2026-10-22,3493988.07,0
3880,246,2026-09-14,2026-10-29,16726340.9,0
3881,246,2025-11-16,2025-12-31,16805469.31,0
3882,246,2025-06-03,2025-07-18,13009168.88,0
3883,246,2025-05-21,2025-07-05,4983652.84,0
3884,246,2025-10-24,2025-12-08,4428492.13,0
3885,246,2025-05-09,2025-06-23,3860823.5,0
3886,246,2025-03-25,2025-05-09,11575710.44,0
3887,246,2025-11-17,2026-01-01,5450352.42,0
3888,246,2025-02-10,2025-03-27,14516681.01,0
3889,246,2026-08-28,2026-10-12,13520709.46,0
3890,246,2026-02-09,2026-03-26,16059280.45,0
3891,246,2026-05-27,2026-07-11,9288717.73,0
3892,246,2025-02-23,2025-04-09,1827426.46,0
3893,246,2026-01-15,2026-03-01,15171576.63,1
3894,246,2026-09-05,2026-10-20,12934955.7,0
3895,246,2026-04-19,2026-06-03,14369230.74,0
3896,246,2025-10-24,2025-12-08,15665803.8,0
3897,246,2025-07-02,2025-08-16,9266337.63,0
3898,246,2025-08-28,2025-10-12,10794881.65,0
3899,246,2026-06-08,2026-07-23,10724930.91,0
3900,247,2025-02-10,2025-03-12,2354862.17,0
3901,247,2025-03-22,2025-04-21,3934812.15,0
3902,247,2025-03-24,2025-04-23,5242991.9,0
3903,247,2025-11-16,2025-12-16,5125496.93,0
3904,247,2025-01-04,2025-02-03,3771956.66,0
3905,247,2025-10-17,2025-11-16,4815184.24,0
3906,247,2025-12-21,2026-01-20,3518839.14,0
3907,247,2025-01-12,2025-02-11,5795946.47,0
3908,247,2025-09-21,2025-10-21,4135647.74,0
3909,247,2025-12-11,2026-01-10,1245258.39,0
3910,247,2025-12-02,2026-01-01,4518935.59,0
3911,247,2025-04-12,2025-05-12,765822.01,0
3912,247,2025-08-24,2025-09-23,6854892.72,0
3913,247,2025-12-10,2026-01-09,5297437.96,0
3914,247,2025-05-26,2025-06-25,1500267.52,0
3915,247,2026-04-23,2026-05-23,6157601.12,0
3916,247,2025-06-26,2025-07-26,1985467.65,0
3917,247,2026-06-23,2026-07-23,5822449.19,0
3918,247,2025-11-11,2025-12-11,4918371.46,0
3919,247,2025-03-14,2025-04-13,6380210.84,0
3920,248,2025-07-20,2025-09-03,315481.34,0
3921,248,2026-04-13,2026-05-28,1003761.64,0
3922,248,2025-09-11,2025-10-26,155013.39,0
3923,248,2025-09-13,2025-10-28,587084.01,0
3924,248,2026-05-26,2026-07-10,273897.64,0
3925,248,2025-07-12,2025-08-26,291239.47,0
3926,248,2026-07-12,2026-08-26,286733.55,0
3927,248,2025-07-07,2025-08-21,153010.35,0
3928,248,2025-12-26,2026-02-09,441731.43,0
3929,248,2025-09-10,2025-10-25,741854.65,0
3930,248,2026-06-26,2026-08-10,535682.77,0
3931,248,2026-04-16,2026-05-31,566944.43,0
3932,249,2026-06-09,2026-07-24,601709.84,0
3933,249,2026-06-29,2026-08-13,130050.95,0
3934,249,2026-08-19,2026-10-03,202232.72,0
3935,249,2026-09-24,2026-11-08,483493.64,0
3936,249,2026-09-12,2026-10-27,885167.24,0
3937,249,2026-05-26,2026-07-10,568685.95,0
3938,249,2026-06-15,2026-07-30,423922.53,0
3939,249,2026-08-11,2026-09-25,685023.77,0
3940,249,2026-08-10,2026-09-24,318888.94,0
3941,249,2026-07-29,2026-09-12,884149.17,0
3942,249,2026-07-04,2026-08-18,520135.96,0
3943,249,2026-05-26,2026-07-10,995429.12,0
3944,249,2026-09-12,2026-10-27,98095.84,0
3945,249,2026-06-07,2026-07-22,827019.13,0
3946,249,2026-07-14,2026-08-28,736818.91,0
3947,249,2026-05-28,2026-07-12,522168.57,0
3948,249,2026-09-01,2026-10-16,527791.22,0
3949,249,2026-06-30,2026-08-14,708570.69,0
3950,250,2025-11-15,2025-11-30,3099368.49,0
3951,250,2026-03-20,2026-04-04,1055198.26,0
3952,250,2026-05-25,2026-06-09,734611.76,0
3953,250,2026-04-27,2026-05-12,844388.33,0
3954,250,2026-05-30,2026-06-14,2673292.3,0
3955,250,2025-10-20,2025-11-04,3616144.66,0
3956,250,2026-04-20,2026-05-05,1622514.91,0
3957,250,2026-03-10,2026-03-25,4158853.5,0
3958,250,2026-05-10,2026-05-25,3604888.95,0
3959,250,2025-03-03,2025-03-18,4072860.9,0
3960,250,2026-04-21,2026-05-06,2573090.34,0
3961,250,2026-08-28,2026-09-12,3202395.06,0
3962,250,2025-06-14,2025-06-29,1811423.04,0
3963,250,2025-07-16,2025-07-31,734101.69,0
3964,250,2025-09-28,2025-10-13,4877168.74,0
3965,250,2025-04-10,2025-04-25,2898501.88,0
3966,250,2026-05-02,2026-05-17,722973.6,0
3967,250,2025-06-08,2025-06-23,2149678.69,0
3968,250,2025-12-05,2025-12-20,1457927.71,0
3969,250,2025-03-16,2025-03-31,4393771.34,0
3970,250,2025-01-28,2025-02-12,3522373.01,0
3971,251,2025-11-17,2026-02-15,12189207.53,0
3972,251,2025-05-26,2025-08-24,8109393.57,0
3973,251,2025-11-21,2026-02-19,10065042.02,0
3974,251,2026-01-13,2026-04-13,2460421.27,0
3975,251,2025-02-02,2025-05-03,4427558.76,0
3976,251,2026-08-31,2026-11-29,5179837.92,0
3977,251,2025-12-08,2026-03-08,15514322.36,0
3978,251,2026-05-23,2026-08-21,6558436.04,0
3979,251,2026-04-07,2026-07-06,14432723.43,0
3980,251,2025-05-15,2025-08-13,7230056.55,0
3981,251,2025-10-08,2026-01-06,10547900.01,0
3982,251,2026-03-14,2026-06-12,6016987.06,0
3983,251,2025-05-19,2025-08-17,7742793.83,0
3984,251,2026-04-14,2026-07-13,7326471.07,0
3985,251,2026-07-30,2026-10-28,7126179.8,0
3986,251,2025-10-25,2026-01-23,11951594.81,0
3987,251,2025-09-17,2025-12-16,14457219.0,0
3988,251,2025-04-05,2025-07-04,13590657.29,0
3989,252,2026-08-22,2026-09-21,1000696.13,0
3990,252,2025-09-22,2025-10-22,2666202.4,0
3991,252,2026-03-14,2026-04-13,472461.75,0
3992,252,2026-03-01,2026-03-31,2098326.31,0
3993,252,2025-12-29,2026-01-28,2397371.95,0
3994,252,2025-07-17,2025-08-16,2097658.41,0
3995,252,2026-03-26,2026-04-25,2107129.58,0
3996,253,2026-03-17,2026-04-16,1286787.34,0
3997,253,2026-05-05,2026-06-04,308878.59,0
3998,253,2026-07-15,2026-08-14,277128.16,0
3999,253,2026-01-05,2026-02-04,1001035.2,0
4000,253,2026-01-24,2026-02-23,1419026.54,0
4001,253,2026-06-02,2026-07-02,934589.03,0
4002,253,2026-02-14,2026-03-16,659352.92,0
4003,253,2026-09-22,2026-10-22,1741647.31,0
4004,253,2026-01-06,2026-02-05,1294722.51,0
4005,253,2026-04-24,2026-05-24,341509.91,1
4006,254,2025-08-22,2025-08-22,637441.09,0
4007,254,2025-10-09,2025-10-09,3312292.77,0
4008,254,2026-04-10,2026-04-10,2443493.27,0
4009,254,2025-01-28,2025-01-28,1981553.27,0
4010,254,2025-06-10,2025-06-10,3320055.53,0
4011,254,2025-10-13,2025-10-13,1410942.7,0
4012,254,2025-05-15,2025-05-15,1050647.07,0
4013,254,2026-06-13,2026-06-13,2609059.85,0
4014,254,2025-06-21,2025-06-21,929158.97,0
4015,254,2026-03-21,2026-03-21,3063917.23,0
4016,255,2026-03-10,2026-03-25,563879.91,0
4017,255,2025-12-15,2025-12-30,745460.91,0
4018,255,2025-12-10,2025-12-25,131370.37,0
4019,255,2025-09-12,2025-09-27,465193.48,0
4020,255,2025-12-14,2025-12-29,190208.63,0
4021,255,2025-02-10,2025-02-25,386125.92,0
4022,255,2025-02-17,2025-03-04,744699.85,0
4023,255,2026-05-14,2026-05-29,931672.08,0
4024,255,2025-10-21,2025-11-05,192354.42,0
4025,255,2026-01-22,2026-02-06,521167.18,0
4026,255,2026-03-06,2026-03-21,631094.23,0
4027,255,2026-01-04,2026-01-19,601582.5,0
4028,255,2026-03-24,2026-04-08,529421.04,0
4029,255,2026-06-01,2026-06-16,519695.29,0
4030,255,2026-04-30,2026-05-15,140289.5,0
4031,255,2025-04-23,2025-05-08,503913.7,0
4032,255,2025-09-22,2025-10-07,1032889.55,0
4033,255,2026-03-27,2026-04-11,92633.24,0
4034,256,2025-06-12,2025-09-10,14422347.63,0
4035,256,2025-05-25,2025-08-23,11723670.27,0
4036,256,2025-01-28,2025-04-28,16545705.37,0
4037,256,2025-12-24,2026-03-24,22564394.3,0
4038,256,2026-01-25,2026-04-25,2904856.49,0
4039,256,2025-12-08,2026-03-08,25871958.25,0
4040,256,2025-09-09,2025-12-08,23438447.5,0
4041,256,2026-06-12,2026-09-10,10673338.78,0
4042,256,2026-03-31,2026-06-29,24563017.22,0
4043,256,2026-05-26,2026-08-24,22912464.34,0
4044,256,2025-09-03,2025-12-02,8736526.27,0
4045,256,2026-08-29,2026-11-27,4431228.59,0
4046,256,2025-10-18,2026-01-16,7442566.56,0
4047,256,2026-01-26,2026-04-26,8502056.41,0
4048,256,2025-01-07,2025-04-07,21319765.53,0
4049,256,2026-03-16,2026-06-14,5521640.88,0
4050,256,2026-05-16,2026-08-14,15351155.54,0
4051,256,2026-09-11,2026-12-10,15279697.9,0
4052,256,2026-08-09,2026-11-07,6803844.85,0
4053,256,2025-05-20,2025-08-18,7646831.27,0
4054,256,2025-06-13,2025-09-11,5540428.03,0
4055,256,2025-05-22,2025-08-20,19342518.56,1
4056,256,2025-10-07,2026-01-05,26670727.06,0
4057,256,2026-01-08,2026-04-08,23649221.96,0
4058,256,2026-01-24,2026-04-24,12399047.09,0
4059,256,2025-04-12,2025-07-11,12687856.23,0
4060,256,2026-02-15,2026-05-16,14983684.33,0
4061,256,2026-05-01,2026-07-30,20821163.07,0
4062,256,2026-02-08,2026-05-09,3599844.66,0
4063,256,2025-05-24,2025-08-22,17404557.31,0
4064,256,2025-03-14,2025-06-12,14969892.95,0
4065,256,2026-07-26,2026-10-24,15232748.7,0
4066,256,2026-04-25,2026-07-24,11631176.24,0
4067,256,2026-09-14,2026-12-13,6756293.41,0
4068,256,2026-04-24,2026-07-23,22461090.22,0
4069,256,2026-05-06,2026-08-04,5976131.31,0
4070,256,2025-02-08,2025-05-09,8691301.19,0
4071,256,2025-07-14,2025-10-12,27995510.02,0
4072,256,2025-03-22,2025-06-20,5177452.07,0
4073,257,2025-09-17,2025-11-01,11268917.93,0
4074,257,2026-04-09,2026-05-24,26915734.78,0
4075,257,2025-09-05,2025-10-20,10801369.73,0
4076,257,2026-03-19,2026-05-03,27318446.14,0
4077,257,2025-12-30,2026-02-13,20591125.47,0
4078,257,2026-04-21,2026-06-05,19125154.02,0
4079,257,2026-09-07,2026-10-22,18137033.22,0
4080,257,2025-04-24,2025-06-08,22237785.11,0
4081,257,2026-04-27,2026-06-11,13175171.22,0
4082,257,2026-07-04,2026-08-18,9669305.64,0
4083,257,2025-07-15,2025-08-29,13513142.11,0
4084,257,2025-02-19,2025-04-05,4715669.98,0
4085,257,2025-03-20,2025-05-04,17931968.64,0
4086,257,2025-05-11,2025-06-25,23819120.41,0
4087,257,2026-01-10,2026-02-24,18705708.33,0
4088,257,2026-01-27,2026-03-13,6790959.9,0
4089,257,2025-04-07,2025-05-22,12401563.52,0
4090,257,2026-09-09,2026-10-24,7830722.23,0
4091,257,2025-07-13,2025-08-27,21133906.01,0
4092,257,2025-04-04,2025-05-19,26832883.89,1
4093,257,2025-02-24,2025-04-10,18866047.95,0
4094,257,2025-10-08,2025-11-22,25285591.92,0
4095,257,2025-07-14,2025-08-28,21677402.49,0
4096,258,2026-08-02,2026-08-17,1796739.63,0
4097,258,2025-11-06,2025-11-21,2615354.19,0
4098,258,2026-07-25,2026-08-09,685159.04,0
4099,258,2025-05-13,2025-05-28,2176616.69,0
4100,258,2026-03-28,2026-04-12,1258462.54,0
4101,258,2025-08-19,2025-09-03,1104136.28,0
4102,258,2026-02-03,2026-02-18,1280093.74,0
4103,258,2025-08-11,2025-08-26,2284511.1,0
4104,258,2025-05-23,2025-06-07,2702002.05,0
4105,258,2025-09-18,2025-10-03,2366096.67,0
4106,258,2026-07-07,2026-07-22,2729428.13,0
4107,259,2026-08-05,2026-09-19,919968.05,0
4108,259,2026-04-01,2026-05-16,232116.69,0
4109,259,2026-09-21,2026-11-05,438126.32,0
4110,259,2026-09-25,2026-11-09,263529.33,0
4111,259,2026-03-26,2026-05-10,494565.52,0
4112,260,2026-03-29,2026-04-28,1573515.07,0
4113,260,2025-02-18,2025-03-20,3010971.2,0
4114,260,2025-04-19,2025-05-19,480410.28,0
4115,260,2025-08-12,2025-09-11,426375.32,0
4116,260,2025-05-24,2025-06-23,1394740.76,0
4117,260,2026-04-02,2026-05-02,3131068.14,0
4118,260,2025-11-13,2025-12-13,3384566.41,0
4119,260,2026-03-08,2026-04-07,2340711.57,0
4120,260,2026-02-28,2026-03-30,3038146.18,0
4121,260,2025-12-09,2026-01-08,1249396.2,0
4122,260,2025-03-11,2025-04-10,2916402.44,0
4123,260,2026-05-27,2026-06-26,1566826.57,0
4124,260,2025-12-02,2026-01-01,2825021.3,1
4125,260,2025-08-23,2025-09-22,2557085.14,0
4126,260,2026-02-09,2026-03-11,2657643.06,0
4127,260,2025-05-11,2025-06-10,1343416.62,0
4128,260,2026-08-25,2026-09-24,2328472.24,0
4129,260,2025-08-24,2025-09-23,1850953.28,0
4130,261,2025-07-25,2025-09-08,1165961.32,0
4131,261,2026-09-14,2026-10-29,1873181.1,0
4132,261,2025-11-09,2025-12-24,1693480.48,0
4133,261,2026-08-29,2026-10-13,2313572.05,0
4134,261,2025-02-25,2025-04-11,2598138.36,0
4135,261,2026-02-17,2026-04-03,1412242.75,0
4136,261,2026-03-18,2026-05-02,2750187.73,0
4137,261,2025-01-05,2025-02-19,1980818.65,0
4138,261,2026-06-02,2026-07-17,646448.93,0
4139,261,2025-07-05,2025-08-19,1095546.57,0
4140,261,2025-07-08,2025-08-22,1205129.21,0
4141,261,2026-04-04,2026-05-19,2120085.98,0
4142,261,2026-02-27,2026-04-13,2599838.52,0
4143,261,2025-10-04,2025-11-18,1436863.6,0
4144,261,2025-09-15,2025-10-30,2480610.75,0
4145,261,2025-11-02,2025-12-17,1774708.06,0
4146,261,2026-01-23,2026-03-09,2467427.63,0
4147,261,2026-06-19,2026-08-03,2686665.98,0
4148,261,2025-09-14,2025-10-29,1786421.47,0
4149,261,2026-01-04,2026-02-18,453464.96,0
4150,261,2025-03-30,2025-05-14,827642.68,0
4151,261,2025-08-29,2025-10-13,2464197.12,0
4152,261,2026-08-17,2026-10-01,2137476.07,0
4153,261,2025-07-28,2025-09-11,1504536.55,0
4154,262,2025-06-11,2025-07-11,405908.75,0
4155,262,2025-02-01,2025-03-03,159446.19,0
4156,262,2025-08-10,2025-09-09,267113.86,0
4157,262,2025-03-10,2025-04-09,615742.05,1
4158,262,2026-07-21,2026-08-20,433893.05,0
4159,262,2025-02-05,2025-03-07,1483990.16,0
4160,263,2025-03-16,2025-04-15,1040297.36,0
4161,263,2025-04-27,2025-05-27,1430902.04,0
4162,263,2025-05-25,2025-06-24,1604579.05,0
4163,263,2026-06-17,2026-07-17,264755.91,0
4164,264,2025-01-13,2025-03-14,114006.87,0
4165,264,2025-09-29,2025-11-28,759978.24,0
4166,264,2026-01-29,2026-03-30,243770.23,0
4167,264,2025-04-01,2025-05-31,301432.86,0
4168,264,2025-08-09,2025-10-08,250766.69,0
4169,264,2025-03-27,2025-05-26,474855.69,0
4170,264,2026-07-04,2026-09-02,484977.13,0
4171,265,2026-03-19,2026-05-03,857877.57,0
4172,265,2025-12-13,2026-01-27,483945.15,0
4173,265,2026-01-05,2026-02-19,1417105.4,0
4174,265,2025-09-23,2025-11-07,952880.95,0
4175,265,2026-04-03,2026-05-18,249655.6,0
4176,265,2025-01-08,2025-02-22,1044612.05,0
4177,265,2026-02-07,2026-03-24,586162.69,0
4178,265,2025-01-08,2025-02-22,284737.19,0
4179,265,2026-09-02,2026-10-17,1721041.4,0
4180,265,2026-08-02,2026-09-16,191277.97,0
4181,265,2025-01-12,2025-02-26,727610.45,0
4182,265,2025-07-20,2025-09-03,1509731.01,0
4183,265,2025-02-12,2025-03-29,791967.6,0
4184,265,2026-05-02,2026-06-16,1433155.22,0
4185,265,2025-10-06,2025-11-20,1015230.64,0
4186,265,2025-07-19,2025-09-02,1159208.45,0
4187,266,2026-09-02,2026-11-01,1574311.93,0
4188,266,2026-02-18,2026-04-19,2341621.99,0
4189,266,2026-04-24,2026-06-23,1429688.58,0
4190,266,2025-10-15,2025-12-14,486869.21,0
4191,266,2026-05-05,2026-07-04,1024444.49,0
4192,266,2025-12-06,2026-02-04,2503833.72,0
4193,267,2026-08-01,2026-09-15,415602.42,0
4194,267,2025-06-25,2025-08-09,456415.46,0
4195,267,2025-12-14,2026-01-28,508375.89,0
4196,267,2026-09-20,2026-11-04,215314.23,0
4197,267,2026-03-10,2026-04-24,185086.84,0
4198,267,2025-05-19,2025-07-03,493490.63,0
4199,267,2026-02-07,2026-03-24,569481.2,0
4200,267,2026-04-10,2026-05-25,319367.15,0
4201,267,2025-08-20,2025-10-04,591478.98,0
4202,267,2025-04-17,2025-06-01,323047.3,0
4203,267,2025-09-26,2025-11-10,502340.17,0
4204,268,2026-06-25,2026-06-25,1664908.19,0
4205,268,2025-02-02,2025-02-02,965279.66,0
4206,268,2025-11-10,2025-11-10,760667.58,0
4207,268,2025-04-18,2025-04-18,1436002.81,0
4208,268,2025-10-23,2025-10-23,666753.46,0
4209,269,2026-02-22,2026-04-23,352186.31,0
4210,269,2026-08-24,2026-10-23,662382.6,0
4211,269,2026-03-29,2026-05-28,256588.26,0
4212,269,2026-05-23,2026-07-22,449670.9,0
4213,269,2025-01-03,2025-03-04,148709.08,0
4214,269,2026-06-26,2026-08-25,301431.59,0
4215,269,2025-08-29,2025-10-28,136768.0,0
4216,270,2025-03-14,2025-04-28,2597545.4,0
4217,270,2025-01-28,2025-03-14,1206706.9,0
4218,270,2025-04-15,2025-05-30,2495237.14,0
4219,270,2026-05-18,2026-07-02,1770166.49,0
4220,270,2025-09-30,2025-11-14,1360692.94,0
4221,270,2025-07-15,2025-08-29,448375.42,0
4222,270,2025-06-19,2025-08-03,1668279.91,0
4223,270,2026-06-08,2026-07-23,2702525.62,0
4224,270,2025-03-23,2025-05-07,916540.14,0
4225,270,2026-04-09,2026-05-24,1533452.7,0
4226,271,2026-05-17,2026-07-16,2547448.44,0
4227,271,2026-08-12,2026-10-11,1801532.43,0
4228,271,2026-07-02,2026-08-31,3015576.45,0
4229,271,2025-02-11,2025-04-12,1480709.81,0
4230,271,2025-04-16,2025-06-15,1312668.85,0
4231,271,2025-05-17,2025-07-16,1998364.77,0
4232,271,2026-01-28,2026-03-29,1661711.69,1
4233,271,2026-09-25,2026-11-24,1641260.13,0
4234,271,2026-02-07,2026-04-08,354691.57,0
4235,271,2025-03-31,2025-05-30,482209.47,0
4236,271,2025-10-20,2025-12-19,3227604.2,0
4237,271,2025-10-12,2025-12-11,1404743.76,0
4238,271,2026-02-20,2026-04-21,1495203.29,0
4239,271,2026-04-27,2026-06-26,2773223.91,0
4240,271,2026-03-04,2026-05-03,3247673.86,0
4241,271,2025-08-17,2025-10-16,1854690.26,0
4242,271,2025-06-08,2025-08-07,1356825.64,0
4243,271,2026-07-19,2026-09-17,2954239.23,0
4244,271,2025-02-22,2025-04-23,563331.21,0
4245,272,2026-05-17,2026-07-01,5469026.08,0
4246,272,2025-10-08,2025-11-22,4943318.93,0
4247,272,2025-08-11,2025-09-25,985411.49,0
4248,272,2025-10-12,2025-11-26,5461492.07,0
4249,272,2025-10-22,2025-12-06,1518413.85,0
4250,272,2025-11-21,2026-01-05,1042820.11,0
4251,272,2026-02-01,2026-03-18,3000742.8,0
4252,272,2025-06-30,2025-08-14,3871181.03,0
4253,272,2025-10-12,2025-11-26,6264921.35,0
4254,272,2026-02-21,2026-04-07,1749171.96,0
4255,272,2026-07-30,2026-09-13,1807000.57,0
4256,272,2026-02-01,2026-03-18,1144184.87,0
4257,272,2025-09-11,2025-10-26,6906660.64,0
4258,272,2025-07-14,2025-08-28,3986502.2,0
4259,272,2026-01-06,2026-02-20,947017.84,0
4260,272,2026-09-09,2026-10-24,4141281.06,0
4261,272,2025-08-20,2025-10-04,4978582.28,0
4262,272,2026-09-20,2026-11-04,3244451.4,0
4263,272,2026-07-05,2026-08-19,3568174.53,0
4264,272,2025-11-25,2026-01-09,2512289.25,0
4265,272,2026-07-17,2026-08-31,6109550.65,0
4266,272,2025-08-10,2025-09-24,3043639.64,0
4267,272,2026-07-26,2026-09-09,915624.17,0
4268,272,2026-08-23,2026-10-07,1126367.96,0
4269,273,2026-01-25,2026-02-24,1985165.79,0
4270,273,2026-02-20,2026-03-22,965339.65,0
4271,273,2026-09-15,2026-10-15,5173538.71,0
4272,273,2026-09-24,2026-10-24,2627336.11,0
4273,273,2026-09-26,2026-10-26,1802993.24,0
4274,273,2026-02-26,2026-03-28,2105407.73,0
4275,273,2026-06-04,2026-07-04,2884786.91,0
4276,273,2026-04-16,2026-05-16,2997464.45,0
4277,273,2026-09-29,2026-10-29,5027841.85,0
4278,273,2026-06-16,2026-07-16,3707751.98,0
4279,273,2026-09-26,2026-10-26,1776232.85,0
4280,273,2026-05-03,2026-06-02,2526283.13,0
4281,273,2025-12-05,2026-01-04,594826.99,0
4282,273,2026-08-28,2026-09-27,2253268.16,0
4283,273,2026-05-20,2026-06-19,1677100.2,0
4284,273,2026-05-28,2026-06-27,4119593.17,0
4285,273,2025-12-24,2026-01-23,4043329.31,0
4286,273,2026-05-26,2026-06-25,4787748.71,0
4287,273,2025-12-31,2026-01-30,4277792.81,0
4288,274,2025-03-31,2025-05-30,1226473.42,0
4289,274,2026-05-15,2026-07-14,1123996.0,0
4290,274,2025-05-09,2025-07-08,2186318.62,0
4291,274,2025-12-13,2026-02-11,2596290.91,0
4292,274,2026-06-05,2026-08-04,419805.11,0
4293,274,2026-01-09,2026-03-10,2379778.03,0
4294,274,2025-11-05,2026-01-04,2749705.35,0
4295,274,2026-02-02,2026-04-03,882263.5,0
4296,274,2025-04-30,2025-06-29,2450863.68,0
4297,274,2025-07-12,2025-09-10,719655.82,0
4298,274,2026-02-18,2026-04-19,412482.52,0
4299,274,2026-03-16,2026-05-15,2553064.34,0
4300,274,2026-02-02,2026-04-03,1724118.74,0
4301,274,2026-06-04,2026-08-03,1846330.96,0
4302,274,2025-12-22,2026-02-20,654813.01,0
4303,274,2026-08-08,2026-10-07,2480136.89,0
4304,274,2026-07-31,2026-09-29,2113343.2,0
4305,274,2025-05-17,2025-07-16,841755.24,0
4306,274,2025-01-11,2025-03-12,523126.42,0
4307,274,2025-04-03,2025-06-02,1700910.22,0
4308,274,2026-06-21,2026-08-20,1168821.14,0
4309,275,2025-12-28,2026-01-27,934531.36,0
4310,275,2025-03-08,2025-04-07,152987.48,0
4311,275,2025-01-19,2025-02-18,498802.54,0
4312,275,2026-01-26,2026-02-25,481229.93,0
4313,275,2025-12-16,2026-01-15,1492484.43,0
4314,275,2026-07-08,2026-08-07,155289.41,0
4315,275,2026-08-20,2026-09-19,677224.33,0
4316,275,2025-04-07,2025-05-07,1199378.02,0
4317,275,2026-09-10,2026-10-10,198032.03,0
4318,276,2025-03-17,2025-04-16,1904112.69,0
4319,276,2026-06-12,2026-07-12,956495.58,1
4320,276,2025-07-25,2025-08-24,2741575.03,0
4321,276,2025-02-01,2025-03-03,2371463.61,0
4322,276,2025-07-22,2025-08-21,1945714.35,0
4323,276,2026-04-04,2026-05-04,2679306.63,0
4324,276,2025-12-17,2026-01-16,361436.78,0
4325,276,2026-07-23,2026-08-22,397664.35,0
4326,276,2026-02-12,2026-03-14,1084192.58,0
4327,276,2025-12-31,2026-01-30,649532.35,0
4328,276,2026-05-30,2026-06-29,2542620.13,0
4329,276,2026-03-29,2026-04-28,1511428.44,0
4330,276,2025-03-28,2025-04-27,1285016.61,0
4331,277,2026-02-24,2026-03-26,2450409.52,0
4332,277,2026-07-03,2026-08-02,2401256.82,0
4333,277,2026-08-20,2026-09-19,2418087.14,0
4334,277,2026-09-01,2026-10-01,1127497.74,0
4335,277,2025-08-02,2025-09-01,1684661.33,0
4336,277,2026-08-29,2026-09-28,2176934.26,0
4337,277,2025-10-19,2025-11-18,462618.43,0
4338,277,2026-02-24,2026-03-26,327904.43,0
4339,277,2025-05-24,2025-06-23,314413.53,0
4340,277,2025-08-08,2025-09-07,1649486.27,0
4341,277,2026-03-14,2026-04-13,1253806.15,0
4342,277,2025-01-18,2025-02-17,750313.16,0
4343,277,2026-01-06,2026-02-05,1316550.26,1
4344,277,2025-04-14,2025-05-14,1723021.35,0
4345,277,2025-11-30,2025-12-30,1495382.08,0
4346,277,2025-11-22,2025-12-22,907237.96,0
4347,278,2026-05-30,2026-06-29,1337612.87,0
4348,278,2026-08-27,2026-09-26,2290058.58,0
4349,278,2025-10-06,2025-11-05,2760163.22,0
4350,278,2025-11-10,2025-12-10,276170.99,0
4351,278,2025-11-20,2025-12-20,1797494.87,0
4352,278,2026-06-16,2026-07-16,1536557.86,0
4353,278,2025-08-26,2025-09-25,1854858.6,0
4354,278,2026-08-11,2026-09-10,1868741.93,0
4355,278,2026-09-11,2026-10-11,947313.67,0
4356,278,2026-08-13,2026-09-12,1207585.48,0
4357,278,2025-01-14,2025-02-13,1136391.17,0
4358,278,2026-01-03,2026-02-02,1853462.32,0
4359,278,2025-02-12,2025-03-14,742576.44,0
4360,279,2026-04-04,2026-04-04,4948040.7,0
4361,279,2026-02-01,2026-02-01,5920901.74,0
4362,279,2025-07-26,2025-07-26,5599037.79,0
4363,279,2026-07-01,2026-07-01,3551267.21,0
4364,279,2026-02-22,2026-02-22,2128436.91,0
4365,279,2026-04-04,2026-04-04,5116121.39,0
4366,279,2025-05-06,2025-05-06,2828805.97,0
4367,279,2026-04-27,2026-04-27,3859870.6,0
4368,279,2026-08-31,2026-08-31,1474209.36,0
4369,279,2026-07-20,2026-07-20,4483360.96,0
4370,279,2026-03-31,2026-03-31,2645374.43,0
4371,279,2025-01-14,2025-01-14,1938970.87,1
4372,279,2026-03-25,2026-03-25,3728341.18,0
4373,280,2025-07-01,2025-07-31,1149936.84,0
4374,280,2026-06-15,2026-07-15,1601519.72,0
4375,280,2026-08-11,2026-09-10,2715881.6,0
4376,280,2025-04-17,2025-05-17,2190457.76,0
4377,280,2025-08-26,2025-09-25,1631222.04,0
4378,280,2026-03-07,2026-04-06,1505780.32,0
4379,280,2026-06-29,2026-07-29,263668.33,0
4380,280,2025-03-11,2025-04-10,2440271.43,0
4381,280,2026-06-06,2026-07-06,2679861.63,0
4382,280,2025-12-19,2026-01-18,1204665.23,0
4383,280,2026-01-04,2026-02-03,594321.16,0
4384,280,2025-11-21,2025-12-21,2450753.08,0
4385,280,2026-02-17,2026-03-19,732488.87,0
4386,280,2025-06-20,2025-07-20,2701476.56,0
4387,281,2025-07-04,2025-07-19,2678847.01,0
4388,281,2026-07-24,2026-08-08,1122028.95,0
4389,281,2026-02-28,2026-03-15,1588120.14,0
4390,281,2026-09-18,2026-10-03,636843.55,0
4391,281,2025-06-29,2025-07-14,2628887.52,0
4392,281,2025-01-01,2025-01-16,2459623.24,0
4393,281,2025-04-08,2025-04-23,2573276.17,0
4394,281,2026-07-07,2026-07-22,1809065.33,0
4395,281,2025-01-04,2025-01-19,370984.86,0
4396,281,2025-06-12,2025-06-27,1533021.0,0
4397,281,2026-04-03,2026-04-18,1723704.22,0
4398,281,2025-04-13,2025-04-28,1332178.76,0
4399,281,2026-01-11,2026-01-26,392787.37,0
4400,281,2026-07-04,2026-07-19,1043145.7,0
4401,281,2026-06-21,2026-07-06,2349454.19,0
4402,281,2025-06-24,2025-07-09,2418658.03,0
4403,281,2026-04-24,2026-05-09,2628246.0,0
4404,281,2025-07-27,2025-08-11,864862.69,0
4405,281,2025-06-05,2025-06-20,1556222.76,1
4406,281,2025-08-01,2025-08-16,2034556.75,0
4407,282,2026-01-23,2026-03-24,1180865.02,0
4408,282,2025-11-16,2026-01-15,2979833.77,0
4409,282,2026-03-01,2026-04-30,4037794.13,0
4410,282,2026-03-05,2026-05-04,3287461.5,0
4411,282,2025-12-10,2026-02-08,1406407.8,0
4412,282,2025-05-18,2025-07-17,4777318.36,0
4413,282,2026-05-19,2026-07-18,3069306.83,0
4414,282,2025-03-19,2025-05-18,2516752.67,0
4415,282,2025-06-06,2025-08-05,4755167.17,0
4416,282,2025-01-15,2025-03-16,2662392.11,0
4417,282,2026-04-21,2026-06-20,4078557.41,0
4418,282,2025-12-21,2026-02-19,3515731.11,0
4419,282,2025-04-07,2025-06-06,1662391.18,0
4420,282,2025-03-24,2025-05-23,1672677.34,0
4421,282,2025-03-09,2025-05-08,1269382.04,0
4422,282,2025-07-02,2025-08-31,1201747.91,0
4423,283,2025-05-20,2025-06-19,1787075.89,0
4424,283,2025-06-22,2025-07-22,2203798.77,0
4425,283,2026-02-11,2026-03-13,4357602.32,0
4426,283,2025-08-26,2025-09-25,2762790.25,0
4427,283,2026-08-30,2026-09-29,1726882.42,0
4428,283,2025-01-27,2025-02-26,2959136.92,0
4429,283,2026-02-26,2026-03-28,3595731.18,0
4430,284,2025-06-24,2025-08-08,508218.02,0
4431,284,2026-04-27,2026-06-11,1705312.93,0
4432,284,2025-01-11,2025-02-25,315680.47,0
4433,284,2026-06-01,2026-07-16,2000783.01,0
4434,284,2026-05-06,2026-06-20,992054.78,0
4435,284,2025-01-06,2025-02-20,1372757.32,0
4436,284,2026-04-27,2026-06-11,914090.31,0
4437,284,2025-07-17,2025-08-31,1357072.44,0
4438,284,2026-07-01,2026-08-15,1976654.68,0
4439,285,2026-01-27,2026-03-28,497245.49,0
4440,285,2026-03-18,2026-05-17,568599.73,0
4441,285,2026-09-21,2026-11-20,518059.95,0
4442,285,2026-07-03,2026-09-01,534527.01,0
4443,285,2026-07-23,2026-09-21,216826.7,0
4444,285,2026-08-28,2026-10-27,1557462.41,0
4445,285,2026-01-16,2026-03-17,298787.4,0
4446,285,2026-06-18,2026-08-17,585735.35,0
4447,285,2026-08-26,2026-10-25,209105.52,0
4448,285,2026-08-02,2026-10-01,884113.56,0
4449,285,2026-06-08,2026-08-07,733350.37,0
4450,285,2026-07-17,2026-09-15,300547.67,0
4451,285,2026-05-09,2026-07-08,183979.16,0
4452,285,2026-02-19,2026-04-20,1626020.74,0
4453,285,2026-02-26,2026-04-27,1279218.68,0
4454,285,2026-01-17,2026-03-18,908081.11,0
4455,285,2026-09-15,2026-11-14,1206377.74,0
4456,286,2025-12-06,2025-12-06,341378.37,0
4457,286,2025-04-24,2025-04-24,662169.11,0
4458,286,2025-05-28,2025-05-28,598250.57,0
4459,286,2026-07-30,2026-07-30,459227.34,0
4460,287,2026-02-18,2026-03-20,1703508.51,0
4461,287,2026-07-15,2026-08-14,1285978.2,0
4462,287,2025-01-05,2025-02-04,244575.74,0
4463,287,2025-05-06,2025-06-05,231465.84,0
4464,287,2026-09-14,2026-10-14,928027.76,0
4465,287,2026-07-30,2026-08-29,955284.09,0
4466,287,2026-04-10,2026-05-10,1628289.65,0
4467,287,2026-09-06,2026-10-06,388723.05,0
4468,288,2025-11-26,2025-11-26,2778976.81,0
4469,288,2025-09-07,2025-09-07,2684159.08,0
4470,288,2025-05-27,2025-05-27,1147791.95,0
4471,288,2026-07-26,2026-07-26,1068960.16,0
4472,288,2025-09-21,2025-09-21,396844.86,0
4473,288,2026-02-11,2026-02-11,2407609.4,0
4474,288,2025-01-01,2025-01-01,1360815.45,0
4475,288,2025-04-16,2025-04-16,1364041.11,0
4476,288,2025-10-30,2025-10-30,696826.61,0
4477,288,2025-08-04,2025-08-04,1550005.31,0
4478,288,2026-04-18,2026-04-18,1257956.55,0
4479,288,2025-08-26,2025-08-26,1710857.7,0
4480,288,2026-05-10,2026-05-10,562843.35,0
4481,289,2026-02-05,2026-04-06,2519855.04,0
4482,289,2025-02-03,2025-04-04,2421995.47,0
4483,289,2025-05-19,2025-07-18,795132.56,0
4484,289,2025-11-27,2026-01-26,1216758.43,1
4485,289,2025-08-28,2025-10-27,2654827.28,0
4486,289,2026-08-02,2026-10-01,1188131.1,0
4487,289,2025-06-20,2025-08-19,3324152.23,0
4488,290,2026-01-17,2026-02-01,218047.77,0
4489,290,2025-12-23,2026-01-07,728970.38,0
4490,290,2025-02-06,2025-02-21,629644.01,0
4491,290,2025-04-05,2025-04-20,211639.07,0
4492,290,2026-07-14,2026-07-29,655753.53,0
4493,290,2026-02-11,2026-02-26,662833.63,0
4494,290,2025-03-31,2025-04-15,553265.85,0
4495,290,2026-01-07,2026-01-22,162534.02,0
4496,290,2025-06-26,2025-07-11,526168.75,0
4497,290,2025-12-09,2025-12-24,598761.97,1
4498,290,2025-03-09,2025-03-24,689435.84,0
4499,290,2025-04-02,2025-04-17,470842.64,0
4500,290,2025-09-12,2025-09-27,235121.65,0
4501,290,2025-02-10,2025-02-25,801803.54,0
4502,290,2025-10-04,2025-10-19,596904.46,0
4503,290,2025-02-14,2025-03-01,833418.12,0
4504,291,2025-09-13,2025-09-13,489772.68,1
4505,291,2025-01-19,2025-01-19,2003426.51,0
4506,291,2026-06-05,2026-06-05,650642.41,0
4507,291,2025-12-15,2025-12-15,5221051.96,0
4508,291,2025-02-19,2025-02-19,2077694.98,0
4509,291,2026-03-19,2026-03-19,4339721.91,0
4510,291,2025-04-10,2025-04-10,2422474.25,0
4511,291,2025-06-14,2025-06-14,4830432.56,0
4512,291,2026-03-09,2026-03-09,4173742.61,0
4513,291,2026-06-21,2026-06-21,4596960.18,0
4514,292,2026-08-12,2026-08-12,4591178.82,0
4515,292,2026-08-07,2026-08-07,4922638.21,0
4516,292,2025-05-28,2025-05-28,6204084.24,0
4517,292,2025-05-14,2025-05-14,5520725.16,0
4518,292,2026-07-20,2026-07-20,6471738.6,0
4519,292,2025-04-12,2025-04-12,6312642.58,0
4520,292,2025-09-15,2025-09-15,2651807.29,0
4521,292,2025-11-27,2025-11-27,6073539.38,0
4522,292,2026-05-01,2026-05-01,3895732.33,0
4523,293,2025-07-20,2025-09-03,868895.75,0
4524,293,2025-06-17,2025-08-01,744340.28,0
4525,293,2026-04-27,2026-06-11,1389459.83,0
4526,293,2025-12-19,2026-02-02,3388806.21,0
4527,293,2025-02-03,2025-03-20,815197.44,0
4528,293,2025-04-01,2025-05-16,3054859.77,0
4529,293,2025-05-14,2025-06-28,2104890.88,0
4530,293,2025-10-21,2025-12-05,1155860.24,0
4531,293,2025-04-08,2025-05-23,3480738.47,0
4532,293,2025-05-07,2025-06-21,2946345.72,0
4533,293,2026-04-25,2026-06-09,3041584.2,0
4534,293,2026-04-27,2026-06-11,1842625.13,0
4535,293,2025-04-10,2025-05-25,554313.79,0
4536,293,2026-04-25,2026-06-09,3007790.05,0
4537,293,2026-09-28,2026-11-12,2709392.44,0
4538,293,2025-10-17,2025-12-01,755894.5,0
4539,293,2025-05-13,2025-06-27,728583.77,0
4540,293,2026-04-13,2026-05-28,1107213.17,0
4541,293,2025-04-20,2025-06-04,2406781.81,0
4542,294,2026-07-07,2026-09-05,18815464.99,0
4543,294,2026-07-31,2026-09-29,15032927.56,0
4544,294,2026-04-16,2026-06-15,14557901.13,0
4545,294,2026-03-06,2026-05-05,33239353.91,0
4546,294,2025-06-07,2025-08-06,37409664.45,0
4547,294,2026-04-24,2026-06-23,26246135.09,0
4548,294,2026-07-20,2026-09-18,19715959.66,0
4549,294,2026-04-05,2026-06-04,21809311.18,0
4550,294,2026-06-20,2026-08-19,6220733.79,0
4551,294,2025-08-28,2025-10-27,31155046.01,0
4552,294,2025-10-05,2025-12-04,33562291.9,0
4553,294,2026-09-19,2026-11-18,6082297.64,0
4554,294,2025-09-04,2025-11-03,40189600.65,0
4555,294,2025-09-30,2025-11-29,21288049.28,0
4556,294,2026-06-14,2026-08-13,26003057.49,0
4557,294,2026-02-22,2026-04-23,39836357.87,0
4558,294,2026-03-29,2026-05-28,9502115.77,0
4559,294,2026-05-12,2026-07-11,28360490.55,0
4560,294,2026-04-16,2026-06-15,19582729.22,0
4561,294,2026-01-15,2026-03-16,16017140.17,0
4562,294,2026-05-03,2026-07-02,18865478.74,0
4563,294,2026-06-25,2026-08-24,4138375.76,0
4564,294,2026-01-12,2026-03-13,38168097.83,0
4565,294,2026-04-19,2026-06-18,38152600.09,0
4566,294,2026-05-05,2026-07-04,28914432.37,0
4567,294,2025-06-01,2025-07-31,40074268.34,0
4568,294,2025-08-10,2025-10-09,28657338.87,0
4569,294,2025-09-07,2025-11-06,16177791.09,0
4570,294,2025-08-26,2025-10-25,13226525.95,0
4571,294,2026-07-10,2026-09-08,33131125.07,0
4572,294,2026-05-07,2026-07-06,28446943.07,0
4573,294,2026-08-20,2026-10-19,21931509.9,0
4574,294,2026-01-26,2026-03-27,4746090.02,0
4575,294,2026-03-01,2026-04-30,26499069.51,0
4576,294,2026-03-15,2026-05-14,32897106.6,0
4577,294,2026-07-16,2026-09-14,38080260.35,0
4578,294,2025-11-14,2026-01-13,18577850.94,0
4579,295,2025-05-28,2025-08-26,37529364.5,0
4580,295,2025-01-11,2025-04-11,21822672.55,0
4581,295,2026-05-27,2026-08-25,10352930.12,0
4582,295,2026-03-02,2026-05-31,32367912.11,0
4583,295,2025-08-31,2025-11-29,7720962.17,0
4584,295,2025-11-02,2026-01-31,13417595.74,0
4585,295,2025-03-07,2025-06-05,27774614.13,0
4586,295,2026-02-08,2026-05-09,11312697.14,0
4587,295,2025-02-25,2025-05-26,17374195.2,0
4588,295,2025-02-26,2025-05-27,37050049.3,0
4589,295,2026-01-08,2026-04-08,32981674.82,0
4590,295,2025-09-10,2025-12-09,26807118.25,0
4591,295,2025-06-17,2025-09-15,32992192.21,0
4592,295,2025-03-04,2025-06-02,16450141.91,0
4593,295,2025-02-07,2025-05-08,21809408.02,0
4594,295,2025-04-09,2025-07-08,16105268.75,0
4595,295,2026-05-05,2026-08-03,3963476.67,0
4596,295,2025-05-12,2025-08-10,18618043.47,0
4597,295,2025-01-21,2025-04-21,9613593.88,0
4598,295,2026-05-09,2026-08-07,6809932.05,0
4599,295,2025-09-30,2025-12-29,10234815.13,0
4600,295,2025-03-29,2025-06-27,21760175.07,0
4601,295,2026-09-07,2026-12-06,9610022.21,0
4602,295,2026-07-14,2026-10-12,16009478.35,0
4603,295,2025-01-27,2025-04-27,36993653.87,0
4604,295,2025-07-01,2025-09-29,26960750.46,0
4605,295,2026-07-11,2026-10-09,36388290.72,0
4606,295,2026-09-05,2026-12-04,28518462.87,0
4607,295,2025-06-10,2025-09-08,19364678.63,0
4608,295,2025-11-25,2026-02-23,4899013.84,0
4609,295,2025-01-11,2025-04-11,39054769.7,0
4610,295,2025-02-20,2025-05-21,39489791.26,0
4611,295,2025-12-26,2026-03-26,32406441.03,0
4612,295,2026-07-24,2026-10-22,37762636.09,0
4613,295,2026-05-14,2026-08-12,26430365.04,0
4614,295,2026-01-21,2026-04-21,11044278.95,0
4615,295,2025-12-05,2026-03-05,12901896.84,0
4616,295,2025-08-23,2025-11-21,11227496.9,0
4617,295,2026-03-17,2026-06-15,38923290.79,0
4618,296,2025-11-17,2026-01-01,138267.6,0
4619,296,2025-11-24,2026-01-08,961952.43,1
4620,296,2026-04-30,2026-06-14,215341.71,0
4621,296,2026-09-02,2026-10-17,162993.8,0
4622,296,2026-08-25,2026-10-09,557339.52,0
4623,296,2026-08-09,2026-09-23,601327.88,0
4624,296,2026-07-25,2026-09-08,179408.49,0
4625,296,2026-09-21,2026-11-05,513571.53,0
4626,296,2025-12-25,2026-02-08,593013.8,0
4627,296,2026-01-06,2026-02-20,524575.98,0
4628,296,2025-09-17,2025-11-01,1010822.15,0
4629,296,2025-09-06,2025-10-21,900484.78,0
4630,296,2026-05-04,2026-06-18,554037.66,0
4631,296,2026-04-12,2026-05-27,516600.53,0
4632,296,2026-09-28,2026-11-12,168128.11,0
4633,296,2025-12-07,2026-01-21,448380.31,0
4634,296,2025-08-15,2025-09-29,211759.59,0
4635,296,2025-04-27,2025-06-11,510624.15,0
4636,296,2025-11-27,2026-01-11,790182.69,0
4637,297,2026-01-16,2026-02-15,2485841.69,0
4638,297,2026-04-29,2026-05-29,1043247.34,0
4639,297,2025-06-10,2025-07-10,1529648.99,0
4640,297,2025-01-01,2025-01-31,1584889.02,0
4641,297,2026-07-20,2026-08-19,614528.4,0
4642,297,2026-03-12,2026-04-11,873730.43,0
4643,297,2025-09-11,2025-10-11,2461156.78,0
4644,298,2026-02-14,2026-03-31,802649.74,0
4645,298,2025-03-25,2025-05-09,355096.74,0
4646,298,2025-06-01,2025-07-16,1595236.64,0
4647,298,2026-09-29,2026-11-13,1273726.1,0
4648,298,2025-12-26,2026-02-09,1661136.14,0
4649,298,2026-03-29,2026-05-13,826689.42,0
4650,298,2026-08-28,2026-10-12,2816877.72,0
4651,299,2026-07-18,2026-07-18,4320786.7,0
4652,299,2026-05-04,2026-05-04,1131288.87,0
4653,299,2025-07-14,2025-07-14,4539866.07,0
4654,299,2025-05-12,2025-05-12,3016700.65,0
4655,299,2025-07-07,2025-07-07,2770824.65,0
4656,299,2026-08-06,2026-08-06,4661619.36,0
4657,299,2025-11-14,2025-11-14,855461.43,0
4658,299,2026-03-13,2026-03-13,3754751.34,0
4659,299,2026-07-27,2026-07-27,1701860.29,0
4660,299,2026-06-13,2026-06-13,4908551.04,0
4661,299,2025-02-17,2025-02-17,4934675.52,0
4662,299,2026-08-01,2026-08-01,2157486.91,0
4663,299,2025-01-04,2025-01-04,1978566.81,0
4664,299,2026-05-08,2026-05-08,4770974.73,0
4665,299,2026-06-30,2026-06-30,3574734.76,0
4666,299,2026-07-08,2026-07-08,4827336.44,0
4667,300,2025-11-07,2025-12-07,1077765.74,0
4668,300,2025-05-02,2025-06-01,834995.58,0
4669,300,2026-03-24,2026-04-23,292931.99,0
4670,300,2025-02-16,2025-03-18,217347.5,0
4671,300,2025-02-04,2025-03-06,1668340.94,0
4672,300,2026-01-29,2026-02-28,646270.44,0
4673,300,2025-12-23,2026-01-22,1332563.17,0
4674,300,2025-08-11,2025-09-10,795519.88,0
4675,300,2025-11-30,2025-12-30,1383944.71,0
4676,300,2025-03-08,2025-04-07,1401756.41,0
4677,300,2025-09-24,2025-10-24,585435.11,0
4678,300,2025-09-11,2025-10-11,1223909.61,0
4679,300,2026-07-18,2026-08-17,1538447.96,0
4680,300,2026-05-23,2026-06-22,1161146.13,0
4681,300,2026-03-25,2026-04-24,231487.48,0
