pago_id,factura_id,fecha_pago,importe,medio_pago
1,1,2025-12-06,5420520.06,Cheque físico
2,2,2026-04-29,6691779.46,Cheque físico
3,7,2026-08-27,6872301.28,Efectivo
4,8,2026-04-04,3172818.04,Cheque físico
5,9,2025-09-16,5892822.76,Transferencia
6,10,2026-03-17,3455609.92,eCheq
7,12,2025-12-09,6238237.97,Cheque físico
8,13,2026-06-06,6948313.41,eCheq
9,14,2026-07-21,2780536.83,Transferencia
10,16,2026-05-15,1306828.2,Transferencia
11,17,2026-09-05,6624595.41,Transferencia
12,18,2026-04-04,6890883.6,eCheq
13,19,2026-06-15,6004772.93,eCheq
14,20,2025-05-10,2222612.24,Transferencia
15,21,2026-07-22,3505013.52,Cheque físico
16,22,2026-05-25,4404296.79,eCheq
17,23,2026-09-18,1016679.16,eCheq
18,24,2026-09-19,2222793.89,eCheq
19,25,2025-04-09,2959331.99,Transferencia
20,26,2026-01-16,1830015.75,Cheque físico
21,26,2026-02-03,952426.84,Transferencia
22,27,2026-08-06,146225.27,Transferencia
23,27,2026-08-30,313786.35,eCheq
24,28,2026-02-12,4200476.87,Transferencia
25,29,2026-06-06,4106058.15,eCheq
26,30,2025-05-29,4289095.78,Transferencia
27,31,2026-06-10,3982381.41,eCheq
28,34,2026-09-04,3218906.8,Cheque físico
29,35,2025-07-04,3609621.19,Transferencia
30,36,2025-10-17,1627376.13,eCheq
31,37,2026-04-13,3276686.53,Transferencia
32,38,2025-09-03,2441694.83,Transferencia
33,40,2025-08-20,773895.63,Transferencia
34,42,2025-05-30,932019.96,Transferencia
35,43,2025-05-27,2323440.17,Transferencia
36,44,2025-03-15,3207960.25,eCheq
37,45,2025-10-08,5483061.1,eCheq
38,46,2026-06-19,397183.92,Efectivo
39,47,2025-10-28,1962988.51,eCheq
40,47,2025-11-20,2077239.52,eCheq
41,48,2025-07-18,603474.76,eCheq
42,49,2026-05-30,2186155.23,Transferencia
43,52,2025-08-30,811060.85,eCheq
44,53,2025-05-10,1011838.93,Transferencia
45,54,2025-07-27,714791.57,eCheq
46,55,2025-03-08,349622.18,Transferencia
47,56,2025-04-01,1363473.6,eCheq
48,57,2025-10-15,524812.71,Transferencia
49,59,2025-12-08,1060563.57,eCheq
50,61,2025-06-11,353889.46,Cheque físico
51,62,2026-01-18,456962.48,Transferencia
52,64,2026-09-29,6477705.55,Transferencia
53,68,2026-09-06,3671785.09,eCheq
54,69,2026-09-23,5979248.54,eCheq
55,72,2026-08-23,6836963.7,Cheque físico
56,74,2026-09-26,4508727.29,Transferencia
57,75,2026-09-22,2487467.33,eCheq
58,83,2026-08-17,987143.57,Transferencia
59,86,2025-10-02,2250275.35,eCheq
60,87,2026-05-29,1775391.5,Transferencia
61,88,2025-07-30,508410.62,Transferencia
62,89,2025-03-01,1875243.65,eCheq
63,90,2026-02-21,2306614.55,eCheq
64,91,2025-04-03,1168811.89,Transferencia
65,93,2025-04-18,749754.55,eCheq
66,94,2025-12-11,697066.06,Cheque físico
67,95,2025-03-08,2368501.08,Transferencia
68,96,2026-05-18,854783.83,Cheque físico
69,97,2026-07-08,2488672.86,Transferencia
70,98,2026-05-22,2017545.97,eCheq
71,99,2025-05-14,2193490.88,Transferencia
72,100,2025-12-10,2474499.82,Cheque físico
73,101,2025-10-24,2101884.27,Transferencia
74,102,2026-07-16,1198121.19,eCheq
75,103,2025-08-17,6829324.64,Transferencia
76,103,2025-09-19,6696639.39,Transferencia
77,104,2026-06-06,7380191.06,Transferencia
78,105,2026-07-07,5240646.39,Transferencia
79,106,2025-07-11,14073972.73,Transferencia
80,107,2025-05-18,10236416.96,eCheq
81,108,2026-01-09,4550278.99,Cheque físico
82,110,2026-04-05,6009524.32,eCheq
83,111,2025-04-27,9052063.9,Transferencia
84,112,2026-06-01,5141255.88,eCheq
85,113,2026-08-22,13060165.62,Transferencia
86,114,2025-10-07,8360687.59,Transferencia
87,115,2025-09-15,10740135.18,Transferencia
88,116,2026-04-06,6937155.87,Transferencia
89,117,2026-02-25,3873526.63,Efectivo
90,117,2026-03-23,7017754.74,eCheq
91,119,2026-06-02,2519347.97,Transferencia
92,120,2026-08-05,11724052.89,eCheq
93,122,2025-06-30,16081524.96,Transferencia
94,123,2026-05-14,9796506.88,Transferencia
95,124,2025-08-29,17333521.98,Cheque físico
96,125,2025-11-29,3578916.53,eCheq
97,126,2026-08-10,4040500.0,Transferencia
98,127,2025-11-20,744288.55,eCheq
99,127,2025-12-28,874804.39,Transferencia
100,129,2026-01-20,11840786.2,eCheq
101,130,2026-02-26,7757445.89,eCheq
102,131,2026-06-16,8825250.43,eCheq
103,132,2026-06-01,12678316.11,Transferencia
104,133,2025-06-15,12668703.88,Transferencia
105,135,2026-02-21,8061537.08,Transferencia
106,137,2025-05-29,513823.75,Transferencia
107,138,2025-09-30,516692.19,Transferencia
108,140,2025-05-23,173431.43,Transferencia
109,141,2025-11-06,158237.75,Transferencia
110,142,2026-08-27,198346.56,eCheq
111,143,2025-05-06,93577.27,eCheq
112,143,2025-05-23,216418.5,Cheque físico
113,144,2025-08-29,1683992.41,Transferencia
114,145,2026-05-30,322294.13,Transferencia
115,146,2025-07-27,1644923.79,Transferencia
116,147,2025-01-25,793423.18,Transferencia
117,148,2025-03-10,1202738.72,Transferencia
118,149,2026-09-07,949321.64,eCheq
119,150,2026-07-27,424334.58,eCheq
120,151,2025-05-07,681274.48,Transferencia
121,153,2026-08-26,868258.5,Transferencia
122,154,2025-01-12,1136157.88,eCheq
123,155,2025-09-03,1141625.97,Transferencia
124,156,2025-02-21,530902.35,Transferencia
125,157,2025-03-20,2560978.07,eCheq
126,158,2026-03-04,1574968.13,Transferencia
127,159,2026-06-08,419161.4,Transferencia
128,160,2026-09-19,1645048.58,Transferencia
129,161,2026-04-03,2095972.11,Transferencia
130,162,2025-11-09,1715639.89,Cheque físico
131,163,2026-05-28,444840.89,Transferencia
132,164,2026-04-15,2186430.63,Transferencia
133,165,2026-02-25,1334137.06,eCheq
134,166,2025-07-19,898666.81,Transferencia
135,168,2025-08-03,250702.21,Transferencia
136,169,2026-03-22,2609769.14,eCheq
137,170,2026-09-16,422359.95,Transferencia
138,171,2026-09-10,655647.7,Transferencia
139,172,2026-06-05,847207.47,Transferencia
140,172,2026-06-25,1018340.68,Transferencia
141,173,2026-05-11,385787.82,Transferencia
142,174,2025-07-26,1181035.83,eCheq
143,176,2026-01-19,554593.98,eCheq
144,177,2026-01-06,1087727.63,Transferencia
145,178,2026-03-14,1392705.78,eCheq
146,179,2025-10-10,1444685.8,Cheque físico
147,180,2025-05-30,1539379.19,Transferencia
148,181,2025-11-27,252819.9,Transferencia
150,184,2025-10-08,620026.3,Transferencia
151,185,2026-03-11,6189980.75,Transferencia
152,187,2026-08-02,6915977.37,Transferencia
153,188,2025-07-20,6167095.83,eCheq
154,189,2025-04-03,1418312.67,Cheque físico
155,190,2025-09-23,6337014.89,Transferencia
156,191,2025-11-11,1954501.26,eCheq
157,192,2025-08-15,6545622.25,Transferencia
158,193,2025-11-17,4861969.16,eCheq
159,194,2026-07-08,1178827.23,Cheque físico
160,196,2026-03-21,4785085.76,Transferencia
161,197,2025-11-10,2030725.35,Cheque físico
162,198,2025-07-10,4266169.66,Transferencia
163,199,2025-03-18,2589113.05,eCheq
164,200,2025-08-02,3926408.85,Transferencia
165,201,2026-09-18,6055116.96,eCheq
166,202,2025-07-26,4449378.65,eCheq
167,203,2025-04-23,4432833.97,eCheq
168,204,2025-07-14,1520846.07,eCheq
169,205,2025-06-11,1735701.14,eCheq
170,206,2026-03-12,264917.15,Cheque físico
171,207,2026-07-28,780035.93,eCheq
172,208,2025-10-29,882052.0,eCheq
173,209,2025-11-11,1585548.94,Transferencia
174,210,2026-08-13,313116.55,Transferencia
175,211,2026-04-11,1237112.42,Cheque físico
176,212,2025-05-19,1718442.82,Efectivo
177,213,2026-02-18,542001.61,Transferencia
178,214,2026-02-10,1391359.7,Transferencia
179,215,2026-04-27,1533833.26,Transferencia
180,217,2026-01-14,1420949.94,eCheq
181,218,2026-03-04,670366.36,Transferencia
182,223,2026-03-28,732326.05,Transferencia
183,223,2026-04-04,796879.46,Transferencia
184,224,2026-04-21,1194224.8,Transferencia
185,225,2026-07-29,731695.43,Cheque físico
186,226,2026-03-10,547339.34,Transferencia
189,232,2026-09-12,1186224.67,eCheq
190,233,2025-06-20,1587777.72,eCheq
191,234,2025-04-18,1594137.9,Cheque físico
192,235,2025-06-14,1054070.76,eCheq
193,236,2026-06-19,1652279.54,eCheq
194,237,2025-06-18,1923361.11,Transferencia
195,238,2026-01-05,2051206.18,Efectivo
196,239,2026-04-15,1525706.87,Cheque físico
197,240,2026-04-09,828362.0,Cheque físico
198,241,2026-09-06,2466505.8,Transferencia
199,243,2026-02-04,2585312.23,Transferencia
200,246,2026-09-15,2986108.59,Transferencia
201,247,2026-04-14,1381467.51,Cheque físico
202,250,2026-04-11,1874547.58,Transferencia
203,251,2025-07-09,2762232.34,Transferencia
204,252,2026-02-11,1670692.7,eCheq
205,253,2025-07-11,488503.39,eCheq
206,253,2025-07-23,259094.69,Transferencia
207,254,2025-03-13,727777.06,Cheque físico
208,255,2025-11-03,680135.38,eCheq
209,256,2025-06-23,1339640.64,eCheq
210,257,2026-02-24,720536.54,Transferencia
211,258,2026-01-21,1900002.98,Efectivo
212,259,2025-03-02,1689851.25,eCheq
213,260,2025-10-16,2276362.11,Transferencia
214,261,2025-10-22,2432257.43,eCheq
215,262,2025-06-04,2543663.85,eCheq
216,263,2025-11-01,685475.81,Transferencia
217,264,2025-07-04,1664169.53,Transferencia
218,265,2025-03-06,1018982.37,Transferencia
219,266,2026-03-14,872239.71,Transferencia
220,267,2025-10-30,1448468.9,Transferencia
221,268,2026-05-30,1170767.98,Cheque físico
222,269,2025-12-17,1163055.89,eCheq
223,270,2026-09-25,1191276.25,Transferencia
224,272,2025-08-27,733894.42,Transferencia
225,273,2026-06-03,2773490.21,Transferencia
226,274,2025-08-17,1310624.15,eCheq
227,275,2025-12-14,2530977.35,Cheque físico
228,276,2025-04-18,1476020.78,Transferencia
229,277,2025-05-13,676257.26,Transferencia
230,277,2025-06-12,305263.01,Transferencia
231,278,2026-07-24,2467854.64,eCheq
232,279,2026-03-21,948847.29,eCheq
233,279,2026-03-26,845631.76,Cheque físico
234,280,2026-06-06,1405928.93,eCheq
235,281,2026-07-27,544904.69,Transferencia
236,282,2025-07-04,1834958.43,Efectivo
237,282,2025-07-22,816679.33,Transferencia
238,283,2025-02-06,1900532.48,Transferencia
239,284,2026-08-07,915937.74,eCheq
240,285,2025-01-11,2349265.37,Transferencia
241,286,2026-02-11,1549338.81,Transferencia
242,288,2025-12-20,734702.74,Transferencia
243,289,2025-05-30,3328928.2,Transferencia
244,290,2026-08-29,1478664.29,Transferencia
245,291,2025-03-11,2190784.86,Transferencia
246,291,2025-03-25,3295267.98,Cheque físico
247,293,2026-02-03,6057409.37,eCheq
248,294,2026-05-07,5818975.5,Transferencia
249,295,2026-09-06,1387683.3,Transferencia
250,296,2026-08-19,6273323.96,Transferencia
251,297,2026-02-21,4794333.42,Transferencia
252,298,2025-06-29,3747651.68,Transferencia
253,299,2026-04-01,1357446.21,Cheque físico
254,301,2026-05-19,1561408.23,eCheq
255,302,2026-01-24,6202573.88,Cheque físico
256,303,2025-05-14,5648679.21,eCheq
257,304,2025-07-17,2649638.42,Transferencia
258,305,2026-09-04,3335700.22,Transferencia
259,307,2025-08-30,1220954.14,Transferencia
260,308,2026-06-30,2342794.75,eCheq
261,309,2025-08-16,1422970.15,Transferencia
262,309,2025-09-25,616948.73,Transferencia
263,310,2025-05-09,2597514.5,eCheq
264,311,2025-12-10,1418594.27,Cheque físico
265,312,2026-03-30,860793.37,eCheq
266,313,2026-02-07,2116688.69,Transferencia
267,314,2025-05-22,863927.56,Transferencia
268,314,2025-05-31,1072705.58,Transferencia
269,315,2026-02-21,623276.1,eCheq
270,316,2025-10-24,497354.74,Transferencia
271,316,2025-10-31,946317.58,eCheq
272,318,2026-04-01,1980553.07,eCheq
273,319,2026-08-12,1524793.44,Transferencia
274,320,2025-05-27,978909.05,eCheq
275,320,2025-07-06,1163515.88,eCheq
276,321,2025-03-23,2330390.62,Transferencia
277,322,2026-02-23,1895416.82,Transferencia
278,323,2026-09-23,2233720.99,Transferencia
279,324,2025-02-05,2176694.89,eCheq
280,325,2026-05-17,892355.92,Transferencia
281,326,2026-02-15,3801382.93,Transferencia
282,327,2025-05-03,5097003.59,eCheq
283,328,2025-06-21,751585.99,Cheque físico
284,329,2025-01-29,2456764.04,eCheq
285,330,2025-08-20,5767846.62,Transferencia
286,331,2026-05-19,3904325.1,eCheq
287,332,2025-12-04,2461386.17,Transferencia
288,333,2025-07-19,2201772.32,Transferencia
289,334,2026-05-16,1043119.87,Transferencia
290,335,2026-02-15,1144623.3,Efectivo
291,336,2026-05-03,1904747.73,eCheq
292,337,2025-07-13,1710648.57,Transferencia
293,338,2026-06-06,1141047.78,eCheq
294,339,2025-05-13,2671336.19,Transferencia
295,340,2025-08-21,2124427.92,Cheque físico
296,341,2025-05-26,1416601.48,Transferencia
297,342,2025-06-25,3235873.13,Transferencia
298,343,2026-02-03,506308.9,Transferencia
299,344,2026-06-15,422503.48,eCheq
300,345,2026-02-06,2118261.03,eCheq
301,346,2026-07-05,593155.78,Transferencia
302,346,2026-07-26,389790.88,eCheq
303,347,2025-07-11,753561.26,Transferencia
304,348,2025-11-07,2442862.08,Transferencia
305,349,2026-06-04,1394461.27,Transferencia
306,350,2025-09-09,3389887.47,eCheq
307,351,2025-04-03,2094907.02,Transferencia
308,352,2026-03-02,345397.69,Transferencia
309,353,2026-01-15,318648.52,eCheq
310,353,2026-01-28,344893.48,eCheq
311,355,2026-03-26,2360155.8,Transferencia
312,356,2026-03-24,692851.61,Transferencia
313,357,2026-07-17,1863314.52,Transferencia
314,359,2026-04-16,505408.77,Transferencia
315,360,2026-05-16,1528605.49,eCheq
316,361,2026-08-23,1215564.37,Transferencia
317,362,2026-06-17,583516.01,Transferencia
318,362,2026-07-10,713596.93,Transferencia
319,363,2025-11-02,1026935.52,eCheq
320,364,2025-03-27,2544479.37,eCheq
321,367,2026-04-14,2361087.74,Transferencia
322,368,2026-05-06,2742030.42,Transferencia
323,369,2025-07-01,1530898.04,eCheq
324,370,2025-11-27,726076.33,eCheq
325,370,2025-12-11,1657508.64,Transferencia
326,371,2026-09-26,2596721.65,eCheq
327,372,2025-07-24,2757540.33,Transferencia
328,373,2025-09-09,1610668.08,eCheq
329,374,2025-12-31,1927699.7,eCheq
330,375,2025-06-10,523984.69,Transferencia
331,379,2026-01-23,723279.74,Transferencia
332,381,2026-07-30,332346.1,Transferencia
334,383,2025-10-25,404438.14,Cheque físico
335,384,2026-06-17,148353.55,Transferencia
336,386,2026-02-10,330089.42,Transferencia
337,391,2025-10-25,521427.25,Transferencia
338,393,2026-09-10,159171.69,Transferencia
339,395,2026-06-21,1091506.64,eCheq
340,395,2026-06-26,688155.9,Cheque físico
341,396,2026-07-25,295458.53,Transferencia
342,396,2026-08-20,280050.08,eCheq
343,397,2026-05-08,1442926.98,Transferencia
344,398,2026-06-08,1664512.52,Transferencia
345,400,2026-06-22,2398273.65,Transferencia
346,401,2026-08-14,675997.1,Cheque físico
347,402,2026-08-03,3424318.25,Transferencia
348,403,2025-11-18,2751846.34,eCheq
349,404,2025-11-05,2523888.21,Transferencia
350,405,2025-10-04,1798081.25,eCheq
351,406,2026-08-22,3047068.27,Transferencia
352,407,2025-09-13,3012982.33,Transferencia
353,409,2025-09-04,519645.79,Transferencia
354,410,2026-06-07,3103827.96,Cheque físico
355,411,2025-09-04,1153621.34,eCheq
356,412,2026-03-06,1680715.64,Transferencia
357,413,2025-05-23,1712289.91,Transferencia
358,414,2025-09-27,1588614.73,Transferencia
359,415,2026-05-30,649390.59,Cheque físico
360,417,2025-06-18,1181470.33,Transferencia
361,418,2025-11-25,1884549.31,eCheq
362,420,2025-09-04,1910368.49,Transferencia
363,421,2026-01-31,2480615.95,Transferencia
364,422,2025-05-13,2431300.41,Transferencia
365,423,2025-03-28,2200816.5,Transferencia
366,424,2025-07-02,2224656.77,Transferencia
367,425,2026-08-02,898789.15,Transferencia
368,426,2026-01-17,1010903.12,eCheq
369,427,2026-06-07,528668.33,Transferencia
370,428,2026-04-03,2432039.74,eCheq
371,429,2026-04-26,1160115.02,Efectivo
372,430,2025-05-11,2711559.83,Efectivo
373,431,2026-07-14,687877.76,Transferencia
374,432,2026-09-23,1308273.37,Transferencia
375,434,2026-08-25,2718471.77,eCheq
376,435,2026-06-22,1983163.05,eCheq
377,436,2025-07-15,420368.92,eCheq
378,436,2025-07-23,596963.81,Transferencia
379,437,2025-02-02,537419.84,Transferencia
380,437,2025-02-25,804206.6,eCheq
381,438,2026-06-30,1943234.56,Efectivo
382,439,2026-06-07,4346203.63,Efectivo
383,440,2026-03-05,4736561.47,Cheque físico
384,441,2026-03-29,3729941.68,eCheq
385,447,2025-09-06,15154260.82,eCheq
386,448,2025-07-26,6178255.18,Transferencia
387,449,2025-12-15,3991109.53,Transferencia
388,449,2025-12-31,7453766.79,eCheq
389,451,2026-06-14,36597653.29,eCheq
390,452,2025-12-09,10157778.89,Transferencia
391,453,2026-01-12,14714842.89,Transferencia
392,454,2025-07-12,21416206.0,Transferencia
393,456,2026-01-28,4908808.03,Transferencia
394,457,2025-08-11,21567632.93,Efectivo
395,458,2026-04-07,22824513.78,Transferencia
396,459,2025-10-21,28787299.1,Transferencia
397,460,2025-08-17,14288261.54,eCheq
398,461,2026-05-02,40562112.37,eCheq
399,462,2026-09-08,33375283.14,Transferencia
400,464,2025-05-04,36317997.47,Transferencia
401,465,2025-11-26,41283010.42,Transferencia
402,466,2025-10-23,12630694.53,Transferencia
403,466,2025-11-01,18930770.8,Transferencia
404,467,2026-04-14,26890878.76,Transferencia
405,468,2026-06-27,18100951.52,Transferencia
406,469,2026-01-14,12259067.12,Transferencia
407,470,2025-10-18,2459058.0,Transferencia
408,470,2025-11-18,4444044.66,eCheq
409,471,2025-06-11,16683314.38,eCheq
410,472,2026-09-13,22653138.02,eCheq
411,474,2026-06-27,20016451.16,Transferencia
412,475,2025-07-31,22750550.15,Transferencia
413,476,2026-01-20,39015295.84,Efectivo
414,477,2025-06-11,24121874.31,eCheq
415,478,2025-11-16,1195171.2,Transferencia
416,479,2025-09-26,1025339.76,eCheq
417,480,2025-05-22,526987.52,eCheq
418,481,2025-03-28,703352.92,eCheq
419,482,2025-05-30,1570029.81,Transferencia
420,483,2025-10-26,1190539.15,eCheq
421,484,2025-10-20,184309.22,Cheque físico
422,485,2026-04-12,30304916.42,Transferencia
423,486,2026-07-03,8130914.18,Cheque físico
424,487,2025-11-24,12510083.51,eCheq
425,489,2025-05-31,6541888.35,Transferencia
426,490,2026-04-01,26732774.92,eCheq
427,491,2025-06-18,6532910.23,eCheq
428,492,2026-03-22,38069382.74,eCheq
429,493,2025-12-11,23830816.81,Transferencia
430,494,2025-06-10,11242633.65,eCheq
431,494,2025-07-18,5668167.73,Transferencia
432,496,2025-08-14,4977318.76,Transferencia
433,497,2025-05-13,13979465.18,Efectivo
434,498,2025-05-22,14317151.31,Transferencia
435,499,2025-10-29,18166155.96,eCheq
436,500,2025-05-21,24395488.0,Cheque físico
437,501,2025-12-28,34713357.57,Transferencia
438,503,2025-05-19,34604033.12,Cheque físico
439,504,2026-01-10,36566941.16,Transferencia
440,505,2025-09-18,40475712.31,Transferencia
441,506,2025-04-09,14378885.02,Transferencia
442,508,2026-03-27,5884749.2,eCheq
443,508,2026-04-17,8035149.02,eCheq
444,509,2026-06-19,21368611.91,Efectivo
445,510,2026-07-26,18505751.47,eCheq
446,510,2026-08-04,9583583.55,Transferencia
447,511,2025-12-30,33013510.26,Transferencia
448,512,2025-10-02,5302285.52,Cheque físico
449,512,2025-10-27,3938743.04,Transferencia
450,513,2025-11-22,5935214.12,Transferencia
451,514,2026-03-28,24352948.01,Transferencia
452,515,2025-06-25,12699982.51,eCheq
453,516,2026-05-31,6341497.89,Transferencia
454,517,2026-05-26,38059861.47,Transferencia
455,518,2025-05-29,5303517.13,eCheq
456,518,2025-07-05,4452495.13,eCheq
457,519,2026-08-24,33685138.49,Transferencia
458,521,2025-07-22,40278887.01,eCheq
459,523,2026-09-04,1081432.33,Transferencia
460,524,2026-09-17,2155362.0,Transferencia
461,526,2026-09-04,1912524.61,eCheq
462,527,2026-08-28,2609835.39,eCheq
463,529,2026-09-01,1285767.14,Transferencia
464,530,2026-09-10,2543673.52,eCheq
465,532,2026-08-14,2374677.91,Transferencia
466,534,2026-09-22,2024137.47,Transferencia
467,535,2025-03-07,659811.16,Transferencia
468,536,2026-05-07,259653.37,Transferencia
469,537,2025-04-29,631566.08,eCheq
470,538,2026-04-29,246695.87,Cheque físico
471,538,2026-05-17,117151.04,Transferencia
472,539,2025-11-16,642132.31,Transferencia
473,540,2025-06-18,366329.44,Transferencia
474,542,2025-12-10,148968.67,Efectivo
475,542,2026-01-18,76394.33,Transferencia
476,543,2025-08-23,36752.54,Cheque físico
477,543,2025-09-24,59645.96,eCheq
478,544,2026-08-22,211131.55,Transferencia
479,545,2026-04-24,563525.33,Transferencia
480,546,2025-06-14,369836.61,Transferencia
481,546,2025-07-18,649865.38,eCheq
482,547,2026-07-17,735198.22,Cheque físico
483,548,2025-03-30,506042.52,eCheq
484,549,2025-03-13,1001215.24,eCheq
485,550,2025-10-13,736413.73,Transferencia
486,551,2025-09-27,699381.82,eCheq
487,552,2025-09-15,93069.8,Transferencia
488,553,2025-11-09,678843.09,Transferencia
489,554,2026-08-10,720663.33,Transferencia
490,555,2026-04-19,17009794.29,Transferencia
491,556,2026-05-26,16801048.44,Cheque físico
492,557,2026-06-30,4526479.69,Transferencia
493,557,2026-07-31,6590460.98,Transferencia
494,558,2026-01-01,5685684.05,Cheque físico
495,559,2025-11-15,9268086.28,Transferencia
496,560,2026-05-15,8056984.69,Cheque físico
497,562,2026-08-15,1818718.67,Cheque físico
498,563,2026-08-25,2515436.49,Transferencia
499,564,2025-07-16,14910384.84,Transferencia
500,565,2026-04-04,4949841.57,Transferencia
501,566,2025-02-25,5612548.76,Transferencia
502,566,2025-03-17,7969400.23,Transferencia
503,567,2025-06-13,14507933.47,eCheq
504,568,2025-11-08,15291739.12,Transferencia
505,569,2026-08-15,11177949.78,eCheq
506,570,2025-08-27,14803547.45,Transferencia
507,571,2026-05-20,4742667.09,Transferencia
508,572,2025-11-30,8372553.12,eCheq
509,573,2026-03-04,8221923.68,eCheq
510,574,2025-03-02,4714546.74,Transferencia
511,575,2025-05-18,1815734.74,Transferencia
512,576,2025-10-31,1705332.27,eCheq
513,577,2025-04-06,8267121.4,Transferencia
514,578,2025-07-09,1250493.22,Transferencia
515,579,2026-09-03,8529079.59,eCheq
516,580,2025-12-31,5329171.49,Cheque físico
517,581,2026-04-16,7612853.41,Transferencia
518,582,2025-06-19,2495490.95,Transferencia
519,583,2026-08-02,5577056.42,Transferencia
520,584,2025-12-07,2028799.47,Transferencia
521,585,2026-02-20,6312579.68,eCheq
522,587,2025-09-08,9887543.99,Cheque físico
523,588,2025-06-23,2476686.83,Transferencia
524,589,2025-02-19,3893668.89,Transferencia
525,590,2026-01-12,1809259.85,Cheque físico
526,591,2026-01-28,6936688.83,eCheq
527,592,2026-04-17,6510896.5,Transferencia
528,593,2025-08-31,1643770.81,Transferencia
529,594,2025-11-01,6311133.75,eCheq
530,597,2025-10-08,1776847.38,Transferencia
531,598,2025-02-24,4004043.61,eCheq
532,599,2026-01-15,3804559.89,Transferencia
533,600,2025-10-05,671430.48,eCheq
534,601,2026-06-21,504863.84,Cheque físico
535,602,2026-02-23,173927.94,Transferencia
536,604,2026-05-17,969174.82,eCheq
537,605,2026-06-09,132160.69,eCheq
538,606,2025-06-12,918657.91,Transferencia
539,607,2025-08-10,126665.85,Transferencia
540,608,2025-10-18,513964.47,Transferencia
541,608,2025-10-29,412112.22,Cheque físico
542,609,2026-02-15,1034067.29,Transferencia
543,610,2026-04-04,951827.01,Transferencia
544,611,2026-06-11,184711.97,eCheq
545,611,2026-06-25,305011.61,eCheq
546,612,2025-07-14,255681.82,eCheq
547,613,2025-04-23,388717.94,Transferencia
548,614,2025-07-27,633541.72,Transferencia
549,615,2025-05-20,826053.67,Transferencia
550,616,2025-07-12,932110.45,Cheque físico
551,617,2026-01-13,812372.44,Transferencia
552,618,2025-12-16,564966.54,eCheq
553,619,2026-08-04,869477.03,Transferencia
554,621,2026-02-15,1183612.77,Transferencia
555,622,2026-07-08,1032577.93,Transferencia
556,623,2025-11-16,200316.88,Transferencia
557,624,2025-06-28,897595.0,Transferencia
558,625,2025-05-23,542200.29,Transferencia
559,625,2025-06-03,614955.04,Transferencia
560,626,2026-04-28,2199439.21,eCheq
561,628,2025-09-02,2742153.57,Transferencia
562,629,2025-11-04,3352742.21,Cheque físico
563,631,2025-06-02,814480.94,eCheq
564,631,2025-06-16,1608419.6,eCheq
565,632,2026-04-27,1567180.38,Transferencia
566,633,2025-07-18,1055787.46,Transferencia
567,635,2025-12-28,619723.12,Transferencia
568,636,2026-05-12,2559917.12,Transferencia
569,637,2025-05-30,1579627.39,eCheq
571,640,2026-02-18,787536.22,Transferencia
572,640,2026-02-27,671761.18,eCheq
573,641,2025-06-06,1899839.0,Transferencia
574,642,2025-06-26,1211885.2,Transferencia
575,643,2026-03-18,874457.46,Transferencia
576,644,2025-04-29,2398779.53,Transferencia
577,645,2025-05-17,2138983.07,Transferencia
578,647,2025-04-20,771704.41,Transferencia
579,647,2025-05-22,658089.32,Transferencia
580,648,2025-12-20,2203094.4,Transferencia
581,649,2026-04-23,284848.62,Transferencia
582,650,2026-04-01,876484.4,eCheq
583,651,2026-07-27,1343617.4,eCheq
584,652,2026-08-10,1696814.79,Transferencia
585,654,2025-05-11,1104698.22,Transferencia
586,655,2025-08-27,2672918.73,Transferencia
587,656,2025-06-19,2271730.67,eCheq
588,657,2026-08-31,2426863.74,eCheq
589,658,2026-05-13,943454.09,Transferencia
590,659,2025-04-07,1787833.77,Transferencia
591,660,2026-04-20,1922464.74,eCheq
592,661,2026-01-12,488698.11,eCheq
593,664,2026-02-05,1058285.59,Cheque físico
594,665,2026-07-15,499422.61,Efectivo
595,665,2026-08-20,279809.12,eCheq
596,666,2026-02-08,452715.52,Transferencia
597,667,2026-01-18,1395837.91,eCheq
598,668,2026-05-04,2789314.15,eCheq
599,669,2026-07-07,2773581.41,Transferencia
600,670,2026-05-06,24722701.67,Cheque físico
601,671,2026-01-19,15865094.31,eCheq
602,672,2026-02-24,22888499.32,Transferencia
603,673,2026-07-23,14593283.51,Transferencia
604,674,2026-03-17,32896700.32,Transferencia
605,677,2026-08-19,41958139.54,Transferencia
606,679,2026-04-10,4472429.39,Transferencia
607,680,2025-09-03,21178325.66,Transferencia
608,681,2025-10-20,15992609.35,Transferencia
609,683,2025-10-01,40955723.04,Cheque físico
610,684,2025-09-11,7794417.03,eCheq
611,684,2025-10-12,5208339.6,Cheque físico
612,685,2026-07-16,36707288.47,Transferencia
613,687,2025-05-03,20439211.03,eCheq
614,688,2025-05-10,17553533.48,eCheq
615,689,2026-06-14,33837063.54,eCheq
616,690,2025-09-11,17672237.04,Transferencia
617,691,2026-06-24,2541940.0,Transferencia
618,692,2026-06-28,2030877.88,eCheq
619,693,2025-08-25,1575754.99,Transferencia
620,694,2025-08-06,1693158.22,eCheq
621,695,2025-08-25,2143956.91,eCheq
622,696,2025-04-20,2418353.03,Transferencia
623,697,2026-04-05,2086116.78,Transferencia
624,698,2026-02-26,1888259.89,Transferencia
625,699,2026-04-12,2455446.24,Cheque físico
626,700,2025-04-13,1951986.73,Transferencia
627,701,2025-08-17,952487.8,Transferencia
628,702,2025-03-04,2390341.47,Transferencia
629,703,2025-11-23,2137927.33,Transferencia
630,704,2025-12-18,1656408.27,Cheque físico
631,705,2025-04-23,771794.04,Cheque físico
632,706,2025-03-29,1056277.35,Transferencia
633,707,2025-05-01,1458651.66,Transferencia
634,708,2026-04-25,2444516.1,eCheq
635,709,2025-09-08,1747680.11,Transferencia
636,710,2025-09-17,417496.59,eCheq
637,711,2025-04-30,1028139.84,Transferencia
638,712,2025-06-27,261643.36,Transferencia
639,713,2026-04-12,418734.45,Transferencia
640,714,2025-11-16,571708.48,Transferencia
641,715,2025-11-09,980449.44,Transferencia
642,716,2025-06-30,908262.99,Efectivo
643,717,2025-10-04,2628079.48,Transferencia
644,718,2026-01-16,2362832.1,eCheq
645,719,2026-04-24,254521.67,Transferencia
646,721,2025-09-04,774039.15,Transferencia
647,722,2025-12-01,1334395.77,eCheq
648,723,2026-04-16,2432392.81,Transferencia
649,724,2026-07-25,2650225.04,Transferencia
650,725,2026-05-31,879606.08,Transferencia
651,726,2025-03-04,1877449.39,Transferencia
652,727,2025-05-22,1070836.52,Transferencia
653,728,2025-06-16,1749909.29,Transferencia
654,729,2025-10-17,1665086.55,Transferencia
655,730,2025-04-08,2469056.83,eCheq
656,731,2025-08-13,711398.47,Transferencia
657,732,2025-11-04,893715.91,Transferencia
658,733,2026-06-16,1588731.35,Transferencia
659,733,2026-07-18,694396.97,Efectivo
660,734,2026-06-16,2475087.07,Transferencia
661,735,2025-04-16,1687185.42,Transferencia
662,736,2026-08-05,2406526.31,eCheq
663,737,2026-04-05,2333454.77,Efectivo
664,738,2025-06-25,1905135.87,eCheq
665,739,2026-04-05,2516856.27,eCheq
666,740,2026-02-21,288311.42,eCheq
667,741,2026-01-09,1602852.54,eCheq
668,743,2025-05-27,1484651.59,Transferencia
671,748,2025-10-10,1726243.37,Transferencia
672,751,2026-05-22,232722.77,Efectivo
673,752,2025-05-23,1190692.23,eCheq
674,754,2025-08-25,4173636.92,Transferencia
675,755,2026-06-30,36475792.38,eCheq
676,756,2025-04-13,15558945.89,Transferencia
677,758,2026-08-27,32350806.38,Cheque físico
678,759,2025-12-02,28913661.31,Transferencia
679,761,2026-03-29,30881682.01,Transferencia
680,762,2025-12-20,32779914.92,Cheque físico
681,763,2025-05-22,32320740.2,eCheq
682,764,2025-10-15,4149954.46,Transferencia
683,765,2026-08-02,22179642.64,eCheq
684,767,2026-07-03,8124254.54,Cheque físico
685,768,2026-03-02,41872731.08,Transferencia
686,769,2025-08-08,29251687.1,Transferencia
687,770,2026-04-09,19978157.51,eCheq
688,771,2025-08-05,24737847.15,Transferencia
689,772,2026-08-06,24846663.95,eCheq
690,773,2026-09-03,11083314.55,Transferencia
691,774,2026-03-19,12206443.76,Transferencia
692,774,2026-04-26,11575624.28,Transferencia
693,775,2025-09-09,7445302.01,eCheq
694,776,2025-08-31,16756552.86,Transferencia
695,776,2025-09-29,7610995.3,Cheque físico
696,777,2026-06-16,37919788.59,Cheque físico
697,778,2025-04-01,6475026.58,eCheq
698,779,2025-06-05,5874133.52,eCheq
699,780,2025-11-25,18623549.59,Transferencia
700,781,2025-12-03,40592922.01,Transferencia
701,783,2026-03-15,4013531.01,Transferencia
702,786,2026-04-19,37209042.34,eCheq
703,787,2026-06-23,26063177.25,eCheq
704,788,2026-02-19,12225923.12,Transferencia
705,789,2026-08-25,35729630.1,eCheq
706,790,2026-02-04,35945280.0,eCheq
707,792,2026-08-07,6282439.3,Transferencia
708,794,2025-07-19,6426005.04,Cheque físico
709,795,2026-05-30,4876801.08,Transferencia
710,795,2026-07-03,3849920.9,eCheq
711,797,2026-06-07,7323056.31,Transferencia
712,798,2026-03-20,1848520.32,Transferencia
713,799,2026-03-09,4282833.12,eCheq
714,800,2026-03-04,5298763.9,eCheq
715,802,2026-03-24,8397294.96,Transferencia
716,803,2025-11-28,3938727.8,Transferencia
717,804,2026-06-04,3904073.71,eCheq
718,805,2026-04-18,4135211.98,Transferencia
719,806,2025-09-10,3998493.86,eCheq
720,808,2025-06-07,2806748.28,Transferencia
721,809,2025-09-04,4872136.5,eCheq
722,811,2025-10-02,370239.26,eCheq
723,811,2025-11-02,309238.21,eCheq
724,812,2026-04-07,1830330.3,Cheque físico
725,813,2026-01-20,5379473.79,eCheq
726,814,2025-11-30,3360414.09,Transferencia
727,815,2026-06-21,1460753.93,Transferencia
728,816,2026-05-24,4305334.19,Transferencia
729,817,2025-08-09,5766422.84,eCheq
730,818,2026-06-05,6849555.28,Transferencia
731,819,2026-03-03,3781650.86,Transferencia
732,820,2026-05-06,3470196.94,Transferencia
733,821,2025-12-24,1018641.66,Cheque físico
734,824,2026-02-17,1132160.74,eCheq
735,825,2026-03-09,1487183.06,eCheq
736,826,2026-05-26,292569.16,Transferencia
738,828,2026-03-19,1281620.72,Transferencia
739,830,2026-02-22,693552.27,Efectivo
740,831,2026-02-15,862245.24,Transferencia
741,831,2026-03-12,380090.89,Transferencia
742,832,2026-01-24,1430061.08,eCheq
743,834,2026-04-13,1109549.29,eCheq
744,835,2026-03-15,961725.96,Cheque físico
745,836,2026-03-31,1441527.74,Transferencia
746,837,2026-05-03,1094170.12,eCheq
747,838,2026-07-18,1650509.22,Transferencia
749,840,2026-06-13,121685.07,Efectivo
750,840,2026-07-18,254525.13,eCheq
751,842,2025-10-07,641391.73,Transferencia
752,843,2026-08-18,651845.81,Transferencia
753,844,2026-05-29,233896.41,eCheq
754,845,2025-09-17,6311078.89,eCheq
755,846,2025-03-19,889496.85,Transferencia
756,847,2026-01-05,630328.22,Efectivo
757,848,2025-09-11,1062661.72,Transferencia
758,848,2025-10-02,1916754.46,Cheque físico
759,849,2026-05-20,4954532.6,eCheq
760,851,2026-04-12,3013643.28,eCheq
761,852,2026-08-15,410240.81,eCheq
762,854,2026-04-18,2430100.72,Transferencia
763,855,2025-12-18,1660159.97,Efectivo
764,856,2026-08-08,1465778.66,eCheq
765,857,2025-12-31,858884.72,Transferencia
766,858,2026-08-31,2208964.01,eCheq
767,859,2025-12-13,1696131.46,Efectivo
768,860,2026-02-07,1136300.08,Transferencia
769,861,2025-02-27,3088279.4,Transferencia
770,862,2026-09-07,413643.93,Transferencia
771,862,2026-09-22,401869.66,eCheq
772,863,2026-01-23,1485190.87,Transferencia
773,864,2026-02-24,310947.05,eCheq
774,865,2025-04-13,2103644.03,Cheque físico
775,866,2026-09-09,2363328.49,eCheq
776,868,2026-05-01,1833213.07,Transferencia
777,869,2025-08-28,3381727.0,Transferencia
778,870,2025-04-02,1681557.08,Cheque físico
779,871,2026-04-11,700077.51,Transferencia
780,872,2026-05-14,1773860.93,eCheq
781,873,2025-06-28,2614584.67,Transferencia
782,874,2025-09-10,3333616.02,Cheque físico
783,877,2025-08-29,4848381.42,Transferencia
784,878,2026-08-02,3935660.19,eCheq
785,880,2025-05-17,4082482.9,Transferencia
786,881,2025-10-04,10096383.21,Cheque físico
787,882,2026-07-21,5460838.39,Transferencia
788,885,2026-08-11,7618681.1,Cheque físico
789,886,2026-06-30,1831861.76,Transferencia
790,888,2026-05-02,9837044.94,Cheque físico
791,890,2025-07-16,9410310.77,Transferencia
792,891,2025-11-09,10131121.06,Cheque físico
793,892,2025-06-15,4305233.76,Efectivo
794,893,2026-04-19,9072027.13,Transferencia
795,894,2025-05-17,5600246.88,Transferencia
796,895,2025-11-22,1518147.57,Transferencia
797,896,2025-10-28,2529939.49,Transferencia
798,897,2025-12-07,723488.42,Transferencia
799,898,2025-11-04,1153352.1,Transferencia
800,899,2026-06-14,3166621.26,eCheq
801,900,2025-10-07,538126.81,Cheque físico
802,901,2025-02-18,2613942.77,Cheque físico
803,902,2025-04-09,799980.13,eCheq
804,903,2025-04-17,2260208.59,Cheque físico
805,904,2025-04-22,893839.39,Transferencia
806,905,2025-04-14,1538083.04,eCheq
807,906,2026-05-28,2237465.04,Transferencia
808,907,2025-08-17,1924270.06,Transferencia
809,908,2026-08-13,2141389.06,eCheq
810,909,2025-09-25,819755.44,eCheq
811,910,2026-06-15,2349903.92,Transferencia
812,911,2025-10-14,597400.13,Cheque físico
813,911,2025-10-22,603237.11,eCheq
814,912,2026-03-28,555845.16,Transferencia
815,913,2026-09-04,2768435.55,eCheq
816,914,2025-03-13,2121443.61,Transferencia
817,915,2025-12-02,2742919.93,Transferencia
818,916,2026-08-15,845769.41,eCheq
819,917,2026-03-21,1783596.35,Transferencia
820,918,2026-02-21,1642710.92,eCheq
821,919,2026-03-10,1470272.16,Cheque físico
822,920,2025-09-03,738756.3,Transferencia
823,921,2026-08-23,4483680.0,Cheque físico
824,922,2026-07-18,6802239.45,Transferencia
825,923,2025-12-19,1505457.89,Transferencia
826,924,2026-07-28,682992.6,Transferencia
827,925,2025-07-23,4434341.25,Transferencia
828,926,2025-07-27,2965232.26,Transferencia
829,927,2026-02-04,5005003.37,eCheq
830,928,2026-06-15,5635559.29,Transferencia
831,929,2026-01-14,5602208.79,eCheq
832,931,2025-03-20,2606144.31,Transferencia
833,932,2025-12-31,1120369.08,Transferencia
834,933,2026-05-11,3093289.46,eCheq
835,934,2026-03-07,6025745.81,eCheq
836,935,2026-08-02,4196018.56,Transferencia
837,936,2026-01-26,4470534.56,eCheq
838,937,2025-06-08,2491965.28,Transferencia
839,938,2026-08-13,8646961.53,Cheque físico
840,941,2026-07-12,15383803.17,Transferencia
841,942,2026-09-18,10302033.9,eCheq
842,943,2026-06-20,11797935.64,Transferencia
843,945,2026-07-18,3738582.99,eCheq
844,946,2026-07-08,13574553.06,Transferencia
845,949,2026-08-11,3343986.36,Transferencia
846,952,2026-09-03,16699456.35,eCheq
847,953,2026-07-17,258310.08,Transferencia
848,954,2025-08-31,1256784.61,Transferencia
849,955,2026-03-07,1547851.84,eCheq
850,956,2026-01-02,741177.43,Transferencia
851,957,2026-08-12,2211242.66,Transferencia
852,958,2025-06-13,2141602.32,eCheq
853,959,2025-10-17,2509829.51,Transferencia
854,960,2025-10-08,1691127.28,Transferencia
855,961,2025-09-12,2442516.5,Transferencia
856,962,2026-01-18,1412183.89,eCheq
857,963,2025-10-02,137130.51,Transferencia
858,963,2025-10-07,301715.25,Cheque físico
859,964,2025-02-05,392619.28,Transferencia
860,964,2025-03-09,624203.89,eCheq
861,965,2025-10-15,342520.03,eCheq
862,966,2026-07-22,429330.06,eCheq
863,967,2025-12-05,582106.94,eCheq
864,968,2025-08-24,494760.92,Transferencia
865,969,2025-09-26,555010.03,eCheq
866,969,2025-10-18,1151641.36,eCheq
867,970,2026-07-01,474317.81,eCheq
868,971,2025-02-21,1743339.93,Cheque físico
869,973,2025-06-28,608427.37,eCheq
870,974,2026-09-13,412231.55,eCheq
871,975,2025-05-01,1781508.85,Transferencia
872,976,2026-05-13,1393967.99,Cheque físico
873,977,2025-06-18,1772908.92,Transferencia
874,978,2026-09-08,597174.53,Transferencia
875,979,2025-06-02,2775690.07,eCheq
876,980,2025-10-15,2632333.48,Transferencia
877,981,2025-05-30,1073247.48,Cheque físico
878,982,2026-07-10,1921643.25,Efectivo
879,983,2025-09-09,1879601.53,Cheque físico
880,984,2025-08-22,2073476.83,Cheque físico
881,985,2025-11-30,859093.38,Transferencia
882,986,2025-05-10,2675969.46,eCheq
883,987,2025-04-08,411575.93,Cheque físico
884,988,2026-03-09,267055.24,eCheq
885,989,2026-06-05,1866162.18,Efectivo
886,990,2026-06-16,1058257.53,Transferencia
887,991,2025-05-01,1322116.27,Cheque físico
888,992,2026-04-14,909794.86,Cheque físico
889,993,2026-07-07,757761.79,Transferencia
890,994,2026-05-28,645701.72,Transferencia
891,995,2026-03-24,552511.55,Transferencia
892,995,2026-04-09,546974.95,Transferencia
893,996,2026-08-08,1054079.93,Transferencia
894,997,2026-07-04,935758.4,Transferencia
895,998,2026-04-27,547956.39,Transferencia
896,998,2026-05-26,563836.17,eCheq
897,999,2026-09-05,1196194.46,Transferencia
898,1000,2026-05-03,694112.66,eCheq
899,1002,2026-03-18,1334570.23,eCheq
900,1003,2026-02-26,1283454.09,Transferencia
901,1004,2026-05-31,367780.46,Cheque físico
902,1004,2026-06-27,540072.35,Transferencia
903,1005,2026-07-01,1620839.12,Transferencia
904,1006,2026-04-18,288204.04,eCheq
905,1007,2026-07-23,256910.22,Transferencia
906,1008,2026-07-14,213609.22,Transferencia
907,1009,2026-08-03,1410939.35,eCheq
908,1010,2026-07-26,722987.55,eCheq
909,1014,2026-08-01,872493.62,Transferencia
910,1015,2026-06-12,2166069.63,Transferencia
911,1016,2026-07-11,1959439.31,eCheq
912,1017,2026-07-29,1467176.45,Transferencia
913,1020,2026-07-20,1936607.87,Cheque físico
914,1022,2025-07-13,1801849.92,eCheq
915,1023,2025-11-22,2313188.39,eCheq
916,1024,2025-11-15,1301765.23,Transferencia
917,1025,2026-02-04,1956549.64,Transferencia
918,1026,2025-10-05,2758604.97,eCheq
919,1027,2026-04-05,2580387.32,Transferencia
920,1028,2026-09-09,854929.95,eCheq
921,1029,2026-02-01,885849.07,Transferencia
922,1030,2026-07-03,2594532.64,Transferencia
923,1031,2025-07-18,3392843.85,Transferencia
924,1032,2025-09-01,2898371.79,eCheq
925,1033,2026-08-15,996741.57,Efectivo
926,1033,2026-08-26,1119110.08,Transferencia
927,1034,2026-04-29,1302054.34,Transferencia
928,1035,2025-06-07,1187539.27,eCheq
929,1036,2026-05-14,955656.77,eCheq
930,1037,2025-12-16,1209401.93,eCheq
931,1038,2025-12-07,3269124.93,eCheq
932,1039,2025-09-03,2878272.99,eCheq
933,1040,2025-09-02,591768.8,Transferencia
934,1041,2026-04-27,1007115.16,Transferencia
935,1043,2026-08-23,2417501.14,eCheq
936,1044,2026-08-02,2261344.66,Transferencia
937,1045,2026-09-14,782695.01,eCheq
938,1045,2026-09-29,450330.71,eCheq
939,1046,2026-06-11,797896.6,eCheq
940,1047,2026-07-10,1211376.79,eCheq
941,1048,2026-03-06,182790.6,Transferencia
942,1049,2026-04-13,557881.17,Transferencia
943,1051,2025-08-14,1503444.08,Cheque físico
944,1052,2025-06-17,1134719.93,Transferencia
945,1053,2025-11-15,874961.33,Transferencia
946,1054,2026-03-24,3163750.41,Transferencia
947,1055,2025-04-18,515622.73,Transferencia
948,1056,2026-01-28,2614267.19,Transferencia
949,1057,2025-01-29,1341529.15,Cheque físico
950,1058,2026-04-05,731837.13,Transferencia
951,1060,2025-08-05,2572669.39,eCheq
952,1061,2025-03-28,514636.9,eCheq
953,1062,2026-03-05,2061010.4,Transferencia
954,1063,2026-07-05,1432593.56,Transferencia
955,1064,2026-02-27,834065.69,Transferencia
956,1065,2026-07-14,1425510.74,eCheq
957,1065,2026-07-28,1580532.28,Transferencia
958,1066,2026-03-24,4754056.44,Transferencia
959,1067,2026-04-16,6383447.52,Transferencia
960,1068,2026-03-24,3261120.17,Cheque físico
961,1069,2026-02-10,2490675.75,Transferencia
962,1070,2026-06-05,2870556.06,Cheque físico
963,1071,2026-08-30,351974.93,eCheq
964,1072,2026-06-06,983276.56,Transferencia
965,1073,2026-08-07,3181837.15,Transferencia
966,1074,2026-09-29,4347975.45,Transferencia
967,1075,2026-09-20,571379.69,Cheque físico
968,1076,2026-06-08,4827944.07,Transferencia
969,1077,2026-03-08,5477496.1,Transferencia
970,1078,2026-01-02,6702781.83,Transferencia
971,1079,2026-03-31,3332233.55,Transferencia
972,1080,2025-07-17,1261640.53,Cheque físico
973,1080,2025-08-14,1345903.24,Cheque físico
974,1081,2025-11-06,1717231.25,Transferencia
975,1082,2025-06-29,1949444.76,eCheq
976,1084,2025-10-26,1080073.28,eCheq
977,1085,2026-03-22,371293.62,eCheq
978,1086,2025-09-02,2494710.16,Cheque físico
979,1087,2026-07-30,1534959.76,Transferencia
980,1088,2026-06-14,2668138.56,Cheque físico
981,1089,2025-04-05,914808.25,Transferencia
982,1089,2025-04-25,440387.72,Transferencia
983,1090,2026-06-28,2615258.92,Transferencia
984,1091,2025-09-30,973357.03,Transferencia
985,1092,2025-04-29,497689.17,Transferencia
986,1093,2026-05-04,1501180.09,Efectivo
987,1094,2025-01-28,1446292.84,eCheq
988,1095,2026-02-03,1945109.07,Efectivo
989,1096,2025-05-02,2769752.75,Transferencia
990,1097,2025-07-14,2536463.71,eCheq
991,1098,2025-04-13,1285328.95,Transferencia
992,1098,2025-05-20,1084084.72,Transferencia
993,1100,2025-07-21,2018966.45,Transferencia
994,1101,2026-01-02,629404.55,Cheque físico
995,1101,2026-01-16,1316209.18,Transferencia
996,1102,2026-06-04,562840.94,Transferencia
997,1103,2026-01-13,1722931.98,Cheque físico
998,1104,2026-09-16,2107213.97,Cheque físico
999,1105,2025-03-30,1172375.89,eCheq
1000,1106,2026-04-03,717599.98,Transferencia
1001,1107,2026-01-22,1391007.35,Efectivo
1002,1108,2026-09-23,2462422.69,Transferencia
1003,1109,2025-11-14,1304450.65,Transferencia
1004,1111,2025-09-23,2085208.04,eCheq
1005,1112,2026-03-08,1103180.33,Efectivo
1006,1113,2025-09-14,780318.11,Transferencia
1007,1114,2026-08-15,2783695.54,Transferencia
1008,1115,2025-04-01,1404678.4,Transferencia
1009,1116,2026-01-28,285862.15,Transferencia
1010,1117,2026-04-23,2618363.92,eCheq
1011,1118,2026-05-27,917633.29,eCheq
1012,1119,2025-10-12,859482.54,Efectivo
1013,1120,2025-12-03,4025648.87,Transferencia
1014,1121,2025-12-30,5520965.51,eCheq
1015,1122,2025-06-21,6073496.83,eCheq
1016,1123,2025-08-21,4088404.83,Cheque físico
1017,1124,2025-03-13,1236543.61,Transferencia
1018,1125,2025-12-25,4899589.55,Transferencia
1019,1126,2025-12-12,2580751.51,Transferencia
1020,1127,2025-08-08,6188615.42,eCheq
1021,1128,2025-11-26,6776919.52,Transferencia
1022,1129,2026-08-21,3577902.25,eCheq
1023,1130,2026-02-16,1728950.66,Transferencia
1024,1131,2025-03-29,6429887.58,Transferencia
1025,1132,2026-02-05,1626174.9,Transferencia
1026,1133,2026-05-09,505137.63,eCheq
1027,1134,2026-09-26,2154199.92,Transferencia
1028,1135,2026-06-28,1667091.88,Transferencia
1029,1136,2025-09-13,249527.66,Cheque físico
1030,1137,2026-03-08,1303766.23,eCheq
1031,1140,2026-01-29,546567.8,eCheq
1032,1141,2025-10-14,436410.19,Efectivo
1033,1141,2025-10-27,602458.74,eCheq
1034,1142,2026-04-18,2798158.71,Efectivo
1035,1143,2026-08-11,484986.87,Transferencia
1036,1143,2026-08-21,686303.34,Cheque físico
1037,1144,2026-07-18,1783440.41,Transferencia
1038,1145,2025-12-01,2206076.88,Transferencia
1039,1146,2025-04-25,947878.14,Transferencia
1040,1147,2025-04-12,2317637.38,eCheq
1041,1148,2025-12-02,497115.44,Transferencia
1042,1149,2026-04-21,477996.74,Cheque físico
1043,1150,2026-07-14,1284101.98,Cheque físico
1044,1151,2025-09-16,1124856.82,eCheq
1045,1152,2025-01-23,3610020.31,eCheq
1046,1153,2026-06-11,2126953.84,eCheq
1047,1154,2025-07-17,3752977.97,eCheq
1048,1155,2026-02-07,1831819.48,Cheque físico
1049,1156,2025-11-09,2323905.53,eCheq
1050,1157,2026-04-06,5379428.06,Efectivo
1051,1158,2026-04-29,1447670.88,eCheq
1052,1159,2026-09-30,1062075.22,Transferencia
1053,1160,2026-05-01,1779143.29,Transferencia
1054,1160,2026-05-15,3411170.34,Transferencia
1055,1161,2026-08-15,5627823.88,eCheq
1056,1162,2026-07-21,4843966.3,Transferencia
1057,1163,2026-04-18,6167686.88,Transferencia
1058,1164,2026-04-27,406172.65,Transferencia
1059,1164,2026-05-31,213394.67,Transferencia
1060,1165,2026-05-13,3245787.82,Transferencia
1061,1167,2026-06-13,2826195.06,Transferencia
1062,1168,2026-06-28,2325692.76,Transferencia
1063,1170,2026-09-04,4708086.39,Transferencia
1064,1171,2026-04-29,5015410.24,Transferencia
1065,1172,2026-07-12,6725786.44,Transferencia
1066,1173,2026-04-20,5449516.29,Transferencia
1067,1174,2026-04-18,3154883.35,Transferencia
1068,1174,2026-05-28,1461240.4,Transferencia
1069,1175,2026-06-20,609347.32,Transferencia
1070,1177,2026-06-07,4886952.2,eCheq
1071,1178,2025-04-08,628368.51,eCheq
1072,1179,2025-09-18,2661678.32,Transferencia
1073,1180,2025-11-15,2357661.52,Transferencia
1074,1181,2025-09-27,2257676.91,Cheque físico
1075,1182,2025-10-16,441345.77,eCheq
1076,1183,2025-02-23,3263930.29,Transferencia
1077,1184,2026-06-26,2165213.47,Transferencia
1078,1186,2025-04-15,2643808.73,Transferencia
1079,1187,2026-06-03,496080.51,eCheq
1080,1188,2026-02-28,2306817.81,eCheq
1081,1189,2025-08-05,2501334.81,Transferencia
1082,1190,2025-08-31,2490206.86,eCheq
1083,1191,2025-09-09,534281.69,eCheq
1084,1192,2026-09-21,3128251.64,eCheq
1085,1195,2026-05-29,1659636.22,Transferencia
1086,1196,2025-03-01,928062.88,Transferencia
1087,1197,2025-05-14,3099119.18,eCheq
1088,1198,2025-05-31,2092207.51,eCheq
1089,1199,2025-07-28,469061.43,Transferencia
1090,1201,2026-08-14,2067287.38,Transferencia
1091,1202,2025-08-18,440859.4,Transferencia
1092,1203,2025-10-13,2536081.66,eCheq
1093,1204,2025-05-27,2660771.55,Transferencia
1094,1205,2026-08-31,10049651.08,eCheq
1095,1207,2026-06-26,3903302.65,Transferencia
1096,1208,2026-03-09,1716388.22,eCheq
1097,1209,2026-08-27,3656964.5,Transferencia
1098,1211,2026-09-06,520884.08,Transferencia
1099,1213,2026-09-11,3540761.41,eCheq
1100,1214,2026-09-16,3087309.62,Transferencia
1101,1215,2026-04-09,8437343.11,Transferencia
1102,1216,2026-04-14,3207742.63,Transferencia
1103,1219,2026-02-20,530195.03,Transferencia
1104,1219,2026-03-30,989144.35,Transferencia
1105,1222,2026-09-12,9352358.29,eCheq
1106,1223,2026-08-03,2008448.72,eCheq
1107,1223,2026-08-26,1462425.89,eCheq
1108,1224,2026-09-17,6385636.11,Transferencia
1109,1225,2026-07-16,1678844.93,Transferencia
1110,1226,2026-05-09,3095021.42,Transferencia
1111,1227,2026-03-21,1256846.25,Transferencia
1112,1227,2026-04-18,1467659.37,Transferencia
1113,1228,2025-08-10,1240265.92,Transferencia
1114,1229,2026-03-25,2834700.07,Efectivo
1115,1230,2026-07-29,1916692.28,eCheq
1116,1231,2026-06-17,1959990.1,eCheq
1117,1232,2025-07-03,1028874.57,Transferencia
1118,1232,2025-07-26,761310.06,Transferencia
1119,1233,2025-09-14,968598.96,eCheq
1120,1234,2025-11-02,2178788.98,eCheq
1121,1235,2025-06-18,10210046.65,eCheq
1122,1236,2025-08-11,4340339.3,Transferencia
1123,1236,2025-08-20,5040957.6,Efectivo
1124,1238,2026-01-22,17362751.29,eCheq
1125,1240,2025-07-31,4839256.86,eCheq
1126,1241,2026-01-17,13958128.26,Transferencia
1127,1242,2026-03-03,6841631.35,eCheq
1128,1246,2025-04-14,14436217.8,eCheq
1129,1247,2025-05-12,10127669.25,eCheq
1130,1248,2026-03-30,4615294.83,Transferencia
1131,1249,2026-09-29,9593641.42,Transferencia
1132,1250,2025-03-10,12626673.31,Transferencia
1133,1251,2026-03-21,16550683.59,Transferencia
1134,1252,2026-03-11,8358712.37,Transferencia
1135,1253,2025-05-08,1268894.46,Efectivo
1136,1253,2025-06-15,2095307.89,Cheque físico
1137,1254,2026-01-31,7749435.83,Cheque físico
1138,1255,2025-03-23,7680545.94,Efectivo
1139,1256,2025-09-22,2625951.54,eCheq
1140,1256,2025-10-24,2938479.16,eCheq
1141,1257,2026-06-12,11522052.63,Transferencia
1142,1258,2026-07-12,14802264.6,Transferencia
1143,1260,2026-07-18,17262350.37,Cheque físico
1144,1261,2026-07-31,3683924.37,Transferencia
1145,1262,2025-05-28,2354405.42,Transferencia
1146,1263,2026-02-15,7230151.54,eCheq
1147,1263,2026-02-21,10160896.48,eCheq
1148,1264,2026-05-17,17370305.57,eCheq
1149,1265,2026-04-22,13766055.9,eCheq
1150,1266,2025-11-30,14784514.97,eCheq
1151,1267,2026-05-03,2934474.93,eCheq
1152,1268,2026-09-15,7645581.44,Transferencia
1153,1269,2026-07-06,15697414.55,Cheque físico
1154,1270,2025-08-08,15748634.84,eCheq
1155,1271,2026-04-06,7967394.78,Transferencia
1156,1272,2025-04-04,706258.52,Transferencia
1157,1275,2026-09-05,816731.72,eCheq
1158,1276,2026-02-22,1011619.72,eCheq
1159,1277,2026-02-19,118742.3,Transferencia
1160,1278,2026-02-22,612720.41,eCheq
1161,1279,2026-02-03,480647.95,Transferencia
1162,1280,2026-07-28,866392.45,eCheq
1163,1281,2025-12-08,638646.74,Transferencia
1164,1282,2025-09-29,836129.87,eCheq
1165,1283,2025-12-26,472428.86,Transferencia
1166,1283,2026-01-14,218570.77,Transferencia
1167,1284,2026-08-12,321099.3,eCheq
1168,1284,2026-09-18,185778.92,Transferencia
1169,1285,2025-05-14,731582.45,Efectivo
1170,1286,2025-02-20,135999.51,Transferencia
1171,1287,2026-06-04,3133393.65,Transferencia
1172,1288,2025-07-10,2208198.43,eCheq
1173,1289,2026-06-30,3253052.48,eCheq
1174,1291,2026-09-06,1140957.05,Transferencia
1175,1292,2025-05-26,3299173.41,Transferencia
1176,1293,2026-05-09,197122.5,eCheq
1177,1293,2026-05-24,450760.02,eCheq
1178,1295,2025-07-16,1000387.42,Transferencia
1179,1296,2026-09-02,2134994.08,Transferencia
1180,1297,2025-05-14,3152481.74,Transferencia
1181,1299,2026-04-20,1240852.82,Transferencia
1182,1300,2026-05-28,955649.01,Transferencia
1183,1301,2025-06-21,3268588.64,Cheque físico
1184,1302,2025-05-07,344843.26,Transferencia
1185,1304,2026-04-30,849182.79,Transferencia
1186,1306,2026-09-01,1077694.06,Transferencia
1187,1307,2026-01-12,1606960.54,Transferencia
1188,1309,2026-04-08,2478384.99,Cheque físico
1189,1310,2025-11-07,3181000.05,Cheque físico
1190,1312,2025-05-04,2779906.05,Efectivo
1191,1313,2025-05-22,1998073.58,Transferencia
1192,1314,2025-07-28,426248.4,eCheq
1193,1315,2025-04-02,1667267.62,Transferencia
1194,1317,2025-05-30,2523971.99,Transferencia
1195,1319,2026-09-28,2074882.71,eCheq
1196,1320,2025-12-07,2499177.39,eCheq
1197,1321,2025-11-07,1127755.19,Efectivo
1198,1322,2025-03-08,2019917.73,Transferencia
1199,1323,2026-03-20,1462659.67,Transferencia
1200,1325,2025-10-06,1504402.33,Transferencia
1201,1326,2026-08-08,241675.84,eCheq
1202,1327,2025-03-07,1938739.49,Transferencia
1203,1329,2025-09-01,955768.55,Transferencia
1204,1330,2026-03-01,926905.45,Transferencia
1205,1332,2025-08-10,1989825.51,Transferencia
1206,1333,2025-08-23,1638226.15,Transferencia
1207,1334,2026-04-16,660919.12,Transferencia
1208,1335,2025-11-02,2034922.93,Transferencia
1209,1336,2026-08-13,5875702.89,Transferencia
1210,1337,2025-08-27,3937872.59,Transferencia
1211,1338,2025-03-25,1150465.1,Transferencia
1212,1339,2026-01-24,1894702.01,eCheq
1213,1340,2025-10-06,5832248.42,Transferencia
1214,1341,2025-12-26,893069.89,eCheq
1215,1342,2025-07-02,2414264.34,Transferencia
1216,1343,2026-08-27,6667040.97,Transferencia
1217,1344,2025-04-21,4472459.3,Transferencia
1218,1345,2026-07-28,3971411.78,Transferencia
1219,1346,2025-07-31,6585113.45,Efectivo
1220,1347,2026-09-26,3841212.39,Transferencia
1221,1348,2025-12-17,6120593.17,Cheque físico
1222,1349,2025-11-18,4064636.55,Efectivo
1223,1350,2026-01-05,5640689.84,eCheq
1224,1351,2025-04-24,349759.83,Transferencia
1225,1353,2025-06-14,2286238.98,Transferencia
1226,1355,2025-05-28,966808.27,eCheq
1227,1359,2026-01-26,1015638.41,Efectivo
1228,1360,2025-08-13,2593257.22,eCheq
1229,1361,2026-09-02,578142.48,eCheq
1230,1362,2025-02-18,1098300.04,Cheque físico
1231,1362,2025-03-28,746594.58,Transferencia
1232,1365,2026-04-27,4228615.94,Efectivo
1233,1366,2025-02-04,2013948.52,eCheq
1234,1368,2026-03-31,4287134.22,eCheq
1235,1369,2025-09-19,3105054.71,Efectivo
1236,1370,2026-08-21,4557355.1,Cheque físico
1237,1371,2025-10-06,2455801.9,Transferencia
1238,1372,2026-02-12,1841245.41,Transferencia
1239,1374,2025-08-14,3416906.88,eCheq
1240,1376,2026-06-28,5130679.36,Efectivo
1241,1377,2026-08-12,2155374.06,eCheq
1242,1378,2026-02-16,1977068.73,Transferencia
1243,1378,2026-02-23,3289831.04,Transferencia
1244,1379,2026-08-21,3729250.75,Cheque físico
1245,1380,2026-04-10,2835602.7,eCheq
1246,1381,2026-03-02,4871026.59,eCheq
1247,1382,2025-04-23,1892769.24,Cheque físico
1248,1383,2025-04-25,3686444.15,Transferencia
1249,1383,2025-05-13,2127461.31,Cheque físico
1250,1384,2026-09-13,2284242.4,eCheq
1251,1385,2025-02-27,1191840.38,Transferencia
1252,1386,2025-10-18,6434588.43,Transferencia
1253,1388,2025-07-31,5283234.75,Cheque físico
1254,1389,2026-06-05,3224713.68,eCheq
1255,1390,2025-06-18,1321341.34,Transferencia
1256,1391,2025-06-29,4552050.96,Transferencia
1257,1392,2026-05-22,6567375.43,eCheq
1258,1393,2025-03-08,921079.38,eCheq
1259,1393,2025-04-01,1558038.85,eCheq
1260,1394,2026-02-06,2301114.86,Transferencia
1261,1395,2026-06-01,846556.75,Transferencia
1262,1395,2026-06-29,498688.92,Efectivo
1263,1396,2025-12-26,1557190.5,eCheq
1264,1396,2026-01-13,1051846.96,eCheq
1265,1397,2026-04-20,748167.59,Efectivo
1266,1397,2026-05-02,1459681.21,Transferencia
1267,1398,2025-05-19,1956880.71,Cheque físico
1268,1399,2025-07-02,764131.51,Transferencia
1269,1400,2025-09-01,4168181.78,eCheq
1270,1401,2026-04-04,2034886.44,Transferencia
1271,1401,2026-04-27,3165695.86,Transferencia
1272,1402,2025-05-12,2791298.07,eCheq
1273,1403,2025-01-18,2019756.21,eCheq
1274,1404,2026-03-12,6722170.04,Transferencia
1275,1405,2026-04-02,6315472.21,Efectivo
1276,1406,2026-02-02,2424279.09,Transferencia
1277,1407,2025-05-01,477836.05,Transferencia
1278,1407,2025-06-07,998062.59,Transferencia
1279,1408,2025-08-14,770530.64,eCheq
1280,1409,2025-05-08,3475684.95,Transferencia
1281,1410,2025-01-22,3907852.32,Transferencia
1282,1411,2025-06-21,1466463.82,Transferencia
1283,1411,2025-07-22,2927119.38,Transferencia
1284,1412,2025-09-28,944851.71,Efectivo
1285,1413,2025-11-02,2911175.25,Transferencia
1286,1414,2025-08-12,758656.93,Transferencia
1287,1415,2025-11-14,1510205.8,eCheq
1288,1416,2025-09-30,1793824.49,Cheque físico
1289,1417,2025-11-20,2386126.62,Transferencia
1290,1418,2025-11-21,2366574.18,Transferencia
1291,1419,2025-12-06,1271639.91,eCheq
1292,1420,2025-07-28,369478.54,Transferencia
1293,1421,2025-11-27,335617.89,eCheq
1294,1423,2025-12-03,1709872.26,Transferencia
1295,1424,2025-11-08,1803029.51,Transferencia
1296,1426,2026-08-18,1875536.88,eCheq
1297,1427,2025-07-03,2322983.18,Transferencia
1298,1428,2025-06-19,620006.05,Transferencia
1299,1430,2025-10-04,779994.67,eCheq
1300,1431,2026-01-26,1012595.1,Cheque físico
1301,1431,2026-02-10,719536.58,Cheque físico
1302,1432,2025-08-04,307345.79,eCheq
1303,1433,2026-08-27,2401282.26,eCheq
1304,1434,2025-12-25,483399.81,Cheque físico
1305,1435,2026-08-06,3329770.01,Efectivo
1306,1437,2025-10-24,497486.35,eCheq
1307,1438,2025-11-12,2994780.04,eCheq
1308,1439,2025-09-03,2746750.56,eCheq
1309,1440,2026-02-09,2832682.52,Cheque físico
1310,1441,2025-10-02,1782749.0,Transferencia
1311,1442,2025-06-21,1154830.29,Transferencia
1312,1443,2025-08-11,2828373.11,eCheq
1313,1444,2025-11-16,1860021.72,eCheq
1314,1445,2026-01-28,1366582.12,Cheque físico
1315,1446,2026-07-19,881520.8,Cheque físico
1316,1447,2026-02-14,2972277.13,Transferencia
1317,1448,2026-02-06,533067.08,eCheq
1318,1448,2026-02-17,1216724.17,Transferencia
1319,1449,2025-10-28,3439924.12,Transferencia
1320,1450,2025-09-06,301098.57,eCheq
1321,1451,2026-01-28,2010790.64,Transferencia
1322,1452,2026-02-03,1564603.27,Transferencia
1323,1453,2025-08-05,1659726.19,eCheq
1324,1454,2026-01-30,1444790.76,eCheq
1325,1455,2025-12-16,2587151.27,Transferencia
1326,1456,2026-02-18,440130.76,Transferencia
1327,1457,2026-05-03,2795228.33,eCheq
1328,1458,2026-04-25,475982.16,Transferencia
1329,1459,2025-05-06,831503.87,eCheq
1330,1460,2026-09-27,280495.83,eCheq
1331,1461,2025-10-11,2255428.78,Cheque físico
1332,1462,2026-05-25,1320793.87,Cheque físico
1333,1463,2026-08-19,2736654.88,Transferencia
1334,1464,2026-02-03,2003044.2,eCheq
1335,1465,2026-02-23,2297162.98,Transferencia
1336,1467,2026-03-16,870775.05,Transferencia
1337,1468,2026-04-09,1987881.1,Transferencia
1338,1469,2026-09-27,1661412.83,eCheq
1339,1470,2026-07-24,556087.8,eCheq
1340,1471,2026-06-25,577804.7,Efectivo
1341,1471,2026-07-17,286909.12,eCheq
1342,1473,2026-07-30,138002.25,Transferencia
1343,1474,2026-08-10,920571.24,Transferencia
1344,1475,2026-01-06,638361.74,eCheq
1345,1477,2026-06-28,337765.0,eCheq
1346,1478,2026-07-02,762574.48,Transferencia
1347,1480,2026-08-10,243853.58,Transferencia
1348,1481,2026-08-09,501054.7,eCheq
1349,1483,2026-03-04,259802.41,Transferencia
1350,1484,2026-07-05,4146288.84,Transferencia
1351,1485,2025-12-24,6667123.2,Transferencia
1352,1486,2026-02-23,6223359.69,Efectivo
1353,1487,2025-04-28,801187.4,Transferencia
1354,1488,2025-08-30,2195373.68,Transferencia
1355,1488,2025-10-02,3971796.42,Transferencia
1356,1490,2025-06-03,3484800.74,Transferencia
1357,1491,2026-01-11,4728415.38,eCheq
1358,1492,2026-09-22,1483810.16,eCheq
1359,1493,2025-05-21,5727655.17,Transferencia
1360,1494,2025-09-13,812480.9,Transferencia
1361,1495,2026-09-14,3819464.44,Cheque físico
1362,1496,2025-03-17,828889.08,eCheq
1363,1497,2025-06-13,3894094.18,Cheque físico
1364,1498,2026-05-31,2810178.42,Cheque físico
1365,1499,2026-03-20,2274577.68,Transferencia
1366,1500,2025-05-10,3640713.2,eCheq
1367,1501,2025-07-20,1613775.03,Transferencia
1368,1503,2026-09-03,1085739.96,Transferencia
1369,1503,2026-09-16,471360.75,eCheq
1370,1504,2025-06-07,942056.58,Transferencia
1371,1505,2025-04-19,2314172.99,eCheq
1372,1506,2025-08-24,925567.02,eCheq
1373,1508,2025-08-20,2738011.93,Transferencia
1374,1509,2026-04-09,2595073.58,Cheque físico
1375,1510,2025-04-13,2061928.15,Transferencia
1376,1512,2026-05-17,2533058.5,eCheq
1377,1513,2026-07-26,4863841.79,Transferencia
1378,1514,2026-07-05,851334.74,Cheque físico
1379,1515,2025-10-02,4759157.13,Transferencia
1380,1516,2025-04-12,3280236.64,eCheq
1381,1517,2026-07-16,3529269.72,Cheque físico
1382,1518,2026-05-10,2969091.66,Cheque físico
1383,1519,2026-03-14,922591.06,Cheque físico
1384,1519,2026-04-07,728070.7,Cheque físico
1385,1520,2025-07-04,1222424.08,Transferencia
1386,1520,2025-08-03,1330630.82,eCheq
1387,1521,2026-09-22,633641.64,Transferencia
1388,1522,2025-08-27,1675668.82,eCheq
1389,1524,2026-05-06,2811717.25,eCheq
1390,1525,2025-06-07,1811930.96,Transferencia
1391,1527,2026-01-31,1751309.75,Transferencia
1392,1529,2026-02-24,1754566.81,eCheq
1393,1530,2025-09-22,1516449.36,Efectivo
1394,1532,2025-04-30,2660739.09,Transferencia
1395,1533,2026-08-30,1337415.46,eCheq
1396,1534,2026-07-20,1144336.45,Transferencia
1397,1535,2025-06-06,1126383.72,eCheq
1398,1536,2026-05-12,706293.93,Transferencia
1399,1537,2025-05-19,955131.8,Transferencia
1400,1538,2025-03-13,1981010.14,eCheq
1401,1540,2026-09-06,246729.88,Cheque físico
1402,1541,2026-03-14,1770523.13,Cheque físico
1403,1542,2025-07-30,2864873.68,Cheque físico
1404,1543,2025-10-04,474272.96,Transferencia
1405,1544,2025-09-26,3891968.45,Transferencia
1406,1545,2026-03-03,1621922.9,eCheq
1407,1545,2026-04-12,3347745.16,eCheq
1408,1546,2025-02-24,889040.75,eCheq
1409,1547,2026-04-27,4702361.18,Transferencia
1410,1548,2025-02-13,4020567.24,eCheq
1411,1549,2026-07-31,199666.88,eCheq
1412,1550,2025-05-08,932166.3,Transferencia
1413,1551,2025-07-31,855550.81,eCheq
1414,1552,2025-09-30,920596.33,eCheq
1416,1556,2025-05-07,124100.81,eCheq
1418,1558,2025-09-21,1021987.39,Cheque físico
1419,1559,2026-03-03,3247639.49,eCheq
1420,1560,2026-04-10,3228014.4,Cheque físico
1421,1561,2025-04-19,1559115.35,Transferencia
1422,1562,2026-04-04,546735.6,Cheque físico
1423,1562,2026-04-29,263522.84,Transferencia
1424,1563,2026-07-10,1609688.6,Transferencia
1425,1563,2026-07-29,702932.39,Transferencia
1426,1564,2025-05-03,3489700.49,eCheq
1427,1565,2025-07-16,1351308.67,eCheq
1428,1566,2025-04-08,2497560.37,Cheque físico
1429,1567,2025-12-29,2916232.44,Transferencia
1430,1568,2025-11-08,905357.09,eCheq
1431,1568,2025-11-16,500536.63,Transferencia
1432,1569,2025-06-03,689616.96,Cheque físico
1433,1570,2025-12-24,1696579.86,eCheq
1434,1571,2025-01-29,850898.7,Transferencia
1435,1572,2026-03-20,1276695.16,eCheq
1436,1573,2025-03-15,475221.5,Transferencia
1437,1574,2025-06-29,1650300.29,eCheq
1438,1575,2025-05-10,265213.84,Transferencia
1439,1576,2025-10-04,1734777.04,Transferencia
1440,1577,2025-10-27,1604884.1,Transferencia
1441,1578,2026-04-17,263058.69,eCheq
1442,1579,2026-04-08,1063908.74,Transferencia
1443,1580,2025-05-11,1024776.51,Transferencia
1444,1581,2026-07-04,951526.14,Cheque físico
1445,1582,2025-10-06,1209539.77,Transferencia
1446,1583,2025-11-01,182817.91,eCheq
1447,1585,2025-08-19,1162612.97,Transferencia
1448,1586,2026-04-08,443831.83,Transferencia
1449,1587,2025-04-23,1154378.14,Transferencia
1450,1588,2026-01-24,1519618.35,Transferencia
1451,1589,2025-04-11,1179041.66,eCheq
1452,1590,2026-09-02,1039257.38,Transferencia
1453,1591,2025-06-29,291418.0,Transferencia
1454,1592,2026-02-12,1682300.44,eCheq
1455,1593,2026-09-19,1040373.68,Transferencia
1456,1595,2026-01-22,417979.35,Cheque físico
1457,1596,2025-03-06,1565590.87,Transferencia
1458,1597,2025-06-02,559335.21,Cheque físico
1459,1598,2026-08-29,159790.72,Transferencia
1460,1599,2025-08-11,258040.27,Transferencia
1461,1600,2025-02-26,1248232.73,eCheq
1462,1601,2026-07-15,848448.76,Cheque físico
1463,1603,2026-06-08,417967.03,eCheq
1464,1604,2026-02-16,1617468.56,eCheq
1465,1605,2025-09-27,257469.98,Transferencia
1466,1606,2025-08-14,1435929.32,Transferencia
1467,1607,2025-05-02,1201770.45,Transferencia
1468,1608,2025-09-09,1031919.74,eCheq
1469,1609,2025-10-20,366432.45,Efectivo
1470,1610,2025-09-29,1319827.63,eCheq
1471,1611,2025-04-20,824336.29,Transferencia
1472,1612,2025-07-16,1327150.86,eCheq
1473,1613,2025-05-01,593197.15,Transferencia
1474,1614,2026-03-19,1510778.38,Transferencia
1475,1617,2025-05-27,2255536.78,Efectivo
1476,1618,2025-04-22,1630273.84,eCheq
1477,1619,2026-07-15,543323.39,Efectivo
1478,1622,2025-08-30,782674.45,Transferencia
1479,1623,2025-03-19,1474055.97,eCheq
1480,1625,2026-06-10,424443.9,Transferencia
1481,1629,2025-06-21,4864248.73,eCheq
1482,1630,2025-04-16,3710053.45,Efectivo
1483,1631,2026-06-21,3977770.52,eCheq
1484,1632,2026-02-18,1158090.76,eCheq
1485,1633,2025-03-29,3608472.01,eCheq
1486,1634,2025-06-06,3906794.03,Transferencia
1487,1635,2025-07-13,4717024.45,Cheque físico
1488,1636,2025-02-25,2746049.07,eCheq
1489,1636,2025-04-04,1586751.63,Transferencia
1490,1637,2025-01-27,2244537.84,Cheque físico
1491,1638,2026-08-26,3690669.65,Transferencia
1492,1639,2025-05-13,1678905.66,Transferencia
1493,1640,2025-03-17,2132596.88,Cheque físico
1494,1641,2026-01-15,1925745.82,eCheq
1495,1642,2026-04-02,2142293.06,Transferencia
1496,1643,2025-10-29,343347.97,eCheq
1497,1644,2025-07-13,1150224.28,Transferencia
1498,1645,2025-11-27,2382128.49,eCheq
1499,1646,2026-02-12,2785604.96,eCheq
1500,1647,2026-06-08,2113027.99,eCheq
1501,1648,2025-03-05,395960.56,Transferencia
1502,1649,2026-08-31,2930245.24,Transferencia
1503,1650,2025-06-10,3231680.77,Transferencia
1504,1651,2025-12-29,2665198.01,Transferencia
1505,1652,2026-07-10,455550.17,Transferencia
1506,1653,2025-03-09,2512803.14,Cheque físico
1507,1654,2026-07-13,1749492.31,Transferencia
1508,1656,2026-01-10,3215285.56,eCheq
1509,1657,2026-06-02,3283772.89,Transferencia
1510,1658,2026-08-24,2406512.95,Transferencia
1511,1659,2025-08-24,205118.49,Efectivo
1512,1660,2025-05-12,828469.81,Transferencia
1513,1661,2025-08-15,962095.79,eCheq
1514,1662,2025-12-31,430079.02,eCheq
1515,1662,2026-02-05,340740.79,eCheq
1516,1663,2026-02-21,212707.7,eCheq
1517,1664,2025-09-30,963162.81,Transferencia
1518,1667,2025-08-25,840584.35,Transferencia
1519,1668,2026-06-09,426007.75,Transferencia
1520,1669,2026-08-10,269940.05,Transferencia
1521,1670,2026-07-08,302516.83,Transferencia
1522,1670,2026-08-04,562131.92,eCheq
1523,1671,2026-08-30,303370.92,eCheq
1524,1672,2025-07-12,767843.5,Cheque físico
1525,1673,2025-08-22,6973138.19,Transferencia
1526,1675,2026-03-22,8601425.14,Transferencia
1527,1676,2025-10-13,4106728.91,Transferencia
1528,1678,2026-01-01,8265348.6,Transferencia
1529,1680,2025-04-25,8025639.49,eCheq
1530,1681,2025-10-09,17015310.64,Transferencia
1531,1682,2026-01-12,21100737.82,eCheq
1532,1683,2025-04-26,11828158.4,Transferencia
1533,1684,2026-09-12,22020534.5,eCheq
1534,1686,2025-09-09,10891349.33,eCheq
1535,1686,2025-09-15,6636576.79,Transferencia
1536,1687,2026-05-06,17718191.13,Transferencia
1537,1687,2026-05-19,9677505.54,eCheq
1538,1688,2025-05-19,6231581.17,Cheque físico
1539,1690,2026-05-16,12793176.09,Transferencia
1540,1691,2026-06-24,8321899.62,Transferencia
1541,1694,2026-02-01,11395787.46,Transferencia
1542,1695,2026-08-28,29409158.06,Transferencia
1543,1696,2025-07-27,4026110.21,eCheq
1544,1696,2025-08-18,5131587.67,Efectivo
1545,1698,2026-01-23,22029616.93,Transferencia
1546,1699,2026-02-07,24518612.1,Transferencia
1547,1700,2026-07-03,26374496.97,Transferencia
1548,1701,2026-03-15,19982607.85,Transferencia
1549,1702,2025-04-16,11446832.52,Efectivo
1550,1702,2025-05-18,7770679.59,eCheq
1551,1703,2026-07-10,20548970.05,eCheq
1552,1704,2025-08-14,25461494.84,Transferencia
1553,1705,2025-04-09,10483056.27,Transferencia
1554,1706,2026-05-26,29497772.09,Transferencia
1555,1707,2026-09-20,27437373.12,Transferencia
1556,1708,2026-04-30,16989348.2,eCheq
1557,1709,2026-01-15,32220635.1,Transferencia
1558,1710,2026-02-16,27100289.76,Transferencia
1559,1711,2025-12-11,14190257.14,Cheque físico
1560,1712,2026-05-15,13729703.24,Transferencia
1561,1713,2025-05-09,26383525.47,eCheq
1562,1714,2025-10-31,41551763.41,Cheque físico
1563,1715,2025-12-25,7430744.15,Efectivo
1564,1717,2025-05-31,21990919.11,Transferencia
1565,1718,2026-01-09,27803414.64,Cheque físico
1566,1720,2026-02-09,14280486.36,Cheque físico
1567,1721,2026-01-13,192370.64,Transferencia
1568,1722,2026-02-03,597614.41,eCheq
1569,1723,2026-04-18,1015288.67,eCheq
1570,1724,2025-03-29,340647.8,Transferencia
1571,1725,2026-01-08,470686.82,Transferencia
1572,1726,2025-10-15,3257228.06,Transferencia
1573,1727,2026-02-20,12808383.22,eCheq
1574,1729,2026-07-12,22404632.34,Cheque físico
1575,1730,2026-04-05,20595343.92,Transferencia
1576,1731,2025-07-23,6316560.34,Cheque físico
1577,1732,2025-07-30,5488379.08,Transferencia
1578,1732,2025-08-13,8836515.88,Transferencia
1579,1733,2026-06-02,26649579.06,Transferencia
1580,1734,2025-11-07,13880465.46,Cheque físico
1581,1735,2025-11-14,7493640.37,Transferencia
1582,1736,2025-09-30,10852839.93,Transferencia
1583,1737,2025-05-26,4777265.42,eCheq
1584,1737,2025-06-27,3503613.22,eCheq
1585,1739,2026-08-11,6035057.98,eCheq
1586,1740,2026-04-12,8777560.6,Transferencia
1587,1741,2025-11-26,25702020.69,Transferencia
1588,1742,2026-09-24,6768059.39,Transferencia
1589,1743,2026-04-14,14136388.22,eCheq
1590,1744,2025-06-20,4726194.66,Transferencia
1591,1745,2026-05-29,3897336.09,Cheque físico
1592,1746,2026-07-06,1327567.76,Cheque físico
1593,1747,2025-11-07,460148.61,Transferencia
1594,1748,2026-04-17,793075.72,Transferencia
1595,1749,2025-06-29,1313305.27,eCheq
1596,1750,2026-01-13,1532887.64,eCheq
1597,1751,2025-10-17,1853496.92,eCheq
1598,1752,2025-05-15,2842173.32,Transferencia
1599,1753,2026-07-24,434283.62,eCheq
1600,1755,2025-03-19,3061452.36,eCheq
1601,1756,2025-09-08,2214445.55,Transferencia
1602,1757,2026-09-25,1318686.19,Transferencia
1603,1758,2025-08-11,861609.25,eCheq
1604,1759,2025-07-27,823359.28,Transferencia
1605,1760,2026-02-13,863672.22,Transferencia
1606,1761,2025-08-05,1654822.79,Transferencia
1607,1761,2025-08-28,1553246.42,Transferencia
1608,1762,2026-04-19,3107069.08,eCheq
1609,1763,2026-01-23,337579.42,Transferencia
1610,1764,2026-02-08,2264318.94,Cheque físico
1611,1765,2025-08-10,2821673.15,eCheq
1612,1766,2026-07-31,12553783.97,Transferencia
1613,1768,2026-04-12,37615574.57,eCheq
1614,1769,2026-05-02,4666635.32,Transferencia
1615,1770,2026-06-12,39083925.21,Transferencia
1616,1771,2026-04-28,26310235.5,Transferencia
1617,1772,2026-09-01,31255739.54,eCheq
1618,1774,2026-05-04,16472620.77,eCheq
1619,1775,2026-08-17,16642269.54,Cheque físico
1620,1776,2026-03-31,14068276.0,eCheq
1621,1777,2026-05-14,6066521.88,Transferencia
1622,1778,2026-04-27,17889146.73,Cheque físico
1623,1779,2026-09-14,17903595.98,Transferencia
1624,1781,2026-04-13,23984190.65,eCheq
1625,1784,2026-07-26,38757745.15,Transferencia
1626,1786,2026-07-10,14419928.73,Transferencia
1627,1787,2026-04-16,11960122.57,Transferencia
1628,1788,2026-07-21,34652671.38,Transferencia
1629,1789,2026-05-13,27090594.65,Transferencia
1630,1791,2026-09-09,36848298.2,Transferencia
1631,1793,2026-08-13,30121140.15,eCheq
1632,1794,2026-04-26,3538166.44,Transferencia
1633,1794,2026-05-11,4518974.99,Transferencia
1634,1795,2025-08-22,10203549.19,Transferencia
1635,1796,2025-04-08,6726199.37,eCheq
1636,1797,2026-03-08,10350411.62,eCheq
1637,1798,2025-08-09,12059756.13,eCheq
1638,1799,2025-08-02,14662159.26,Cheque físico
1639,1800,2025-08-28,15001383.01,Transferencia
1640,1801,2025-10-15,4931842.54,Transferencia
1641,1802,2026-03-03,11659995.81,eCheq
1642,1803,2025-08-13,7862390.33,Transferencia
1643,1804,2025-06-20,1513127.68,Cheque físico
1644,1806,2026-08-07,13197437.04,Cheque físico
1645,1807,2026-08-05,9129931.49,Cheque físico
1646,1808,2025-03-05,4815831.75,eCheq
1647,1808,2025-03-20,3181138.18,Transferencia
1648,1809,2026-08-25,9862346.78,Transferencia
1649,1810,2025-04-22,11438718.57,Transferencia
1650,1811,2025-06-18,7137492.65,Transferencia
1651,1812,2025-10-25,10156284.53,Efectivo
1652,1813,2025-07-16,12723923.25,eCheq
1653,1814,2026-09-02,7651555.39,Transferencia
1654,1815,2025-09-03,6428766.32,Efectivo
1655,1816,2026-01-27,3209617.46,Transferencia
1656,1816,2026-02-09,3508787.22,eCheq
1657,1818,2026-06-06,3783510.18,eCheq
1658,1820,2026-09-03,1561555.81,eCheq
1659,1822,2025-12-07,2704287.52,Transferencia
1660,1823,2026-05-24,5380509.89,eCheq
1661,1824,2025-09-21,7878687.95,eCheq
1662,1825,2026-08-13,1055364.3,eCheq
1663,1825,2026-09-19,891905.77,eCheq
1664,1826,2025-04-11,4294202.28,Transferencia
1665,1827,2025-10-31,3620919.1,Transferencia
1666,1828,2025-04-04,16267392.68,eCheq
1667,1829,2025-10-18,35602850.2,Transferencia
1668,1830,2025-09-26,1248884.89,Transferencia
1669,1830,2025-10-23,2910560.44,eCheq
1670,1831,2026-04-06,7509984.57,Transferencia
1671,1832,2025-08-29,4263835.98,eCheq
1672,1833,2025-09-08,35297972.04,Cheque físico
1673,1834,2025-11-20,20188539.06,Transferencia
1674,1835,2025-06-13,23983468.57,eCheq
1675,1836,2025-02-21,7939145.46,Transferencia
1676,1837,2025-12-28,15235818.09,eCheq
1677,1838,2025-03-17,18706354.95,Transferencia
1678,1839,2026-03-18,9929652.01,eCheq
1679,1840,2025-06-07,8086239.43,Transferencia
1680,1841,2026-04-11,33095746.76,Transferencia
1681,1842,2025-02-03,16340552.4,Transferencia
1682,1843,2026-06-18,15400442.07,Transferencia
1683,1844,2026-01-01,17898832.11,eCheq
1684,1846,2025-05-11,40826847.59,Transferencia
1685,1847,2025-07-31,30538244.48,Transferencia
1686,1848,2025-08-19,23442283.04,Transferencia
1687,1848,2025-09-02,16503503.37,eCheq
1688,1849,2026-05-29,22594693.61,eCheq
1689,1851,2026-08-28,16069402.08,Transferencia
1690,1852,2025-12-19,7493880.96,Transferencia
1691,1855,2026-07-13,1483226.93,Efectivo
1692,1858,2026-07-23,462377.16,Cheque físico
1693,1859,2026-05-15,1251409.34,Transferencia
1694,1860,2026-05-07,970767.77,eCheq
1695,1861,2026-09-22,163593.14,Transferencia
1696,1863,2026-09-23,1256415.2,Transferencia
1697,1866,2026-07-23,1540970.45,Transferencia
1698,1869,2026-05-25,451388.28,eCheq
1699,1869,2026-06-20,230087.95,Transferencia
1700,1872,2026-08-13,3983388.3,eCheq
1701,1874,2026-08-27,4404649.04,eCheq
1702,1875,2026-07-22,4070321.86,Transferencia
1703,1876,2026-05-26,2567315.44,eCheq
1704,1878,2026-08-30,1350150.87,Cheque físico
1705,1879,2026-08-11,519065.81,Cheque físico
1706,1880,2026-05-21,4241556.3,Transferencia
1707,1881,2026-06-05,2960746.98,eCheq
1708,1882,2026-06-30,2985182.96,Transferencia
1709,1883,2026-08-02,2186876.46,Transferencia
1710,1883,2026-08-07,1038110.35,Cheque físico
1711,1884,2026-05-09,3991864.79,Efectivo
1712,1886,2026-09-02,675571.57,Transferencia
1713,1887,2026-08-30,3258965.36,Transferencia
1714,1888,2026-09-02,3034613.0,Efectivo
1715,1889,2026-05-30,2474898.05,Transferencia
1716,1889,2026-06-19,1665352.52,eCheq
1717,1890,2026-07-17,500089.12,Cheque físico
1718,1891,2026-02-05,877594.9,Cheque físico
1719,1892,2025-04-24,454637.62,eCheq
1720,1893,2025-05-23,325132.43,eCheq
1721,1893,2025-06-21,569653.97,Transferencia
1722,1894,2025-12-29,967548.09,Transferencia
1723,1895,2025-09-27,336167.76,eCheq
1724,1896,2026-04-24,1010543.65,Transferencia
1725,1897,2026-04-08,16913352.98,Efectivo
1726,1898,2025-03-30,5724940.2,Transferencia
1727,1899,2026-08-31,15457799.69,eCheq
1728,1900,2025-11-27,10971642.77,eCheq
1729,1903,2025-03-25,10614684.84,Transferencia
1730,1904,2025-12-24,15438700.24,Cheque físico
1731,1905,2025-11-19,14798530.44,Transferencia
1732,1906,2026-06-30,5754112.83,Transferencia
1733,1908,2025-12-24,5870626.16,Transferencia
1734,1908,2026-01-30,8039928.45,eCheq
1735,1909,2025-05-27,9616114.08,Transferencia
1736,1910,2025-11-26,4931184.94,Transferencia
1737,1911,2025-12-04,3008689.43,Efectivo
1738,1912,2025-10-05,9702417.35,Transferencia
1739,1914,2025-05-13,16281275.18,Cheque físico
1740,1915,2025-11-20,15811018.83,Transferencia
1741,1916,2026-01-02,2560556.06,eCheq
1742,1917,2025-12-26,3095276.54,eCheq
1743,1918,2025-07-23,2451955.75,Transferencia
1744,1919,2025-08-25,3807174.18,eCheq
1745,1920,2025-08-29,13410540.87,eCheq
1746,1921,2025-11-14,4433315.89,Transferencia
1747,1922,2025-04-10,5740235.67,Transferencia
1748,1923,2026-05-29,3094860.45,Transferencia
1749,1924,2025-07-05,12500676.32,Transferencia
1750,1925,2026-06-04,8678413.0,Transferencia
1751,1926,2026-03-15,13970924.71,Transferencia
1752,1927,2025-08-07,1141781.14,Transferencia
1753,1927,2025-09-01,1479473.97,Transferencia
1754,1928,2025-07-11,9418925.2,eCheq
1755,1929,2025-04-06,1915949.8,Transferencia
1756,1930,2026-06-30,4246642.85,eCheq
1757,1932,2025-12-16,4626666.14,Transferencia
1758,1933,2025-10-04,5244209.34,Transferencia
1759,1934,2025-08-22,2632983.19,Efectivo
1760,1935,2025-09-27,4410252.29,Transferencia
1761,1936,2025-11-02,895646.26,Transferencia
1762,1939,2025-12-31,1914436.37,Transferencia
1763,1940,2025-10-15,2253972.59,Transferencia
1764,1941,2025-05-23,1165114.85,eCheq
1765,1942,2026-01-23,658229.62,Efectivo
1766,1943,2026-07-29,2160614.99,Transferencia
1767,1944,2026-03-04,3478776.71,Transferencia
1768,1945,2026-07-29,1669471.62,eCheq
1769,1946,2025-05-26,984460.51,Transferencia
1770,1947,2025-10-08,375633.94,eCheq
1771,1948,2025-04-27,3425506.2,Transferencia
1772,1949,2026-04-10,1262481.71,eCheq
1773,1950,2026-07-19,3286527.89,eCheq
1774,1951,2025-05-23,2967538.31,Transferencia
1775,1952,2025-10-21,1931556.83,Transferencia
1776,1953,2026-07-09,1612698.97,eCheq
1777,1954,2025-01-31,838152.12,eCheq
1778,1955,2025-02-19,1449694.77,eCheq
1779,1957,2026-06-30,1506090.77,eCheq
1780,1958,2026-09-24,315453.6,eCheq
1781,1959,2025-04-19,688217.86,Cheque físico
1782,1960,2026-02-11,2116695.71,Transferencia
1783,1961,2026-02-02,1008516.02,Transferencia
1784,1962,2026-05-06,865804.75,eCheq
1785,1962,2026-06-12,1934131.09,Transferencia
1786,1963,2025-09-22,877545.4,Transferencia
1787,1964,2025-05-10,1579881.91,eCheq
1788,1965,2026-02-09,2017415.38,Transferencia
1789,1966,2025-02-18,724128.18,Transferencia
1790,1967,2026-01-15,760840.42,Transferencia
1791,1969,2025-11-06,2449869.28,Transferencia
1792,1970,2025-03-10,1649373.31,eCheq
1793,1971,2025-04-13,2003118.93,Transferencia
1794,1972,2026-04-24,1766946.58,Transferencia
1795,1973,2026-07-07,1127425.58,eCheq
1796,1974,2025-05-10,1436976.61,Transferencia
1797,1975,2025-10-04,375653.3,eCheq
1798,1975,2025-11-13,746115.17,Efectivo
1799,1976,2026-08-13,754370.36,eCheq
1800,1976,2026-09-07,1280751.56,Transferencia
1801,1977,2025-02-12,974373.62,Cheque físico
1802,1978,2025-04-02,477597.54,eCheq
1803,1978,2025-05-10,951902.02,Transferencia
1804,1979,2025-04-17,315839.27,Transferencia
1805,1980,2025-05-17,1693563.67,Transferencia
1806,1981,2025-10-04,1582308.17,Transferencia
1807,1981,2025-10-29,1080741.81,Transferencia
1808,1982,2025-10-18,1038864.79,Transferencia
1809,1983,2026-04-04,1312542.51,Transferencia
1810,1984,2025-02-08,514101.57,eCheq
1811,1985,2025-08-26,2707939.52,Transferencia
1812,1986,2026-09-19,1556913.69,eCheq
1813,1987,2025-11-13,907287.97,eCheq
1814,1988,2025-08-14,728569.0,Transferencia
1815,1989,2026-05-14,1739474.75,Transferencia
1816,1990,2025-05-29,6260886.78,eCheq
1817,1991,2025-07-22,11537080.43,Efectivo
1818,1992,2025-11-25,22906364.11,eCheq
1819,1993,2025-09-01,16395570.67,Transferencia
1820,1994,2026-04-20,8377644.22,Cheque físico
1821,1995,2025-08-07,20934800.73,eCheq
1822,1996,2026-08-12,2993897.06,Transferencia
1823,1997,2025-06-12,27819860.66,Cheque físico
1824,1998,2026-01-09,7419477.02,Transferencia
1825,1999,2026-04-05,3704517.23,Transferencia
1826,2000,2025-10-11,15114784.27,Efectivo
1827,2001,2025-08-31,6576784.91,eCheq
1828,2002,2026-08-31,23598642.27,Transferencia
1829,2003,2025-02-22,7772329.01,Transferencia
1830,2004,2025-06-15,21605438.75,eCheq
1831,2005,2025-04-09,22385261.68,Transferencia
1832,2006,2025-07-14,21870326.23,Transferencia
1833,2007,2026-07-09,9014285.11,Efectivo
1834,2008,2026-06-01,23429775.53,Transferencia
1835,2009,2026-05-06,11122588.58,Transferencia
1836,2010,2026-06-03,26019173.84,Transferencia
1837,2011,2025-06-25,8732604.2,Transferencia
1838,2011,2025-07-26,13619770.16,Transferencia
1839,2012,2025-03-13,16544635.14,Transferencia
1840,2013,2025-08-31,19727260.32,Efectivo
1841,2014,2025-09-18,429018.82,Transferencia
1842,2015,2025-11-21,2050495.62,Transferencia
1843,2016,2026-02-08,1789670.68,Cheque físico
1844,2017,2025-08-23,2854888.17,Efectivo
1845,2018,2025-07-06,3404889.2,eCheq
1846,2019,2026-02-17,2064755.31,eCheq
1847,2020,2025-02-22,1544587.35,Transferencia
1848,2021,2026-09-14,3019054.29,eCheq
1849,2022,2025-07-11,586216.6,Transferencia
1850,2023,2026-07-20,5507800.02,eCheq
1851,2024,2025-05-05,4568017.79,Transferencia
1852,2025,2025-08-28,750944.57,Transferencia
1853,2026,2025-04-07,5809903.53,Transferencia
1854,2027,2026-05-31,5206048.98,Efectivo
1855,2028,2025-11-17,3187391.22,Transferencia
1856,2029,2026-08-10,329191.11,Transferencia
1857,2031,2026-09-08,275654.42,Transferencia
1858,2032,2026-09-01,553074.18,Transferencia
1859,2033,2026-02-09,549649.19,Transferencia
1860,2034,2025-08-11,300883.55,Transferencia
1861,2035,2026-03-11,72070.9,eCheq
1862,2036,2026-02-05,553889.2,Transferencia
1863,2037,2025-03-05,354843.24,Transferencia
1864,2038,2026-02-03,575525.74,Transferencia
1865,2039,2025-04-15,198568.34,Transferencia
1866,2040,2025-02-17,556842.68,eCheq
1867,2041,2026-05-27,489900.12,Transferencia
1868,2042,2025-09-28,553169.8,Transferencia
1869,2043,2026-07-06,593699.51,Transferencia
1870,2044,2026-01-24,483193.31,Transferencia
1871,2045,2025-05-24,498620.97,eCheq
1872,2046,2026-09-29,233389.16,Cheque físico
1873,2047,2026-02-12,475542.37,Transferencia
1874,2047,2026-03-04,620572.48,Transferencia
1875,2048,2026-02-07,1411130.83,Transferencia
1876,2049,2026-03-21,1337525.93,Cheque físico
1877,2050,2026-05-15,552520.7,Transferencia
1878,2050,2026-06-22,397177.63,Transferencia
1879,2051,2025-08-10,912971.0,Transferencia
1880,2052,2025-08-31,438419.81,Transferencia
1881,2053,2025-04-25,1487466.58,Transferencia
1882,2055,2025-11-25,402183.4,Transferencia
1883,2056,2026-08-20,796637.3,Transferencia
1884,2057,2026-09-12,162581.8,Transferencia
1885,2058,2025-08-17,939826.19,Cheque físico
1886,2058,2025-09-02,405177.59,eCheq
1887,2059,2025-10-26,942729.05,Transferencia
1888,2060,2025-04-11,870923.12,Transferencia
1889,2061,2025-08-07,863037.16,eCheq
1890,2062,2025-03-08,615928.48,Cheque físico
1891,2063,2026-03-05,1074115.34,Transferencia
1892,2064,2026-09-18,231724.23,eCheq
1893,2065,2025-12-21,566175.29,eCheq
1894,2066,2026-08-15,670079.98,eCheq
1895,2067,2026-06-29,438291.78,eCheq
1896,2068,2026-02-21,505533.88,Transferencia
1897,2069,2026-09-20,1273898.27,Transferencia
1898,2070,2026-03-23,1928134.91,Transferencia
1899,2070,2026-05-01,1344803.19,Transferencia
1900,2071,2026-08-15,463388.24,eCheq
1901,2072,2026-08-23,4630979.17,eCheq
1902,2073,2026-08-28,4503323.48,eCheq
1903,2074,2026-09-11,2232737.47,Transferencia
1904,2075,2026-07-11,3197627.12,Cheque físico
1905,2076,2026-05-15,5044168.4,Transferencia
1906,2077,2026-04-10,4336019.98,Transferencia
1907,2078,2026-02-16,994906.09,eCheq
1908,2079,2026-09-28,610273.19,eCheq
1909,2080,2026-08-26,3139258.26,Transferencia
1910,2081,2026-03-21,1863807.6,eCheq
1911,2082,2026-02-21,484763.82,eCheq
1912,2083,2026-03-21,1056362.91,Transferencia
1913,2084,2026-03-16,4672578.36,Cheque físico
1914,2085,2026-06-24,1190960.18,Efectivo
1915,2085,2026-07-24,2144528.54,Transferencia
1916,2086,2026-06-01,990787.17,eCheq
1917,2086,2026-06-23,1666184.34,eCheq
1918,2087,2026-06-28,1425117.48,eCheq
1919,2088,2026-04-08,709948.28,Cheque físico
1920,2089,2026-03-22,1105998.45,eCheq
1921,2091,2026-09-15,2197892.77,Cheque físico
1922,2092,2026-01-04,1786131.46,Cheque físico
1923,2092,2026-01-31,1312460.3,Transferencia
1924,2093,2025-06-02,1166898.49,eCheq
1925,2094,2025-06-18,1258440.62,eCheq
1926,2095,2025-10-17,3051902.54,Transferencia
1927,2096,2025-09-29,2310504.17,Transferencia
1928,2097,2025-01-02,1268035.57,Transferencia
1929,2098,2026-02-19,2954447.4,eCheq
1930,2099,2026-08-29,1675994.81,Cheque físico
1931,2100,2025-06-11,1388938.58,Cheque físico
1932,2101,2025-11-28,2336927.4,Transferencia
1933,2102,2025-08-22,2954535.45,eCheq
1934,2103,2025-07-17,1167776.25,eCheq
1935,2104,2025-12-11,2127011.38,Transferencia
1936,2105,2026-01-16,262074.48,eCheq
1937,2106,2026-03-16,670086.78,eCheq
1938,2107,2025-10-23,2494878.43,Cheque físico
1939,2108,2025-07-08,868950.73,eCheq
1940,2110,2025-08-03,2368576.71,eCheq
1941,2111,2025-09-24,1133237.17,eCheq
1942,2112,2025-09-22,743176.86,Transferencia
1943,2113,2025-04-12,1669420.33,eCheq
1944,2114,2026-04-03,779289.19,Transferencia
1945,2114,2026-05-04,914855.68,eCheq
1946,2115,2025-03-29,908402.6,Transferencia
1947,2116,2026-07-24,1291165.16,Transferencia
1948,2117,2026-03-29,294210.75,Cheque físico
1949,2118,2025-05-17,323159.62,eCheq
1950,2118,2025-06-09,155777.98,eCheq
1951,2119,2026-04-23,629472.45,Transferencia
1952,2120,2025-11-05,1589885.1,Transferencia
1953,2121,2026-02-16,987374.24,Cheque físico
1954,2122,2025-02-25,825183.75,Efectivo
1955,2123,2025-10-17,1557999.21,Cheque físico
1956,2124,2025-05-29,968555.29,eCheq
1957,2125,2025-07-31,156508.59,eCheq
1958,2125,2025-09-02,269388.25,Transferencia
1959,2126,2025-10-21,274431.06,eCheq
1960,2127,2026-06-29,1468263.57,eCheq
1961,2128,2025-02-01,414812.47,eCheq
1962,2129,2025-05-26,818834.59,Transferencia
1963,2130,2025-08-07,975148.31,Transferencia
1964,2131,2026-01-22,513418.43,Transferencia
1965,2132,2026-07-01,6719584.32,Transferencia
1966,2133,2026-08-24,5415627.69,Transferencia
1967,2134,2026-03-22,2241006.18,Transferencia
1968,2135,2026-08-24,6517544.31,Transferencia
1969,2136,2025-11-21,6246515.5,Transferencia
1970,2137,2025-04-14,1554577.37,eCheq
1971,2138,2025-05-13,670995.03,eCheq
1972,2139,2026-03-19,730776.75,eCheq
1973,2140,2026-04-16,812903.66,Transferencia
1974,2141,2026-07-16,2172141.61,Transferencia
1975,2142,2025-08-27,742420.28,Cheque físico
1976,2143,2025-07-27,5303331.57,Transferencia
1977,2144,2026-09-01,4711187.71,eCheq
1978,2145,2026-04-07,2706219.68,eCheq
1979,2146,2025-03-12,3078149.29,Transferencia
1980,2147,2026-07-09,5039036.88,Transferencia
1981,2148,2026-03-22,754050.53,eCheq
1982,2149,2025-11-26,4254410.89,Transferencia
1983,2150,2025-10-28,4746634.86,Transferencia
1984,2151,2025-03-07,909306.5,Transferencia
1985,2153,2025-09-04,934860.9,Transferencia
1986,2154,2025-11-21,1386184.02,Transferencia
1987,2155,2026-02-25,1127193.54,Transferencia
1988,2156,2025-10-10,1298741.28,Transferencia
1989,2157,2025-10-24,1682226.04,eCheq
1990,2158,2025-03-11,330727.56,Efectivo
1991,2160,2026-05-24,453761.47,Transferencia
1992,2161,2025-12-28,521200.41,eCheq
1993,2162,2025-08-04,1402496.0,Transferencia
1994,2164,2025-03-09,768183.41,Transferencia
1995,2166,2025-09-01,177768.67,Cheque físico
1996,2166,2025-09-10,141816.17,Transferencia
1997,2167,2026-04-14,624569.96,eCheq
1998,2168,2025-12-11,2396665.11,eCheq
1999,2169,2025-02-24,1411566.79,Transferencia
2000,2170,2026-05-29,1856245.45,Transferencia
2001,2172,2025-05-28,679015.69,Transferencia
2002,2173,2025-03-18,963405.29,Transferencia
2003,2173,2025-04-18,634377.17,Transferencia
2004,2174,2025-11-15,958364.24,Transferencia
2005,2175,2025-08-12,1883328.06,Transferencia
2006,2176,2025-08-11,268037.18,Cheque físico
2007,2177,2025-07-01,337198.34,Cheque físico
2008,2177,2025-07-20,666338.54,Transferencia
2009,2178,2025-11-02,262924.64,Transferencia
2010,2179,2025-04-14,879809.51,Transferencia
2011,2180,2026-03-03,1054707.4,Transferencia
2012,2181,2026-08-02,1155334.73,Transferencia
2013,2181,2026-08-24,1753153.36,eCheq
2014,2182,2026-06-28,2049709.92,eCheq
2015,2183,2026-07-09,1096062.98,Transferencia
2016,2184,2025-06-07,1038627.47,Transferencia
2017,2185,2026-08-08,1604808.41,Transferencia
2018,2186,2025-08-11,731643.03,eCheq
2019,2187,2026-02-26,890460.45,Transferencia
2020,2188,2026-05-09,3335608.72,Transferencia
2021,2189,2026-02-17,1506257.1,Transferencia
2022,2190,2026-09-30,2831601.69,Transferencia
2023,2191,2026-08-10,2651372.32,Transferencia
2024,2192,2025-08-21,519693.02,Transferencia
2025,2192,2025-09-06,971247.6,Transferencia
2026,2193,2025-10-23,3164680.97,Transferencia
2027,2196,2025-05-01,1226697.17,Transferencia
2028,2198,2025-12-27,2671811.95,eCheq
2029,2201,2025-12-22,243378.14,Transferencia
2030,2202,2025-04-14,406326.26,Transferencia
2031,2203,2025-11-24,119741.03,Transferencia
2032,2204,2025-08-15,687489.85,eCheq
2033,2205,2025-04-20,453803.69,Cheque físico
2034,2206,2026-02-02,590098.68,Transferencia
2035,2208,2025-11-08,654341.18,Transferencia
2036,2210,2025-07-07,1408284.16,Efectivo
2037,2211,2025-06-17,923314.02,Cheque físico
2038,2213,2025-11-19,91767.43,eCheq
2039,2213,2025-11-30,117495.62,Transferencia
2040,2215,2025-02-26,881325.82,Transferencia
2041,2215,2025-03-24,1048457.15,Transferencia
2042,2216,2026-02-16,963160.47,Transferencia
2043,2217,2026-03-25,578306.95,Efectivo
2044,2218,2026-01-17,914936.6,eCheq
2045,2219,2026-06-05,348983.03,Transferencia
2046,2220,2025-03-22,1767247.01,Transferencia
2047,2221,2025-11-18,2456070.96,Cheque físico
2048,2222,2025-07-28,2315537.59,eCheq
2049,2223,2026-02-10,657304.0,Transferencia
2050,2225,2025-07-22,615654.55,Transferencia
2051,2226,2025-02-09,1458684.91,eCheq
2052,2227,2025-04-21,2450670.61,Transferencia
2053,2228,2025-08-24,444616.35,eCheq
2054,2229,2025-11-17,1716042.47,eCheq
2055,2230,2026-04-05,578612.53,Cheque físico
2056,2231,2026-06-27,255200.41,Transferencia
2057,2232,2025-04-14,396064.81,eCheq
2058,2232,2025-04-24,850964.25,eCheq
2059,2235,2025-10-20,1741802.66,Transferencia
2060,2236,2025-11-13,1876082.02,eCheq
2061,2237,2026-07-02,2177858.89,Transferencia
2062,2238,2025-06-29,1710663.94,Transferencia
2063,2239,2025-04-16,580602.74,eCheq
2064,2240,2026-07-20,2632178.58,Efectivo
2065,2241,2025-04-28,1056698.29,Transferencia
2066,2242,2026-01-05,2609865.9,Transferencia
2067,2243,2026-09-25,1763821.99,Transferencia
2068,2244,2025-12-06,2190948.0,eCheq
2069,2245,2025-08-18,322216.21,Transferencia
2070,2245,2025-09-07,233554.6,Efectivo
2071,2246,2025-07-31,817458.65,Efectivo
2072,2247,2026-03-20,573809.16,Transferencia
2073,2248,2025-03-01,155137.48,eCheq
2074,2249,2025-12-25,496316.87,Transferencia
2075,2250,2025-04-24,818132.42,eCheq
2076,2251,2025-12-04,903707.91,Transferencia
2077,2252,2025-06-12,621579.82,eCheq
2078,2253,2026-07-02,470148.55,Transferencia
2079,2254,2025-08-14,1021746.4,Transferencia
2080,2256,2025-05-03,631115.47,Transferencia
2081,2257,2025-11-14,298333.32,Transferencia
2082,2258,2025-08-01,291919.97,Transferencia
2083,2259,2025-08-12,923834.09,Cheque físico
2084,2260,2026-07-08,451019.58,Transferencia
2085,2261,2026-05-26,544461.85,Cheque físico
2086,2263,2026-05-22,680239.08,eCheq
2087,2264,2026-01-12,352940.37,eCheq
2088,2265,2025-03-21,472783.21,Transferencia
2089,2266,2026-02-23,1411763.87,Transferencia
2090,2267,2025-06-25,1611777.53,Transferencia
2091,2268,2025-04-02,812667.95,Cheque físico
2092,2269,2026-05-17,102191.33,Transferencia
2093,2269,2026-06-15,93052.11,eCheq
2094,2270,2025-12-15,1132980.28,Transferencia
2095,2271,2025-02-23,1174501.09,Transferencia
2096,2272,2026-06-16,582397.82,Transferencia
2097,2273,2026-03-20,875508.97,Transferencia
2098,2275,2025-03-02,542176.42,eCheq
2099,2276,2026-02-23,1562861.08,eCheq
2100,2277,2025-10-22,1067882.56,Transferencia
2101,2278,2025-08-16,1719504.29,Transferencia
2102,2279,2026-09-05,804836.8,eCheq
2103,2280,2025-02-10,1092843.7,Transferencia
2104,2281,2025-11-05,1105544.62,Transferencia
2105,2282,2025-09-16,354094.38,Transferencia
2106,2283,2026-08-08,575572.21,eCheq
2107,2285,2025-04-14,176769.6,Efectivo
2108,2286,2025-07-07,147981.23,Cheque físico
2109,2287,2025-11-28,170480.0,Transferencia
2110,2288,2026-06-06,537774.88,Transferencia
2111,2289,2025-06-21,191218.91,Transferencia
2112,2290,2026-01-03,278301.4,Efectivo
2113,2290,2026-01-20,202347.87,eCheq
2114,2291,2025-11-05,428342.11,eCheq
2115,2292,2026-09-29,443653.37,Transferencia
2116,2293,2026-04-14,499487.06,eCheq
2117,2294,2025-09-17,625500.2,Transferencia
2118,2295,2025-08-24,312781.74,Transferencia
2119,2296,2025-07-02,326995.74,Cheque físico
2120,2297,2025-07-08,178953.75,Transferencia
2121,2297,2025-08-03,378671.37,Transferencia
2122,2298,2026-03-06,653913.0,Transferencia
2123,2298,2026-03-17,789457.6,Transferencia
2124,2299,2025-10-02,1528519.77,eCheq
2125,2301,2025-07-17,472545.48,Transferencia
2126,2302,2025-11-25,1462931.58,Transferencia
2127,2303,2025-08-30,803134.81,Cheque físico
2128,2304,2026-05-30,680715.75,eCheq
2129,2304,2026-07-08,498064.66,eCheq
2130,2305,2026-07-11,206815.96,eCheq
2131,2305,2026-08-12,300526.18,eCheq
2132,2306,2026-09-09,911008.63,eCheq
2133,2307,2026-08-13,1554223.79,Transferencia
2134,2308,2026-03-04,330063.62,Transferencia
2135,2308,2026-03-22,442721.34,Transferencia
2136,2309,2026-03-13,580038.11,eCheq
2137,2309,2026-04-01,772829.2,eCheq
2138,2310,2025-01-23,1571233.84,Transferencia
2139,2311,2025-06-11,1202577.75,eCheq
2140,2313,2026-07-22,1214248.81,eCheq
2141,2314,2026-01-23,1943152.97,Cheque físico
2142,2315,2026-08-05,2609230.47,eCheq
2143,2316,2026-08-28,3096134.22,Transferencia
2144,2317,2026-09-25,1644910.82,Transferencia
2145,2318,2026-05-27,2612229.03,Transferencia
2146,2319,2026-08-10,1643968.01,Transferencia
2147,2320,2025-12-01,1528637.06,eCheq
2148,2321,2025-12-25,1488897.49,Transferencia
2149,2322,2026-08-11,778660.38,eCheq
2150,2323,2026-05-04,2102004.56,Cheque físico
2151,2324,2026-03-24,727256.19,Transferencia
2152,2325,2026-08-04,2298956.17,Transferencia
2153,2326,2026-09-26,481164.86,Efectivo
2154,2327,2025-11-01,1577772.66,Transferencia
2155,2328,2026-09-07,6091554.35,eCheq
2156,2329,2026-06-25,3107269.25,Transferencia
2157,2329,2026-07-24,2728938.76,Transferencia
2158,2330,2026-09-14,2916939.68,Transferencia
2159,2331,2026-08-29,442295.14,Transferencia
2160,2331,2026-09-09,677104.61,Transferencia
2161,2333,2025-06-20,6152947.56,Transferencia
2162,2334,2026-04-13,9034411.5,eCheq
2163,2335,2025-04-02,7129017.65,Efectivo
2164,2336,2025-03-22,9281532.82,Transferencia
2165,2337,2025-07-05,6559005.16,Cheque físico
2166,2338,2026-07-18,7262434.74,eCheq
2167,2339,2026-05-26,9744674.21,Transferencia
2168,2340,2026-05-04,9177621.14,Efectivo
2169,2341,2025-09-21,4147864.53,Transferencia
2170,2342,2025-08-15,8962697.68,Transferencia
2171,2343,2026-01-31,4166530.65,Transferencia
2172,2344,2025-06-20,7079591.57,eCheq
2173,2345,2025-10-04,5859151.57,Transferencia
2174,2346,2025-09-27,1247870.01,Efectivo
2175,2346,2025-10-08,656968.03,eCheq
2176,2347,2025-10-16,10286658.14,Transferencia
2177,2348,2026-01-11,6926738.03,Transferencia
2178,2349,2025-04-22,8039083.96,Transferencia
2179,2350,2025-07-27,3128359.34,eCheq
2180,2351,2026-02-06,4992976.18,Transferencia
2181,2352,2025-10-25,8766266.64,Efectivo
2182,2353,2025-03-23,1537379.08,Transferencia
2183,2354,2025-10-02,9238598.81,Transferencia
2184,2355,2025-08-13,6673631.64,Transferencia
2185,2356,2026-09-29,4381690.5,Transferencia
2186,2357,2026-02-17,9748959.93,Transferencia
2187,2358,2025-05-08,4508786.55,Transferencia
2188,2359,2025-11-08,6060423.96,Transferencia
2189,2360,2025-12-12,8529207.9,Transferencia
2190,2361,2025-06-18,4215618.38,eCheq
2191,2362,2025-12-01,8010947.29,Transferencia
2192,2364,2025-07-28,9516574.51,eCheq
2193,2365,2025-11-27,9455907.23,Transferencia
2194,2366,2025-12-16,7309404.77,eCheq
2195,2367,2025-06-25,4977622.82,Cheque físico
2196,2368,2025-02-20,6421324.52,Cheque físico
2197,2369,2026-04-14,4520271.17,Transferencia
2198,2370,2026-05-11,4873084.22,Cheque físico
2199,2371,2025-11-10,1586281.01,eCheq
2200,2371,2025-11-23,983121.36,eCheq
2201,2372,2025-10-06,3479182.76,Transferencia
2202,2373,2026-04-13,6215776.65,eCheq
2203,2374,2025-02-06,1800358.52,Transferencia
2204,2375,2026-03-11,2054857.23,Transferencia
2205,2376,2026-01-14,1501604.28,Transferencia
2206,2377,2026-02-24,8710138.75,Transferencia
2207,2378,2025-06-01,4544256.46,eCheq
2208,2380,2025-07-01,7037844.31,Transferencia
2209,2382,2026-08-12,2357808.71,Transferencia
2210,2382,2026-09-03,1646604.47,eCheq
2211,2383,2025-10-09,9300046.39,Transferencia
2212,2385,2026-06-18,8148271.63,eCheq
2213,2386,2025-05-05,4488397.1,Transferencia
2214,2387,2026-02-01,1790831.93,eCheq
2215,2388,2025-12-11,2951100.12,Transferencia
2216,2389,2026-09-10,3993414.35,Transferencia
2217,2390,2026-07-25,5080472.71,Transferencia
2218,2390,2026-08-14,3541682.46,Transferencia
2219,2391,2025-09-05,6490052.18,Transferencia
2220,2392,2025-07-19,4311175.07,Transferencia
2221,2392,2025-08-22,2649375.34,Transferencia
2222,2394,2026-01-11,8205466.49,Transferencia
2223,2395,2025-01-24,2270763.86,eCheq
2224,2396,2026-02-10,9943830.75,Transferencia
2225,2397,2025-03-09,1406820.79,Efectivo
2226,2399,2026-01-11,9688919.44,Transferencia
2227,2400,2025-11-18,8467308.87,Transferencia
2228,2402,2026-03-18,4974382.92,Transferencia
2229,2403,2025-11-09,924298.52,Transferencia
2230,2404,2025-04-20,181781.56,Transferencia
2231,2405,2025-05-17,199316.92,Transferencia
2232,2406,2025-09-04,439072.51,Transferencia
2233,2407,2025-10-17,241990.91,Transferencia
2234,2408,2026-03-06,4561929.39,Transferencia
2235,2408,2026-04-07,6688661.11,Transferencia
2236,2409,2025-09-19,13426769.74,Transferencia
2237,2410,2026-07-28,11501638.04,eCheq
2238,2412,2026-03-21,7976253.73,Transferencia
2239,2413,2026-05-11,8521572.35,Cheque físico
2240,2413,2026-05-26,8687811.01,Transferencia
2241,2414,2025-11-29,15457399.09,Transferencia
2242,2415,2026-02-18,3183622.15,eCheq
2243,2416,2026-04-19,4048063.31,Cheque físico
2244,2417,2026-05-15,8448835.82,eCheq
2245,2418,2026-06-08,3536509.01,eCheq
2246,2419,2026-03-29,13467002.66,Transferencia
2247,2421,2026-08-21,2808739.44,Transferencia
2248,2423,2025-10-25,16542978.6,eCheq
2249,2424,2025-04-27,8107340.55,Transferencia
2250,2427,2025-07-19,7171754.11,eCheq
2251,2428,2025-10-22,12614211.26,Transferencia
2252,2429,2025-10-28,9083740.85,Transferencia
2253,2430,2025-07-14,5881914.92,Efectivo
2254,2431,2025-04-23,10394911.16,Efectivo
2255,2432,2025-08-04,2213113.33,eCheq
2256,2434,2025-12-13,1918006.75,Transferencia
2257,2435,2026-04-07,2548050.81,Transferencia
2258,2436,2025-04-01,1617420.52,Transferencia
2259,2438,2026-09-28,388127.66,eCheq
2260,2439,2025-11-19,2640421.14,Efectivo
2261,2440,2025-09-09,1823961.73,eCheq
2262,2441,2025-09-16,3362391.87,Transferencia
2263,2442,2025-10-29,276409.04,eCheq
2264,2442,2025-11-05,307145.87,Transferencia
2265,2443,2025-10-05,3207871.09,eCheq
2266,2444,2025-06-09,2769309.0,Cheque físico
2267,2445,2025-07-05,3159622.55,Transferencia
2268,2446,2025-06-08,1092979.16,Cheque físico
2269,2446,2025-06-15,500455.53,Transferencia
2270,2447,2025-12-03,3964814.27,Transferencia
2271,2449,2026-04-17,1464102.54,eCheq
2272,2450,2025-08-14,2851470.49,eCheq
2273,2451,2026-03-11,9791739.17,Cheque físico
2274,2452,2025-09-25,10218234.65,Transferencia
2275,2453,2025-06-24,2044618.54,Cheque físico
2276,2454,2025-07-05,8317027.75,Transferencia
2277,2455,2026-09-25,2314855.4,Efectivo
2278,2456,2026-08-28,3795988.41,Transferencia
2279,2458,2026-01-21,9318994.12,Cheque físico
2280,2459,2025-10-31,4082363.97,Transferencia
2281,2461,2025-09-15,10484067.2,Transferencia
2282,2462,2026-03-29,2108695.8,eCheq
2283,2462,2026-04-20,1508062.96,Transferencia
2284,2463,2026-03-24,4988820.75,Efectivo
2285,2464,2025-05-12,4444744.57,eCheq
2286,2465,2026-07-11,5233609.94,Transferencia
2287,2466,2025-09-03,9076682.71,Transferencia
2288,2467,2025-09-08,2103020.92,Transferencia
2289,2467,2025-09-14,2538255.35,eCheq
2290,2468,2025-06-22,3722978.7,Transferencia
2291,2469,2025-11-04,948898.96,Transferencia
2292,2470,2025-05-21,8459551.6,Transferencia
2293,2471,2025-12-07,3462481.47,Transferencia
2294,2472,2025-08-21,914956.72,Cheque físico
2295,2473,2025-08-15,748022.37,Transferencia
2296,2474,2025-12-14,1807335.86,Transferencia
2297,2476,2026-09-14,1157525.07,Transferencia
2298,2477,2025-06-06,2554499.37,eCheq
2299,2478,2025-09-14,1319790.15,Transferencia
2300,2479,2026-09-30,2194555.76,eCheq
2301,2480,2026-03-01,2028813.46,Transferencia
2302,2480,2026-03-07,1331994.61,Transferencia
2303,2481,2026-09-07,355019.59,Cheque físico
2304,2482,2026-01-22,1076271.37,eCheq
2305,2483,2026-07-23,2735041.45,eCheq
2306,2484,2025-12-04,2644844.48,Transferencia
2307,2485,2026-08-03,2457230.96,Transferencia
2308,2487,2025-10-21,1786909.28,eCheq
2309,2488,2026-09-20,2730593.54,Transferencia
2310,2489,2026-04-25,2228777.07,Transferencia
2311,2491,2026-03-20,513368.29,eCheq
2312,2492,2026-04-05,1720966.96,Transferencia
2313,2493,2026-05-01,598346.95,eCheq
2314,2494,2025-07-23,1444685.92,Transferencia
2315,2495,2026-04-07,2271088.69,Transferencia
2316,2496,2026-07-20,3050980.07,eCheq
2317,2497,2026-08-31,1202349.42,Transferencia
2318,2498,2025-02-24,2753735.54,Transferencia
2319,2499,2025-07-11,2604468.12,Transferencia
2320,2500,2026-01-18,1767314.85,Transferencia
2321,2501,2025-07-05,1184441.9,eCheq
2322,2502,2025-12-19,1969680.7,Transferencia
2323,2503,2025-04-09,1064725.79,Transferencia
2324,2504,2025-05-14,1789058.22,eCheq
2325,2505,2026-08-28,472053.44,eCheq
2326,2506,2025-02-07,1013210.83,eCheq
2327,2507,2025-05-17,1159507.46,Transferencia
2328,2508,2025-01-27,1254310.61,eCheq
2329,2509,2025-08-18,550041.6,Cheque físico
2330,2510,2026-01-12,259430.22,eCheq
2331,2511,2025-02-26,511981.84,eCheq
2332,2513,2025-02-14,710546.24,Transferencia
2333,2514,2025-05-31,711567.02,Transferencia
2334,2515,2026-01-03,549838.53,Efectivo
2335,2515,2026-01-17,596138.72,Transferencia
2336,2516,2025-10-30,2272439.86,Transferencia
2337,2517,2025-11-14,1490586.86,Transferencia
2338,2518,2025-11-22,1661969.46,Transferencia
2339,2519,2026-04-15,1708455.9,Transferencia
2340,2520,2025-03-16,217843.6,eCheq
2341,2520,2025-04-25,483517.76,Transferencia
2342,2521,2025-12-03,912864.14,eCheq
2343,2522,2025-03-31,399407.46,eCheq
2344,2523,2026-04-16,188464.66,Transferencia
2345,2524,2026-01-13,543719.1,Transferencia
2346,2525,2025-06-18,755681.27,eCheq
2347,2526,2026-03-08,812536.11,Transferencia
2348,2527,2025-03-12,214067.83,eCheq
2349,2528,2025-10-28,1061676.14,eCheq
2350,2529,2025-09-01,379121.96,eCheq
2351,2530,2026-04-12,757983.07,Transferencia
2352,2531,2026-06-18,1204577.44,Transferencia
2353,2533,2026-09-11,467202.57,eCheq
2354,2534,2026-08-16,926644.36,Transferencia
2355,2535,2026-08-23,301783.07,Efectivo
2356,2536,2026-09-15,735735.57,Transferencia
2357,2537,2026-09-14,580856.91,Transferencia
2358,2539,2026-07-29,392305.36,Efectivo
2359,2540,2026-09-25,403911.4,Transferencia
2360,2543,2026-06-09,679333.39,eCheq
2361,2544,2026-08-09,921813.83,eCheq
2362,2545,2026-06-08,268604.6,Transferencia
2363,2547,2026-05-26,365399.51,eCheq
2364,2548,2025-07-31,2527789.64,Transferencia
2365,2548,2025-09-02,1250604.83,Transferencia
2366,2549,2025-09-09,2403581.49,Cheque físico
2367,2551,2025-05-05,5194509.68,Transferencia
2368,2552,2026-08-07,1852454.05,eCheq
2369,2553,2026-09-09,1426993.17,Transferencia
2370,2554,2026-08-20,1248650.94,Transferencia
2371,2555,2025-06-01,3797096.95,Cheque físico
2372,2556,2026-05-11,3233482.49,Cheque físico
2373,2556,2026-06-02,1424716.3,eCheq
2374,2557,2025-04-18,995878.24,Cheque físico
2375,2558,2025-12-16,776407.1,Transferencia
2376,2560,2025-07-09,496779.42,Transferencia
2377,2561,2025-11-09,464605.32,Transferencia
2378,2561,2025-12-08,706286.48,Cheque físico
2379,2562,2025-12-16,271356.47,Transferencia
2380,2564,2026-04-06,229901.89,Transferencia
2381,2565,2026-07-29,828869.21,Transferencia
2382,2566,2026-07-19,851665.17,Transferencia
2383,2567,2026-01-23,405730.18,Transferencia
2384,2568,2026-01-09,749878.34,Transferencia
2385,2569,2026-06-18,825171.22,Transferencia
2386,2570,2026-03-10,1075603.9,Transferencia
2387,2571,2025-12-23,770634.11,Transferencia
2388,2572,2026-06-19,6705622.52,eCheq
2389,2573,2025-02-08,2355599.13,Transferencia
2390,2574,2026-03-18,5027976.01,Transferencia
2391,2575,2025-04-06,7024524.91,Transferencia
2392,2576,2025-11-24,2585684.05,eCheq
2393,2576,2025-11-29,2408419.34,Transferencia
2394,2577,2026-08-26,9769033.92,eCheq
2395,2578,2026-08-16,9204280.09,eCheq
2396,2579,2026-05-22,5276453.23,Transferencia
2397,2580,2025-12-13,2131408.0,Cheque físico
2398,2581,2025-09-10,910528.41,Transferencia
2399,2582,2025-06-21,7776748.67,eCheq
2400,2583,2026-06-27,2979420.8,eCheq
2401,2584,2026-05-04,10360373.89,Cheque físico
2402,2585,2026-04-03,9872885.52,eCheq
2403,2586,2026-04-10,4258723.27,Transferencia
2404,2587,2025-03-03,6729654.31,eCheq
2405,2588,2025-02-26,1067667.86,Cheque físico
2406,2589,2025-11-05,9971773.71,Transferencia
2407,2590,2025-08-31,10089004.52,eCheq
2408,2591,2025-10-20,3241221.57,Transferencia
2409,2592,2025-10-03,4944800.95,eCheq
2410,2593,2026-09-13,1997178.2,Transferencia
2411,2594,2025-07-16,2267175.16,eCheq
2412,2594,2025-08-03,2655791.32,eCheq
2413,2595,2026-06-05,9633456.61,Transferencia
2414,2596,2026-06-24,5703779.39,Transferencia
2415,2597,2025-08-01,1934850.76,Transferencia
2416,2598,2026-06-29,9771620.85,Transferencia
2417,2599,2025-10-05,8698205.22,eCheq
2418,2600,2026-04-14,4963513.14,Transferencia
2419,2601,2026-07-26,4097496.93,eCheq
2420,2602,2025-11-16,925091.75,eCheq
2421,2603,2025-06-28,1099594.73,eCheq
2422,2604,2025-12-23,1725758.07,Transferencia
2423,2605,2025-06-28,3156453.41,eCheq
2424,2605,2025-07-18,2500416.37,Transferencia
2425,2606,2026-03-31,9012151.17,eCheq
2426,2607,2025-09-05,8693505.84,Transferencia
2427,2608,2025-01-08,2312428.21,Efectivo
2428,2609,2025-06-27,1588421.97,Transferencia
2429,2610,2026-09-23,1296159.45,Transferencia
2430,2611,2025-08-29,1861394.49,Transferencia
2431,2612,2025-02-03,1550323.04,Transferencia
2432,2613,2026-04-03,1570976.79,Transferencia
2433,2614,2025-09-16,2208905.1,Cheque físico
2434,2615,2025-08-15,428544.37,Transferencia
2435,2616,2025-08-04,1071936.94,Transferencia
2436,2616,2025-08-21,894381.61,eCheq
2437,2618,2025-05-14,2152309.86,Transferencia
2438,2619,2026-03-11,2117623.14,Transferencia
2439,2620,2026-05-07,2006602.53,Transferencia
2440,2621,2025-05-18,1924997.24,Transferencia
2441,2622,2025-12-28,302911.47,eCheq
2442,2623,2025-06-07,1417319.01,Transferencia
2443,2624,2026-06-06,268654.24,eCheq
2444,2625,2025-03-24,2670982.03,eCheq
2445,2630,2026-08-25,2606150.86,Transferencia
2446,2633,2026-09-12,1750992.13,Transferencia
2447,2636,2026-08-17,251168.76,eCheq
2448,2639,2026-09-10,2221290.06,Transferencia
2449,2640,2026-08-29,403348.11,Transferencia
2450,2641,2026-04-23,670459.36,Cheque físico
2451,2642,2025-11-19,2250870.69,Transferencia
2452,2643,2025-11-25,2036477.49,eCheq
2453,2644,2025-05-03,2025052.64,eCheq
2454,2645,2026-01-17,1020993.35,eCheq
2455,2646,2026-08-05,894623.15,Transferencia
2456,2647,2025-11-02,1166430.75,Transferencia
2457,2648,2026-02-03,1197862.62,Cheque físico
2458,2649,2026-07-14,495334.9,Transferencia
2459,2650,2026-05-10,456071.4,eCheq
2460,2650,2026-05-30,450348.23,Transferencia
2461,2651,2026-04-13,1384325.63,Transferencia
2462,2652,2026-06-01,1744906.96,Transferencia
2463,2653,2025-03-05,1371054.35,Transferencia
2464,2654,2025-08-16,1001218.67,eCheq
2465,2655,2025-05-02,882617.02,eCheq
2466,2656,2026-05-21,864938.54,Transferencia
2467,2658,2025-02-04,190573.92,eCheq
2468,2658,2025-03-03,346128.67,Transferencia
2470,2660,2025-07-03,6416676.59,eCheq
2471,2662,2025-04-11,5703918.35,Transferencia
2472,2665,2025-06-22,565270.5,eCheq
2473,2667,2026-06-30,1214899.54,Transferencia
2474,2668,2026-06-24,1267660.2,Transferencia
2475,2669,2026-09-18,1502321.7,Efectivo
2476,2670,2025-08-11,1503369.71,Transferencia
2477,2671,2026-05-12,1300626.87,Transferencia
2478,2672,2026-04-30,195995.77,Efectivo
2479,2675,2026-06-10,534798.3,eCheq
2480,2676,2026-02-08,1669712.6,eCheq
2481,2678,2025-07-03,1613007.26,Cheque físico
2482,2679,2025-10-17,598635.23,Cheque físico
2483,2680,2026-01-31,18988333.88,eCheq
2484,2681,2025-08-30,13058553.67,Transferencia
2485,2682,2026-07-10,21515837.34,Transferencia
2486,2683,2026-03-21,27742494.18,Cheque físico
2487,2684,2025-12-28,28440835.28,Transferencia
2488,2685,2025-06-17,29929957.77,eCheq
2489,2686,2026-09-20,8158169.65,Transferencia
2490,2687,2026-09-29,26830335.08,Transferencia
2491,2688,2025-07-30,38532555.61,eCheq
2492,2689,2025-08-22,32155747.91,eCheq
2493,2690,2025-10-28,4125410.32,Transferencia
2494,2690,2025-12-01,5493056.18,Transferencia
2495,2692,2025-09-19,25291393.81,Cheque físico
2496,2693,2025-08-13,17929348.14,Transferencia
2497,2694,2025-06-19,34660397.24,Transferencia
2498,2696,2025-12-22,32199402.22,Transferencia
2499,2697,2026-09-02,32831325.93,Transferencia
2500,2698,2025-06-04,26816140.02,eCheq
2501,2699,2026-04-09,27616655.46,Transferencia
2502,2700,2026-08-11,24401415.68,Transferencia
2503,2701,2025-11-20,6352164.76,Transferencia
2504,2702,2026-03-01,18011402.91,Transferencia
2505,2704,2025-11-24,4810609.18,eCheq
2506,2706,2026-07-17,12134923.1,Transferencia
2507,2708,2025-05-26,21488894.68,Transferencia
2508,2709,2025-06-11,4488374.91,eCheq
2509,2710,2025-06-23,40714506.19,Transferencia
2510,2711,2025-06-24,34107104.77,Transferencia
2511,2713,2026-06-12,6707595.85,eCheq
2512,2714,2026-03-06,17493391.87,Transferencia
2513,2715,2025-07-21,1504331.76,eCheq
2514,2716,2026-04-02,1627866.58,Transferencia
2515,2717,2026-03-18,941070.2,eCheq
2516,2718,2025-05-13,415397.22,Cheque físico
2517,2719,2025-12-16,1217546.99,Transferencia
2518,2720,2026-06-02,477669.64,eCheq
2519,2721,2025-05-24,1438857.62,Transferencia
2520,2722,2025-09-15,622834.55,Efectivo
2521,2723,2026-05-07,481534.31,Transferencia
2522,2724,2026-09-08,1713131.82,Transferencia
2523,2725,2025-03-26,256356.48,Transferencia
2524,2725,2025-04-14,239964.5,Transferencia
2525,2727,2026-06-24,667791.42,Transferencia
2526,2727,2026-07-08,978276.07,eCheq
2527,2728,2025-05-12,1019145.76,Transferencia
2528,2729,2025-06-15,979750.22,Efectivo
2529,2730,2026-04-08,1193205.8,eCheq
2530,2731,2026-08-14,1130515.17,Transferencia
2531,2732,2025-11-23,1080616.47,Transferencia
2532,2733,2025-07-08,320328.9,Efectivo
2533,2734,2026-04-01,976853.96,eCheq
2534,2735,2026-09-26,2420499.49,Cheque físico
2535,2736,2026-07-07,4544138.89,Cheque físico
2536,2737,2025-03-16,2331426.56,eCheq
2537,2738,2025-02-06,2848037.2,Transferencia
2538,2739,2025-07-26,1001612.5,eCheq
2539,2740,2025-09-21,819032.35,Transferencia
2540,2741,2025-02-10,4070702.29,eCheq
2541,2742,2026-08-29,2164834.31,Transferencia
2542,2743,2025-10-16,2090382.59,Cheque físico
2543,2744,2026-07-25,4090821.18,Transferencia
2544,2745,2025-09-28,3348031.88,Transferencia
2545,2746,2025-10-05,784751.27,Transferencia
2546,2747,2025-04-28,3470881.38,Cheque físico
2547,2748,2025-06-29,4792097.49,Transferencia
2548,2749,2025-07-22,2397917.13,Transferencia
2549,2750,2025-09-21,918805.86,Transferencia
2550,2751,2025-09-19,548045.4,Transferencia
2551,2751,2025-10-19,352271.51,Transferencia
2552,2752,2025-12-02,4170816.35,Transferencia
2553,2753,2025-11-16,2189339.84,eCheq
2554,2754,2026-03-18,3498056.08,Transferencia
2555,2755,2025-08-21,5122319.52,Transferencia
2556,2756,2025-06-19,5303841.82,eCheq
2557,2757,2025-08-23,5788853.78,Transferencia
2558,2758,2025-11-07,6371439.46,eCheq
2559,2759,2025-11-19,2457211.36,Transferencia
2560,2760,2025-01-22,1606988.27,eCheq
2561,2761,2024-12-29,5065322.62,Transferencia
2562,2762,2026-06-28,3325098.78,Efectivo
2563,2763,2025-01-27,4521207.04,Transferencia
2564,2764,2025-03-22,6342431.17,eCheq
2565,2765,2025-06-08,1672920.86,Transferencia
2566,2765,2025-06-17,847603.49,eCheq
2567,2766,2025-09-08,859166.54,eCheq
2568,2767,2026-05-02,1775867.85,Transferencia
2569,2768,2025-11-11,477734.81,eCheq
2570,2769,2025-06-27,1197416.61,Transferencia
2571,2770,2025-08-29,1164508.5,eCheq
2572,2771,2026-08-21,2234425.36,Efectivo
2573,2772,2026-09-02,1519996.61,Transferencia
2574,2773,2026-05-04,2783347.51,Transferencia
2575,2775,2026-01-14,366635.38,Transferencia
2576,2778,2025-01-29,1095963.75,Cheque físico
2577,2779,2026-03-29,1206813.53,Transferencia
2578,2780,2025-10-03,3455056.32,Transferencia
2579,2781,2026-01-15,1952303.38,Transferencia
2580,2782,2026-03-20,2542547.9,eCheq
2581,2783,2026-04-04,2169574.6,Transferencia
2582,2784,2025-09-17,2854946.58,eCheq
2583,2785,2026-05-01,628412.9,Transferencia
2584,2786,2025-12-12,545035.47,Transferencia
2585,2787,2025-04-23,1529950.23,Transferencia
2586,2788,2025-09-29,3402901.55,Efectivo
2587,2790,2025-10-08,1337456.44,eCheq
2588,2791,2025-08-13,1850312.17,eCheq
2589,2792,2025-09-24,3183971.36,eCheq
2590,2793,2026-01-01,2864919.34,eCheq
2591,2794,2026-01-07,478230.5,Efectivo
2592,2795,2026-03-13,2682618.17,Transferencia
2593,2796,2025-04-01,2313392.03,eCheq
2594,2797,2026-04-08,3050244.51,Transferencia
2595,2799,2025-04-16,369554.13,eCheq
2596,2800,2026-07-11,2440715.22,eCheq
2597,2801,2026-05-21,1136712.05,Transferencia
2598,2802,2025-05-01,2660107.46,Transferencia
2599,2803,2025-11-20,780889.2,eCheq
2600,2804,2025-11-29,835530.63,Transferencia
2601,2805,2025-11-13,1189206.49,Transferencia
2602,2806,2025-11-01,2385788.08,Cheque físico
2603,2807,2026-05-31,1421570.09,Cheque físico
2604,2808,2026-05-06,1617747.89,Cheque físico
2605,2809,2026-09-28,2581965.1,eCheq
2606,2810,2026-03-07,1809985.87,Cheque físico
2607,2811,2026-07-23,2064927.07,eCheq
2608,2812,2025-04-11,2703495.86,Transferencia
2609,2813,2026-09-28,1456818.68,Transferencia
2610,2814,2026-02-26,446123.76,Transferencia
2611,2815,2025-05-29,563048.57,eCheq
2612,2815,2025-06-05,488701.97,eCheq
2613,2816,2026-01-16,2130495.57,Transferencia
2614,2817,2026-07-31,624038.74,Efectivo
2615,2818,2026-01-21,1916016.97,Efectivo
2616,2819,2025-08-29,2454193.13,Cheque físico
2617,2820,2025-04-17,2445954.42,Cheque físico
2618,2822,2026-09-26,2773375.95,Transferencia
2619,2824,2026-01-05,2783663.2,Cheque físico
2620,2826,2026-09-14,1125882.94,Transferencia
2621,2827,2026-09-28,1611376.01,eCheq
2622,2828,2026-06-03,2108787.2,Transferencia
2623,2829,2026-08-30,2429735.43,Transferencia
2624,2830,2026-06-09,267740.44,Transferencia
2625,2830,2026-07-08,143998.02,Transferencia
2626,2832,2026-07-23,888525.93,Transferencia
2627,2836,2026-07-01,2386054.92,eCheq
2628,2837,2026-09-29,1298866.68,Transferencia
2629,2838,2026-07-01,2591803.52,Transferencia
2630,2840,2026-07-17,1608350.03,eCheq
2631,2845,2026-06-27,2726081.54,Cheque físico
2632,2846,2026-03-03,427509.3,eCheq
2633,2847,2025-04-06,597866.55,Transferencia
2634,2848,2025-08-27,248922.89,Transferencia
2635,2849,2025-08-18,219653.49,Efectivo
2636,2850,2025-12-21,203012.49,Transferencia
2637,2851,2026-05-06,342208.69,Cheque físico
2638,2852,2026-03-14,290760.04,Transferencia
2639,2853,2026-05-03,320337.43,Efectivo
2640,2854,2025-12-26,136594.79,eCheq
2641,2855,2025-06-01,150469.81,Transferencia
2642,2856,2025-12-02,498038.99,eCheq
2643,2857,2025-02-25,328384.65,eCheq
2644,2858,2025-04-29,71052.39,eCheq
2645,2859,2026-07-31,467326.87,Transferencia
2646,2861,2025-08-01,318021.1,Transferencia
2647,2862,2025-03-31,268473.42,eCheq
2648,2863,2026-02-15,1500228.14,Transferencia
2649,2864,2025-04-02,359363.75,eCheq
2650,2868,2025-05-15,1087827.64,eCheq
2651,2869,2025-03-19,926066.54,Transferencia
2652,2869,2025-03-25,1122565.89,Transferencia
2653,2870,2025-08-27,911097.36,Transferencia
2654,2871,2026-06-23,914534.42,Transferencia
2655,2873,2026-07-28,2728454.03,Transferencia
2656,2874,2025-06-25,2545484.93,Transferencia
2657,2875,2025-07-07,804627.41,Cheque físico
2658,2876,2026-02-19,1329453.98,eCheq
2659,2877,2025-11-21,429616.36,Cheque físico
2660,2879,2025-09-17,1082933.7,eCheq
2661,2880,2026-01-01,2108422.8,eCheq
2662,2881,2026-01-14,427949.69,Transferencia
2663,2882,2026-03-10,837397.6,eCheq
2664,2883,2025-05-28,2690720.69,eCheq
2665,2884,2025-07-05,1005146.69,Cheque físico
2666,2884,2025-08-12,918073.75,Transferencia
2667,2885,2026-08-20,2155429.55,eCheq
2668,2886,2025-07-27,1180953.5,eCheq
2669,2887,2025-08-01,1585375.08,Transferencia
2670,2888,2025-07-27,868401.52,Transferencia
2671,2889,2026-01-26,1333360.42,Transferencia
2672,2890,2026-06-27,1526097.47,Transferencia
2673,2891,2026-09-06,800155.86,Transferencia
2674,2892,2025-07-05,443134.5,Cheque físico
2675,2893,2026-01-11,2536891.16,Transferencia
2676,2894,2026-06-20,942817.24,Transferencia
2677,2895,2025-04-11,2046730.47,Transferencia
2678,2896,2026-03-18,4313690.03,eCheq
2679,2897,2026-04-12,3882532.87,Cheque físico
2680,2898,2025-02-14,9669743.57,Transferencia
2681,2899,2026-07-15,8754494.35,Transferencia
2682,2900,2026-01-12,6425829.11,Cheque físico
2683,2901,2025-06-18,2112025.92,eCheq
2684,2902,2025-07-14,3034824.65,eCheq
2685,2902,2025-08-15,2469309.96,eCheq
2686,2903,2025-04-11,10067209.13,eCheq
2687,2904,2025-08-10,6183672.52,Cheque físico
2688,2904,2025-09-12,3452225.11,eCheq
2689,2905,2026-02-08,8527781.0,Transferencia
2690,2906,2025-11-03,3516630.04,eCheq
2691,2907,2026-02-27,1292667.93,Efectivo
2692,2908,2025-06-20,5659417.04,Transferencia
2693,2909,2025-11-25,6890888.47,Efectivo
2694,2910,2026-03-19,5166695.86,eCheq
2695,2911,2026-02-27,7983484.91,Transferencia
2696,2912,2025-09-20,6247994.92,Transferencia
2697,2913,2025-12-25,6170616.4,Cheque físico
2698,2914,2026-02-18,4717583.62,eCheq
2699,2915,2025-02-10,5179785.89,Transferencia
2700,2916,2026-08-20,7590886.59,Transferencia
2701,2917,2026-05-30,4496585.25,eCheq
2702,2919,2025-05-03,5022662.75,Transferencia
2703,2920,2026-01-04,7264450.45,Transferencia
2704,2921,2026-02-23,8389266.82,eCheq
2705,2922,2025-10-26,7126964.86,Transferencia
2706,2923,2026-05-05,6055617.25,Transferencia
2707,2924,2025-03-17,1486404.83,Transferencia
2708,2925,2025-04-22,359040.48,Transferencia
2709,2925,2025-05-18,766141.52,eCheq
2710,2926,2026-04-23,1404426.65,Efectivo
2711,2927,2025-08-27,1937823.54,Transferencia
2712,2928,2025-12-31,1438843.96,Transferencia
2713,2929,2025-12-12,932130.54,Transferencia
2714,2930,2026-01-13,1437038.08,Transferencia
2715,2931,2025-05-30,1613201.09,eCheq
2716,2932,2025-12-24,1484120.1,Transferencia
2717,2933,2026-06-26,490165.89,eCheq
2718,2934,2025-10-06,1847858.78,Transferencia
2719,2935,2025-08-22,657203.72,Transferencia
2720,2935,2025-09-21,1481454.91,eCheq
2721,2936,2026-04-01,1862012.23,Transferencia
2722,2937,2026-09-05,1492197.85,eCheq
2723,2938,2025-11-18,1704078.41,Transferencia
2724,2939,2025-11-06,1194530.06,eCheq
2725,2940,2025-04-21,289395.16,Transferencia
2726,2941,2025-02-27,2180424.94,eCheq
2727,2942,2026-08-18,325615.53,Transferencia
2728,2943,2026-06-16,1040258.78,eCheq
2729,2944,2026-09-01,2314681.07,eCheq
2730,2945,2026-08-26,1326004.51,Transferencia
2731,2946,2025-10-28,1182116.93,Transferencia
2732,2947,2026-03-09,356417.13,eCheq
2733,2948,2025-11-22,1026557.45,eCheq
2734,2949,2025-08-15,391102.31,Cheque físico
2735,2950,2025-09-22,589353.65,Cheque físico
2736,2951,2025-01-06,727625.37,eCheq
2737,2952,2025-12-30,628291.05,Transferencia
2738,2953,2025-12-07,264215.76,eCheq
2739,2954,2025-10-08,769240.31,Transferencia
2740,2955,2026-07-05,464726.61,Efectivo
2741,2956,2025-07-01,162536.48,Cheque físico
2742,2957,2026-01-12,169304.04,Efectivo
2743,2958,2025-12-07,867611.49,eCheq
2744,2959,2025-11-13,523444.75,Transferencia
2745,2960,2026-01-09,748983.17,Transferencia
2746,2961,2026-06-08,183653.51,Transferencia
2747,2962,2025-07-31,456764.67,Transferencia
2748,2963,2025-12-18,228609.1,eCheq
2749,2964,2026-03-22,894001.29,eCheq
2750,2965,2026-06-27,837450.56,Transferencia
2751,2966,2026-01-31,1154281.5,Transferencia
2752,2967,2025-08-27,2033448.51,eCheq
2753,2968,2025-12-29,1799881.05,Transferencia
2754,2969,2026-05-25,2416480.8,Transferencia
2755,2971,2026-06-29,2504937.22,Transferencia
2756,2973,2026-09-17,457842.37,Transferencia
2757,2974,2025-08-17,1538792.44,Transferencia
2758,2976,2025-04-08,1333284.09,eCheq
2759,2977,2025-03-31,1538091.77,eCheq
2760,2978,2026-07-03,2364553.36,eCheq
2761,2979,2025-06-27,1649862.01,eCheq
2762,2979,2025-07-08,906674.16,Transferencia
2763,2981,2025-09-06,661861.12,Transferencia
2764,2983,2025-08-18,3067486.33,Transferencia
2765,2985,2025-07-22,313637.53,eCheq
2766,2986,2025-06-16,1836057.53,eCheq
2767,2987,2025-08-24,383194.56,Transferencia
2768,2988,2025-07-01,781733.84,Efectivo
2770,2990,2026-03-31,2885683.63,Transferencia
2771,2991,2026-08-22,189581.53,Transferencia
2772,2992,2025-06-22,3158405.48,Transferencia
2773,2994,2025-12-13,305463.05,eCheq
2774,2995,2026-09-14,857076.57,eCheq
2775,2996,2026-05-19,819892.07,Transferencia
2776,2997,2026-03-27,808480.18,Cheque físico
2777,2998,2025-11-13,1044763.07,Transferencia
2778,2999,2025-11-04,951028.84,eCheq
2779,3000,2025-09-04,899949.4,Transferencia
2780,3001,2026-02-09,901320.49,Cheque físico
2781,3002,2026-02-15,874923.31,Transferencia
2782,3003,2025-06-25,190978.73,Cheque físico
2783,3004,2026-02-05,368332.81,Transferencia
2784,3005,2026-07-26,632663.41,Transferencia
2785,3006,2025-11-27,995542.4,eCheq
2786,3008,2026-04-28,100951.47,eCheq
2787,3009,2025-08-07,975282.18,Transferencia
2788,3010,2026-03-16,840516.25,Cheque físico
2789,3011,2026-05-17,1046458.13,Transferencia
2790,3012,2025-06-24,4144951.28,eCheq
2791,3013,2026-04-07,4053690.86,Transferencia
2792,3014,2025-10-10,932068.77,Cheque físico
2793,3015,2025-10-21,1528808.13,Cheque físico
2794,3015,2025-11-11,862698.99,eCheq
2795,3016,2025-02-18,3152490.55,Transferencia
2796,3017,2026-08-17,6231710.31,Transferencia
2797,3018,2026-06-22,5178575.7,Cheque físico
2798,3019,2025-11-03,2224373.8,Cheque físico
2799,3020,2025-10-14,1282456.4,eCheq
2800,3021,2026-07-22,5613137.63,Transferencia
2801,3022,2025-03-04,2673494.26,Efectivo
2802,3023,2025-06-20,2937046.54,eCheq
2803,3024,2026-05-13,4083881.3,Transferencia
2804,3026,2026-06-19,818769.02,eCheq
2805,3027,2026-01-27,4185169.0,eCheq
2806,3028,2026-08-11,5791103.91,Transferencia
2807,3029,2026-07-21,3781203.38,Transferencia
2808,3030,2026-02-10,5702102.73,Transferencia
2809,3031,2025-08-20,594903.55,eCheq
2810,3031,2025-09-05,789647.41,Transferencia
2811,3032,2025-11-08,2074681.8,Transferencia
2812,3033,2025-06-21,3956988.13,Transferencia
2813,3034,2025-09-29,770751.55,Transferencia
2814,3035,2025-03-01,716657.46,eCheq
2815,3036,2025-01-14,4193610.91,eCheq
2816,3037,2026-04-15,1663739.32,Transferencia
2817,3038,2025-12-15,1853302.31,Transferencia
2818,3039,2025-01-12,3199751.51,eCheq
2819,3040,2026-02-03,3017561.81,eCheq
2820,3041,2025-09-19,2060750.32,Transferencia
2821,3042,2026-06-26,2092755.55,Transferencia
2822,3043,2025-03-29,2201916.4,Efectivo
2823,3044,2025-05-06,205379.03,Transferencia
2824,3044,2025-06-15,377623.15,Transferencia
2825,3045,2025-12-28,1056373.72,eCheq
2826,3049,2025-03-26,3192920.82,Transferencia
2827,3050,2025-06-20,3483740.87,eCheq
2828,3052,2025-04-22,1954820.7,Transferencia
2829,3056,2025-09-28,2333140.43,Transferencia
2830,3060,2025-02-23,2971737.05,eCheq
2831,3061,2025-10-19,1164674.04,eCheq
2832,3064,2026-03-05,668407.25,eCheq
2833,3065,2025-07-03,702850.4,Transferencia
2834,3067,2025-01-14,4668249.64,Transferencia
2835,3068,2025-12-12,3381933.28,eCheq
2836,3069,2025-06-28,1207990.21,eCheq
2837,3071,2026-05-31,4230079.81,Transferencia
2838,3072,2025-07-09,1247587.62,Transferencia
2839,3074,2025-07-17,1137597.79,Transferencia
2840,3075,2026-04-08,2401580.32,Transferencia
2841,3076,2026-04-16,2865543.06,Cheque físico
2842,3077,2025-10-13,1294973.32,Transferencia
2843,3078,2025-06-04,3925768.26,Cheque físico
2844,3079,2026-07-30,1528242.47,eCheq
2845,3080,2026-03-12,3269913.98,Cheque físico
2846,3081,2025-12-12,1287683.9,Transferencia
2847,3082,2025-07-12,1640975.86,Cheque físico
2848,3083,2025-09-03,1780724.16,eCheq
2849,3084,2025-02-19,1317784.88,eCheq
2850,3085,2025-10-27,553866.24,eCheq
2851,3086,2026-04-15,384717.32,Transferencia
2852,3086,2026-04-28,820238.83,Transferencia
2853,3087,2025-02-21,2789873.73,Transferencia
2854,3088,2026-06-27,1431255.02,eCheq
2855,3089,2026-01-19,1595469.86,eCheq
2856,3090,2025-12-14,1127984.59,Transferencia
2857,3091,2026-01-02,1257210.44,Transferencia
2858,3092,2025-06-05,1580618.36,eCheq
2859,3094,2026-04-08,342519.38,Transferencia
2860,3095,2026-08-01,1201413.0,Cheque físico
2861,3096,2025-01-22,883122.29,Transferencia
2862,3097,2025-03-18,653027.68,Transferencia
2863,3098,2026-05-17,886926.63,Transferencia
2864,3099,2026-04-28,59834.9,Cheque físico
2865,3099,2026-05-29,128531.0,eCheq
2866,3100,2025-03-28,1322287.28,Transferencia
2867,3101,2026-06-29,1041629.01,Transferencia
2868,3102,2025-06-06,767397.98,Transferencia
2869,3103,2026-06-25,907011.47,Cheque físico
2870,3107,2026-08-13,1468595.19,Cheque físico
2871,3109,2026-08-02,712727.84,eCheq
2872,3111,2026-09-23,1673679.98,Transferencia
2873,3112,2026-08-12,704687.12,Transferencia
2874,3113,2026-06-18,566339.69,Transferencia
2875,3114,2026-09-20,869104.6,eCheq
2876,3115,2026-07-03,284401.73,Transferencia
2877,3117,2026-07-08,956049.14,Transferencia
2878,3118,2026-06-20,365524.34,Transferencia
2879,3119,2025-05-25,2278342.24,Transferencia
2880,3120,2025-03-07,7218568.33,Efectivo
2881,3121,2026-06-26,10437867.5,Transferencia
2882,3122,2026-06-12,4754031.27,Transferencia
2883,3123,2026-01-08,4524062.71,Transferencia
2884,3124,2025-09-16,2758973.15,Transferencia
2885,3124,2025-10-01,5556518.07,eCheq
2886,3126,2025-11-14,1921023.3,eCheq
2887,3127,2025-12-08,10407548.42,Transferencia
2888,3128,2025-05-25,5909941.98,Transferencia
2889,3129,2026-05-18,8368695.35,Transferencia
2890,3130,2025-11-24,1273948.46,Cheque físico
2891,3131,2025-05-05,1081537.47,Cheque físico
2892,3131,2025-05-20,1589203.66,eCheq
2893,3133,2025-04-26,4863050.32,eCheq
2894,3134,2025-07-24,2988094.9,eCheq
2895,3135,2025-03-06,6503550.88,Transferencia
2896,3136,2025-07-06,5446899.28,Transferencia
2897,3137,2025-11-27,2390810.54,Transferencia
2898,3138,2026-08-27,1509609.59,Transferencia
2899,3138,2026-09-05,822472.96,Transferencia
2900,3139,2025-03-08,3073092.12,Transferencia
2901,3140,2026-07-23,1203035.24,Cheque físico
2902,3141,2025-05-25,6701114.69,Transferencia
2903,3142,2025-04-30,1135269.88,eCheq
2904,3143,2026-03-15,3360521.86,Transferencia
2905,3144,2026-07-14,1609462.25,Transferencia
2906,3145,2025-05-06,409371.01,Cheque físico
2907,3145,2025-06-15,789520.8,eCheq
2908,3146,2026-02-10,331063.89,Transferencia
2909,3147,2025-06-13,732141.15,Transferencia
2910,3147,2025-07-11,991648.54,Transferencia
2911,3149,2026-05-15,620279.99,Transferencia
2912,3150,2025-05-17,369699.03,Transferencia
2913,3152,2026-07-24,3478576.52,Transferencia
2914,3154,2026-03-22,6766219.44,eCheq
2915,3155,2026-05-06,2843794.55,eCheq
2916,3156,2026-01-23,1158626.86,Transferencia
2917,3156,2026-02-22,2570399.93,eCheq
2918,3157,2025-12-20,3204823.67,Transferencia
2919,3158,2026-03-03,6558534.16,Transferencia
2920,3159,2025-12-15,6211609.44,eCheq
2921,3160,2026-07-06,4382028.93,Transferencia
2922,3161,2025-05-19,762260.25,eCheq
2923,3162,2025-02-26,5422358.8,Transferencia
2924,3163,2026-09-04,6407700.08,eCheq
2925,3164,2025-11-27,681443.9,Efectivo
2926,3165,2026-02-14,410820.09,Transferencia
2927,3166,2025-10-01,728960.0,Cheque físico
2928,3167,2025-03-19,5838678.51,Cheque físico
2929,3168,2025-04-19,2591146.88,Efectivo
2930,3169,2025-10-01,5203781.91,eCheq
2931,3170,2026-06-13,2106291.44,Transferencia
2932,3171,2025-08-20,2347496.3,Cheque físico
2933,3172,2025-09-26,5673791.01,Transferencia
2934,3173,2025-10-27,5947798.95,eCheq
2935,3174,2026-09-09,3500704.18,Transferencia
2936,3175,2025-09-13,5662597.71,eCheq
2937,3176,2026-05-16,6598243.76,Cheque físico
2938,3177,2026-02-01,3560048.23,Transferencia
2939,3178,2025-07-22,2769607.55,Cheque físico
2940,3179,2025-11-16,3116127.46,Transferencia
2942,3181,2025-05-02,5235511.04,Transferencia
2943,3182,2025-06-28,1382955.32,Cheque físico
2944,3182,2025-07-27,3084799.85,Efectivo
2945,3183,2025-03-10,906626.88,eCheq
2946,3184,2025-04-23,5835048.07,eCheq
2947,3187,2025-01-22,900024.21,Cheque físico
2949,3190,2025-04-18,992712.41,Transferencia
2950,3192,2026-03-25,1705016.8,Transferencia
2951,3193,2026-09-23,2051311.98,Transferencia
2952,3195,2025-09-06,5902207.85,Transferencia
2953,3196,2026-01-24,373859.19,Cheque físico
2954,3197,2026-03-26,1438069.23,eCheq
2955,3199,2025-07-26,1648051.86,Transferencia
2956,3200,2026-07-07,595473.79,eCheq
2957,3201,2026-04-07,1376790.28,Transferencia
2958,3202,2025-12-13,565429.7,eCheq
2959,3202,2026-01-20,837616.18,Transferencia
2960,3203,2026-08-19,949491.44,eCheq
2961,3204,2025-04-10,1383477.48,Transferencia
2962,3205,2026-06-30,999034.64,eCheq
2963,3206,2025-02-21,1291182.87,Transferencia
2964,3207,2025-07-17,335967.75,Transferencia
2965,3208,2025-08-03,668401.41,Transferencia
2966,3209,2025-12-14,701520.86,eCheq
2967,3210,2026-08-29,462904.58,Cheque físico
2968,3211,2026-01-07,1371825.4,Transferencia
2969,3212,2025-04-20,267584.72,Transferencia
2970,3213,2026-05-02,168959.13,eCheq
2971,3214,2026-04-27,316516.72,Transferencia
2972,3215,2025-07-14,478458.07,Transferencia
2973,3216,2026-07-03,1269080.55,Transferencia
2974,3217,2026-09-13,372904.62,Transferencia
2975,3218,2026-05-21,1242723.06,Transferencia
2976,3219,2026-04-17,517244.38,Transferencia
2977,3220,2026-06-24,6183966.59,eCheq
2978,3221,2026-05-19,5093793.92,Transferencia
2979,3222,2026-08-31,4031972.56,Transferencia
2980,3223,2026-08-28,1777194.33,Transferencia
2981,3225,2026-08-01,2962358.44,Transferencia
2982,3225,2026-09-03,4753692.36,Transferencia
2983,3226,2026-07-12,3993492.44,Transferencia
2984,3229,2026-09-10,8646034.4,Efectivo
2985,3230,2026-05-24,9198900.5,Transferencia
2986,3231,2026-06-06,4951457.97,eCheq
2987,3232,2026-08-14,444490.72,Cheque físico
2988,3232,2026-08-23,544306.8,Cheque físico
2989,3233,2026-08-26,1856065.92,Transferencia
2990,3235,2026-06-01,4060299.16,Transferencia
2991,3237,2026-06-23,2345208.55,eCheq
2992,3237,2026-07-24,1393685.75,eCheq
2993,3239,2025-11-30,1578055.91,Efectivo
2994,3240,2025-12-27,2835331.21,eCheq
2995,3241,2025-03-10,4153623.82,eCheq
2996,3242,2026-01-03,1982838.23,eCheq
2997,3243,2025-07-21,2378956.53,Transferencia
2998,3244,2026-09-22,539668.86,Transferencia
2999,3245,2026-08-03,483566.73,eCheq
3000,3246,2026-04-29,773553.44,eCheq
3001,3247,2025-09-03,2216285.7,eCheq
3002,3248,2026-01-29,3312034.89,Transferencia
3003,3249,2026-05-19,2830441.85,Transferencia
3004,3250,2025-08-11,4219221.58,eCheq
3005,3251,2026-05-14,2426050.4,Transferencia
3006,3252,2025-05-07,871263.1,Efectivo
3007,3253,2026-08-28,2680823.13,Transferencia
3008,3254,2026-01-29,3614628.26,eCheq
3009,3256,2026-07-08,1389636.16,eCheq
3010,3257,2026-07-07,2271181.61,Transferencia
3011,3257,2026-08-05,995033.84,Cheque físico
3012,3258,2025-05-20,4038965.19,Cheque físico
3013,3259,2026-09-21,1057899.94,Transferencia
3014,3260,2026-03-13,4938198.1,Transferencia
3015,3261,2026-08-19,1527248.45,Transferencia
3016,3262,2025-09-27,923609.19,eCheq
3017,3262,2025-10-02,467898.53,Transferencia
3018,3263,2026-07-02,1089816.82,eCheq
3019,3264,2025-11-21,1400934.06,eCheq
3020,3265,2025-10-17,326510.93,eCheq
3021,3266,2025-06-29,1340107.74,Transferencia
3022,3267,2026-04-13,1478551.36,Transferencia
3023,3268,2025-11-07,549177.04,Transferencia
3024,3269,2026-08-30,1335235.41,eCheq
3025,3270,2026-03-21,732198.83,Transferencia
3026,3271,2026-04-15,596587.45,Transferencia
3027,3271,2026-05-03,619001.6,Efectivo
3028,3272,2025-03-30,932089.14,Transferencia
3029,3273,2026-07-31,895106.77,eCheq
3030,3274,2025-08-01,656084.71,Transferencia
3031,3275,2025-06-25,387779.56,Transferencia
3032,3276,2026-01-11,3724165.96,Transferencia
3033,3277,2026-03-17,1962292.86,eCheq
3034,3278,2025-12-20,4332537.79,Transferencia
3035,3279,2025-06-16,764995.65,eCheq
3036,3279,2025-06-23,864206.33,eCheq
3037,3280,2026-01-06,1957023.9,Transferencia
3038,3281,2025-03-31,1132190.16,Transferencia
3039,3281,2025-04-28,1290961.53,eCheq
3040,3282,2026-06-10,4286138.01,eCheq
3041,3283,2025-05-28,5041449.04,eCheq
3042,3284,2025-01-28,4495146.65,Transferencia
3043,3285,2025-07-11,4800488.63,eCheq
3044,3286,2025-02-02,2200453.18,Transferencia
3045,3287,2025-11-04,2230696.23,eCheq
3046,3288,2025-03-18,1055132.35,Transferencia
3047,3289,2026-07-17,3357432.67,Transferencia
3048,3290,2025-07-02,1595871.86,Transferencia
3049,3290,2025-07-08,1197289.53,Transferencia
3050,3291,2025-11-07,2371475.48,eCheq
3051,3292,2025-06-29,5000592.79,Transferencia
3052,3293,2025-04-03,3158322.12,Transferencia
3053,3294,2025-04-22,2647975.47,Cheque físico
3054,3295,2025-09-23,2218249.0,eCheq
3055,3296,2025-07-20,6439132.74,Transferencia
3056,3297,2025-09-14,4364263.66,eCheq
3057,3298,2025-07-12,1869569.28,Transferencia
3058,3298,2025-07-22,2429575.89,Transferencia
3059,3299,2026-04-03,869591.85,Cheque físico
3060,3301,2025-08-06,3505791.99,Transferencia
3061,3302,2026-05-27,5651430.19,Transferencia
3062,3303,2025-08-07,1564645.73,Efectivo
3063,3304,2026-02-20,1801675.4,Transferencia
3064,3305,2025-06-13,2893483.23,eCheq
3065,3306,2025-08-26,3480823.79,Transferencia
3066,3307,2026-09-12,1807950.42,Transferencia
3067,3307,2026-09-26,1543236.07,Cheque físico
3068,3308,2025-09-15,2563820.04,Transferencia
3069,3309,2025-07-09,1393120.39,Transferencia
3070,3311,2026-01-18,537666.29,Transferencia
3071,3314,2025-10-30,3116375.31,Transferencia
3072,3315,2026-06-30,2451204.27,eCheq
3073,3316,2025-02-13,6558156.81,Transferencia
3074,3317,2025-05-08,2948922.02,Transferencia
3075,3318,2025-03-17,3616291.94,eCheq
3076,3319,2026-06-20,1613449.41,eCheq
3077,3320,2026-01-04,6836451.58,eCheq
3078,3321,2025-01-30,927946.55,Transferencia
3079,3322,2025-07-05,675652.14,Transferencia
3080,3325,2025-04-07,1594283.33,Transferencia
3081,3326,2025-11-05,425918.01,Efectivo
3082,3327,2025-09-07,1767475.06,Transferencia
3083,3328,2026-04-05,2826127.13,eCheq
3084,3329,2026-02-17,2007434.25,eCheq
3085,3330,2025-01-14,2979944.53,Transferencia
3086,3331,2025-03-04,2859803.38,Transferencia
3087,3332,2026-06-11,552290.52,eCheq
3088,3333,2025-12-17,1910610.42,eCheq
3089,3334,2026-07-17,549505.68,Cheque físico
3090,3335,2026-04-06,502543.64,Transferencia
3091,3336,2026-09-12,611425.44,eCheq
3092,3337,2026-09-30,697098.02,Transferencia
3093,3338,2026-06-06,162584.19,eCheq
3094,3338,2026-06-23,125873.96,eCheq
3095,3339,2026-09-27,659676.31,Transferencia
3096,3340,2026-06-02,3630949.4,Transferencia
3097,3341,2026-09-07,2931799.93,eCheq
3098,3342,2025-05-22,3897655.88,Efectivo
3099,3343,2025-10-14,3372481.11,Transferencia
3100,3344,2025-11-08,1287623.64,Cheque físico
3101,3345,2026-05-18,5185999.91,Transferencia
3102,3346,2026-05-11,1329175.35,eCheq
3103,3347,2025-07-24,2484351.73,eCheq
3104,3348,2026-06-05,2938655.94,Transferencia
3105,3349,2025-11-04,1788147.26,eCheq
3106,3352,2025-08-12,1055241.28,eCheq
3107,3352,2025-08-28,1391313.21,eCheq
3108,3353,2025-12-21,3634743.65,Transferencia
3109,3354,2026-09-18,580633.74,Efectivo
3110,3355,2025-11-07,4230604.66,Transferencia
3111,3356,2025-04-20,5159704.23,Transferencia
3112,3357,2025-06-29,3815906.74,Transferencia
3113,3358,2026-03-10,878180.37,Transferencia
3114,3358,2026-04-08,1181201.42,Transferencia
3115,3359,2026-06-20,154709.55,Cheque físico
3116,3360,2026-04-04,270530.9,Transferencia
3117,3361,2025-04-09,291318.64,Transferencia
3118,3362,2025-04-01,959923.88,Cheque físico
3119,3363,2026-01-15,687679.58,Transferencia
3120,3364,2025-12-09,166708.68,Cheque físico
3121,3365,2026-09-04,258979.76,Transferencia
3122,3366,2026-04-15,650639.7,Efectivo
3123,3367,2025-10-27,464508.75,Transferencia
3124,3368,2026-02-21,2379508.07,eCheq
3125,3369,2025-09-25,8719116.4,eCheq
3126,3370,2025-09-09,1884172.61,Cheque físico
3127,3370,2025-10-17,1028065.92,Transferencia
3128,3371,2026-02-02,2117049.75,Transferencia
3129,3372,2026-09-27,7643264.98,Transferencia
3130,3373,2026-07-15,7992297.6,Cheque físico
3131,3374,2026-06-25,6285966.05,Transferencia
3132,3375,2025-04-07,4804319.01,Transferencia
3133,3376,2026-04-19,5511251.11,Transferencia
3134,3377,2025-08-01,9144272.58,Transferencia
3135,3378,2026-03-07,2944469.14,Transferencia
3136,3379,2025-06-02,9938575.68,Transferencia
3137,3380,2026-04-02,8731821.22,Transferencia
3138,3381,2025-09-12,8471129.7,Transferencia
3139,3382,2026-05-17,5903592.58,Transferencia
3140,3384,2026-01-22,1900907.29,Transferencia
3141,3385,2025-05-31,4352977.09,eCheq
3142,3386,2025-11-15,5965376.93,Transferencia
3143,3388,2026-01-11,8062827.85,Transferencia
3144,3389,2025-09-24,6886556.9,Transferencia
3145,3390,2026-07-11,6212486.55,Cheque físico
3146,3390,2026-07-31,3500503.38,eCheq
3147,3391,2025-12-15,9924161.0,Transferencia
3148,3392,2025-04-23,5586621.12,Transferencia
3149,3393,2025-06-21,1717375.24,Transferencia
3150,3394,2025-08-03,3216709.24,Cheque físico
3151,3395,2026-04-10,1496870.16,Transferencia
3152,3395,2026-04-19,783425.04,Transferencia
3153,3396,2025-04-27,9987799.3,Transferencia
3154,3397,2025-10-30,4030342.87,Transferencia
3155,3398,2026-07-26,1580426.5,eCheq
3156,3400,2026-03-18,10122857.92,eCheq
3157,3401,2026-04-16,1144013.28,Transferencia
3158,3402,2025-06-17,5153860.27,Cheque físico
3159,3403,2026-01-09,9516677.79,Transferencia
3160,3404,2026-04-01,2276756.92,Cheque físico
3161,3405,2025-09-22,298050.19,Transferencia
3162,3406,2025-11-11,214576.3,eCheq
3163,3407,2025-12-21,891167.05,Transferencia
3164,3408,2026-03-06,1243123.2,Transferencia
3165,3409,2025-09-24,1330522.69,eCheq
3166,3410,2026-06-21,523682.54,Transferencia
3167,3411,2026-01-10,172926.26,eCheq
3168,3411,2026-02-06,121480.43,Transferencia
3169,3412,2026-03-08,725501.8,Transferencia
3170,3412,2026-03-29,357289.54,Transferencia
3171,3413,2025-11-20,1596780.1,Transferencia
3172,3414,2025-08-01,476314.17,Efectivo
3173,3415,2025-12-08,1431671.46,eCheq
3174,3416,2026-06-20,1257047.26,Transferencia
3175,3417,2025-11-08,939710.11,eCheq
3176,3419,2025-11-16,954001.27,eCheq
3177,3420,2025-09-19,589971.91,Transferencia
3178,3420,2025-09-28,548938.59,eCheq
3179,3421,2025-04-23,16080538.33,eCheq
3180,3423,2026-06-16,6148995.28,eCheq
3181,3424,2025-02-23,13715079.29,eCheq
3182,3425,2026-09-23,7386077.46,eCheq
3183,3426,2026-01-25,2428502.06,eCheq
3184,3427,2025-07-02,7229695.4,eCheq
3185,3428,2025-09-09,3382750.56,Transferencia
3186,3429,2026-07-29,13149428.85,Transferencia
3187,3430,2026-04-27,17124859.91,eCheq
3188,3431,2026-09-20,11292824.19,Transferencia
3189,3432,2026-02-09,11000927.64,Cheque físico
3190,3433,2026-03-24,7855409.82,Transferencia
3191,3434,2026-05-18,2448243.38,Transferencia
3192,3435,2025-02-18,14001614.34,eCheq
3193,3436,2025-08-22,5494354.75,Transferencia
3194,3437,2026-03-15,6902323.83,eCheq
3195,3438,2026-08-25,4583166.08,Transferencia
3196,3440,2026-01-04,16113347.36,Transferencia
3197,3441,2026-01-24,13383112.34,Transferencia
3198,3442,2026-09-17,16777045.66,Cheque físico
3199,3443,2026-07-23,15290901.68,Transferencia
3200,3444,2026-07-09,4627232.96,Transferencia
3201,3445,2025-10-04,10010225.3,Transferencia
3202,3446,2026-03-21,8237466.08,eCheq
3203,3447,2025-11-05,3072238.73,Transferencia
3204,3448,2026-01-04,7023315.06,Transferencia
3205,3449,2025-06-17,5662369.65,Transferencia
3206,3450,2025-04-28,7417943.29,Transferencia
3207,3451,2025-05-09,313163.96,Transferencia
3208,3452,2026-09-16,180280.03,Transferencia
3209,3453,2026-01-29,1704156.1,Transferencia
3210,3454,2025-09-30,1629838.97,Efectivo
3211,3455,2026-05-29,873323.24,eCheq
3212,3456,2025-11-11,599295.65,eCheq
3213,3457,2026-03-15,195859.54,Transferencia
3214,3458,2025-05-21,393500.41,Efectivo
3215,3461,2025-04-01,1657681.71,eCheq
3216,3463,2026-05-06,283164.45,Transferencia
3217,3467,2026-08-20,116681.9,Transferencia
3218,3469,2025-07-30,1100268.46,eCheq
3219,3472,2026-07-06,2079185.66,Transferencia
3220,3473,2026-09-13,2712846.7,eCheq
3221,3474,2026-02-05,1388087.3,Cheque físico
3222,3475,2026-09-15,1012443.08,Cheque físico
3223,3476,2025-09-09,1841314.1,Transferencia
3224,3477,2025-07-08,2255169.22,Transferencia
3225,3478,2025-10-12,1477486.71,eCheq
3226,3479,2026-09-15,2783478.88,Cheque físico
3227,3480,2026-04-05,2506266.45,eCheq
3228,3481,2026-01-20,1565190.5,Efectivo
3229,3482,2026-09-12,2455179.94,eCheq
3230,3483,2025-05-04,2626841.52,eCheq
3231,3484,2025-10-04,2229303.04,Transferencia
3232,3485,2025-03-13,5452790.48,Transferencia
3233,3486,2025-12-11,6188241.95,Cheque físico
3234,3487,2025-12-11,6808436.43,eCheq
3235,3488,2026-05-30,6811125.15,Transferencia
3236,3489,2026-07-18,4187261.43,Transferencia
3237,3490,2025-12-15,6561097.44,Transferencia
3238,3491,2025-06-07,5431690.8,eCheq
3239,3492,2026-09-27,3218237.15,Cheque físico
3240,3493,2026-09-22,1790887.76,Transferencia
3241,3493,2026-09-30,2704459.86,Transferencia
3242,3494,2026-07-03,4058708.41,Cheque físico
3243,3495,2025-09-08,1238262.57,eCheq
3244,3496,2025-02-25,3189067.27,Transferencia
3245,3497,2026-04-19,2810197.9,Transferencia
3246,3498,2025-08-10,3405315.41,Transferencia
3247,3499,2026-01-04,2345844.42,Transferencia
3248,3500,2025-11-10,881098.82,Transferencia
3249,3502,2025-03-16,1380388.72,Transferencia
3250,3503,2025-07-30,892445.84,eCheq
3251,3503,2025-08-20,1657378.03,Transferencia
3252,3504,2026-02-05,3335483.86,eCheq
3253,3504,2026-03-11,1686260.67,eCheq
3254,3505,2025-06-20,2371347.57,Transferencia
3255,3506,2026-08-24,940338.15,Efectivo
3256,3507,2025-03-31,2604390.02,eCheq
3257,3508,2026-09-27,3278251.49,Transferencia
3258,3509,2025-10-12,714459.11,eCheq
3259,3510,2025-09-24,1789129.81,eCheq
3260,3511,2026-06-17,1533296.05,eCheq
3261,3511,2026-06-25,924046.05,Transferencia
3262,3512,2026-09-11,1299021.03,Cheque físico
3263,3514,2025-08-15,911479.65,Cheque físico
3264,3515,2026-07-08,973734.77,eCheq
3265,3516,2025-04-27,344609.34,Transferencia
3266,3516,2025-06-04,364615.13,eCheq
3267,3517,2026-02-05,2708771.42,Cheque físico
3268,3518,2026-09-11,2407920.32,Transferencia
3269,3519,2026-01-21,1282922.2,Transferencia
3270,3520,2026-06-11,2430200.95,Transferencia
3271,3523,2025-10-06,2334109.54,Transferencia
3272,3525,2025-09-09,556968.51,Transferencia
3273,3526,2026-07-12,1497218.96,eCheq
3274,3528,2026-04-27,1690084.93,Transferencia
3275,3529,2025-03-27,1590471.76,Cheque físico
3276,3530,2026-09-11,2146419.37,eCheq
3277,3531,2025-08-13,10346740.37,eCheq
3278,3532,2026-03-28,8595544.23,eCheq
3279,3533,2026-04-05,8233014.6,Transferencia
3280,3534,2026-09-04,11305378.21,Transferencia
3281,3535,2026-02-16,4452306.63,Transferencia
3282,3535,2026-03-02,3026384.49,eCheq
3283,3536,2026-05-31,26464374.58,eCheq
3284,3537,2025-07-30,11383654.73,Transferencia
3285,3538,2025-09-02,9698074.33,Transferencia
3286,3539,2025-04-18,4047564.47,Transferencia
3287,3539,2025-05-20,9260199.33,Transferencia
3288,3540,2025-02-28,21543421.07,Transferencia
3289,3541,2025-12-22,10187693.96,eCheq
3290,3542,2026-05-31,15560909.72,Transferencia
3291,3543,2026-06-21,10535301.44,Transferencia
3292,3543,2026-07-22,17252722.21,Transferencia
3293,3544,2026-02-14,8248592.05,Transferencia
3294,3544,2026-03-06,10497023.71,eCheq
3295,3545,2026-04-09,13544424.05,eCheq
3296,3546,2025-10-25,16212784.28,eCheq
3297,3547,2026-01-14,5747659.4,Cheque físico
3298,3548,2025-05-09,16560020.67,Transferencia
3299,3549,2026-05-24,13729091.09,Transferencia
3300,3550,2025-10-14,23271378.19,Transferencia
3301,3551,2025-12-28,7223395.75,Transferencia
3302,3551,2026-01-26,11022227.12,Transferencia
3303,3553,2025-09-20,10033158.83,Transferencia
3304,3554,2025-06-10,7178616.11,Transferencia
3305,3555,2025-10-03,15312739.84,Transferencia
3306,3557,2025-12-08,17437580.26,Transferencia
3307,3558,2026-09-28,5536657.27,Transferencia
3308,3559,2025-08-15,5364284.29,eCheq
3309,3560,2025-12-24,27463280.74,Transferencia
3310,3561,2025-05-05,18744924.65,Transferencia
3311,3563,2025-06-19,24034366.14,Transferencia
3312,3566,2026-01-17,259727.86,Cheque físico
3313,3567,2026-03-13,1690973.54,eCheq
3314,3568,2026-03-25,1106379.87,Transferencia
3315,3569,2026-09-19,1150755.7,Transferencia
3316,3571,2026-07-22,303602.03,Transferencia
3317,3571,2026-08-15,698005.63,eCheq
3318,3572,2026-05-03,1105913.03,eCheq
3319,3574,2025-12-23,934633.12,Transferencia
3320,3575,2026-04-23,1690542.29,eCheq
3321,3576,2026-04-13,1688752.78,Cheque físico
3322,3577,2026-07-05,216157.72,Transferencia
3323,3578,2026-09-28,943642.73,Transferencia
3324,3581,2026-07-15,1412389.16,eCheq
3325,3582,2026-04-04,1741483.73,Transferencia
3326,3583,2026-01-31,418829.34,eCheq
3327,3584,2026-02-24,1017267.86,eCheq
3328,3585,2026-05-14,1549682.55,Transferencia
3329,3586,2026-03-26,441375.43,eCheq
3330,3587,2026-03-16,245308.19,eCheq
3331,3588,2026-07-07,1110052.64,eCheq
3332,3589,2026-01-16,197739.38,eCheq
3333,3590,2026-01-27,1475815.0,Transferencia
3334,3591,2026-01-17,787399.62,eCheq
3335,3592,2026-08-03,1613284.1,Efectivo
3336,3593,2025-04-11,638078.56,Transferencia
3337,3594,2026-01-23,876881.42,eCheq
3338,3595,2026-07-21,610247.63,Transferencia
3339,3597,2025-12-04,942590.5,Transferencia
3340,3598,2025-11-17,841345.1,Efectivo
3341,3598,2025-12-16,384328.61,Transferencia
3342,3599,2026-04-29,1681703.81,Transferencia
3343,3601,2025-08-08,643506.43,eCheq
3344,3602,2026-04-26,922986.97,Transferencia
3345,3603,2026-06-21,1343618.43,eCheq
3346,3604,2026-06-29,1672952.82,Transferencia
3347,3605,2025-06-24,587626.26,eCheq
3348,3606,2025-02-07,983598.22,eCheq
3349,3608,2025-06-05,902937.0,Cheque físico
3350,3609,2025-02-22,1354038.83,Transferencia
3351,3610,2025-06-12,321212.0,Cheque físico
3352,3611,2025-11-23,3232534.99,Cheque físico
3353,3612,2025-05-15,1199319.72,Cheque físico
3354,3613,2026-08-03,1938379.84,eCheq
3355,3614,2026-06-04,2193570.8,Transferencia
3356,3615,2025-07-30,609340.38,Transferencia
3357,3616,2026-09-15,3069580.4,Transferencia
3358,3617,2025-02-22,3372365.19,Efectivo
3359,3618,2026-01-31,3478814.42,eCheq
3360,3619,2025-08-31,2473704.61,Cheque físico
3361,3620,2025-07-07,1634436.83,Transferencia
3362,3621,2026-09-25,759859.47,Transferencia
3363,3622,2025-08-25,710436.86,Transferencia
3364,3623,2026-06-11,3403991.21,Efectivo
3365,3624,2025-10-07,1376510.22,Transferencia
3366,3625,2025-07-12,502970.76,eCheq
3367,3626,2026-04-28,2393976.41,Transferencia
3368,3627,2025-10-16,802861.39,Cheque físico
3369,3628,2026-01-18,604381.74,Cheque físico
3370,3629,2026-01-06,2052037.88,eCheq
3371,3630,2026-05-04,487512.79,Transferencia
3372,3631,2025-09-15,2511139.86,eCheq
3373,3632,2025-01-28,476121.31,eCheq
3374,3633,2025-10-28,819293.73,eCheq
3375,3634,2026-07-13,2075369.37,Transferencia
3376,3635,2025-03-26,2384946.02,eCheq
3377,3636,2025-06-03,535945.27,eCheq
3378,3637,2026-01-12,1733431.03,Transferencia
3379,3639,2026-05-08,275276.99,Cheque físico
3380,3640,2026-07-27,798958.85,Transferencia
3381,3641,2026-08-03,894946.1,Efectivo
3382,3642,2025-10-05,36574747.43,Transferencia
3383,3643,2026-06-12,24934924.73,Transferencia
3384,3645,2025-12-25,31321825.44,eCheq
3385,3647,2026-03-22,4846523.35,Transferencia
3386,3648,2025-08-18,11371567.51,eCheq
3387,3650,2025-07-06,40716928.34,Transferencia
3388,3651,2025-11-08,10562518.82,Transferencia
3389,3652,2026-09-07,29796838.5,Cheque físico
3390,3653,2026-02-26,13292938.51,eCheq
3391,3654,2026-01-27,25848353.39,eCheq
3392,3655,2026-09-14,39390751.72,Transferencia
3393,3656,2025-09-12,38981609.37,Transferencia
3394,3657,2026-07-03,10407018.04,Transferencia
3395,3658,2026-07-04,17658517.9,eCheq
3396,3659,2025-05-07,9752270.49,eCheq
3397,3659,2025-06-16,12491938.4,Transferencia
3398,3660,2026-09-10,28650517.71,Transferencia
3399,3662,2026-03-01,16437591.45,Transferencia
3400,3663,2026-04-27,15878251.38,eCheq
3401,3663,2026-05-07,6898376.81,Transferencia
3402,3665,2026-06-05,35299912.11,eCheq
3403,3667,2026-04-18,23964118.1,eCheq
3404,3669,2026-03-17,41147838.03,Transferencia
3405,3670,2026-03-26,20202178.66,Transferencia
3406,3671,2026-07-15,25396370.76,Efectivo
3407,3672,2026-02-25,29119605.12,Cheque físico
3408,3673,2026-08-21,27333600.2,eCheq
3409,3674,2026-05-10,29628631.96,eCheq
3410,3675,2026-04-15,27613455.05,eCheq
3411,3677,2026-09-01,465128.48,Transferencia
3412,3678,2025-09-28,131103.96,Transferencia
3413,3678,2025-10-26,104944.83,Transferencia
3414,3679,2026-07-05,168577.96,Transferencia
3415,3680,2026-07-21,451130.51,Transferencia
3416,3681,2026-05-19,575026.9,Cheque físico
3417,3682,2026-05-24,395985.32,Cheque físico
3418,3683,2026-09-11,180632.91,Transferencia
3419,3684,2026-03-31,253884.07,Transferencia
3420,3685,2025-09-21,353502.76,Transferencia
3421,3686,2026-01-29,60837.09,eCheq
3422,3687,2026-01-16,126150.25,Transferencia
3423,3688,2026-06-27,207495.03,Transferencia
3424,3690,2025-04-29,2054303.32,eCheq
3425,3691,2025-04-30,2485441.99,Transferencia
3426,3693,2025-11-29,1755261.71,Transferencia
3427,3695,2026-06-22,463219.34,Transferencia
3428,3696,2026-07-04,1591948.6,Cheque físico
3429,3697,2026-05-22,2152094.79,Transferencia
3430,3698,2025-02-05,2919743.57,Efectivo
3431,3699,2026-07-03,955951.8,Transferencia
3432,3700,2025-07-25,2877697.97,eCheq
3433,3701,2026-05-01,981813.54,Cheque físico
3434,3702,2025-10-22,2284611.42,eCheq
3435,3703,2025-08-10,676589.08,eCheq
3436,3704,2025-09-25,1086254.38,eCheq
3437,3705,2025-12-15,2687560.45,Transferencia
3438,3706,2026-08-26,2408764.9,eCheq
3439,3707,2025-01-31,939689.54,Transferencia
3440,3708,2025-12-23,794448.27,Transferencia
3441,3709,2026-01-11,808651.69,eCheq
3442,3710,2026-02-21,1519511.68,eCheq
3443,3711,2025-07-18,3212814.38,Efectivo
3444,3712,2025-02-14,1708534.04,Transferencia
3445,3713,2026-08-07,740746.56,Transferencia
3447,3720,2026-08-21,2333729.59,Transferencia
3449,3723,2026-04-07,515874.93,eCheq
3450,3724,2026-05-29,443536.6,Cheque físico
3451,3725,2026-09-09,816366.98,Transferencia
3452,3726,2026-09-01,692482.0,eCheq
3453,3727,2026-06-16,445139.81,Cheque físico
3454,3728,2026-09-26,9317263.14,Transferencia
3455,3730,2026-06-03,13247800.92,eCheq
3456,3732,2026-01-28,4657510.5,Transferencia
3457,3733,2025-10-05,12594892.34,Transferencia
3458,3734,2026-01-23,6026682.85,eCheq
3459,3735,2026-01-21,7190342.5,Transferencia
3460,3736,2025-09-06,8283402.8,Transferencia
3461,3737,2026-01-08,14209311.84,Transferencia
3462,3738,2025-08-14,10467851.5,Transferencia
3463,3739,2026-08-17,5097361.82,Transferencia
3464,3739,2026-09-14,8303727.44,Cheque físico
3465,3740,2026-06-27,9044786.52,eCheq
3466,3741,2026-04-26,5948067.42,eCheq
3467,3741,2026-05-16,2860598.64,Cheque físico
3468,3742,2026-07-01,12379527.38,Efectivo
3469,3743,2026-04-03,17233185.11,Transferencia
3470,3744,2026-08-20,4701831.91,eCheq
3471,3744,2026-09-05,8997715.57,Transferencia
3472,3745,2026-02-02,6060567.5,eCheq
3473,3747,2026-04-28,2181038.52,eCheq
3474,3748,2026-03-24,4212955.47,eCheq
3475,3749,2025-10-27,623633.96,eCheq
3476,3750,2025-07-04,248125.55,Transferencia
3477,3751,2025-10-18,155295.55,eCheq
3478,3752,2025-09-19,550557.37,eCheq
3479,3753,2026-04-16,320137.65,eCheq
3480,3754,2026-05-03,343921.16,eCheq
3481,3755,2026-01-20,308429.03,eCheq
3482,3756,2025-09-29,688965.16,Transferencia
3483,3757,2025-12-18,271379.97,Transferencia
3484,3760,2026-03-10,3217384.81,eCheq
3485,3762,2026-05-17,1341546.32,Transferencia
3486,3764,2026-06-13,2920469.48,Cheque físico
3487,3766,2026-09-22,2023718.39,Cheque físico
3488,3767,2026-08-21,3630443.3,eCheq
3489,3768,2026-08-30,1014264.4,Transferencia
3490,3768,2026-09-12,1285526.11,Cheque físico
3491,3771,2026-05-04,1244922.33,Transferencia
3492,3772,2026-06-18,1545358.8,Efectivo
3493,3772,2026-07-25,2742894.58,Transferencia
3494,3773,2026-05-31,2638382.85,eCheq
3495,3774,2026-03-24,3193915.99,eCheq
3496,3775,2026-07-25,2412470.0,Transferencia
3497,3777,2026-04-27,4829717.27,Cheque físico
3498,3778,2026-07-25,3859044.06,eCheq
3499,3779,2026-02-26,4191194.1,Cheque físico
3500,3782,2026-01-20,1484730.2,Transferencia
3501,3784,2026-07-29,909441.29,eCheq
3502,3784,2026-08-12,1840406.05,Cheque físico
3503,3785,2025-08-02,971927.81,Transferencia
3504,3786,2025-10-31,4400909.2,Transferencia
3505,3787,2025-11-29,846886.1,eCheq
3506,3788,2025-09-17,2436085.28,Transferencia
3507,3789,2026-05-24,3084068.06,Transferencia
3508,3789,2026-06-18,2012436.57,Transferencia
3509,3790,2025-09-18,2470734.7,Cheque físico
3510,3791,2025-04-29,1141072.31,Transferencia
3511,3792,2026-05-05,4786418.04,Transferencia
3512,3794,2025-07-02,4158486.7,Transferencia
3513,3796,2025-11-10,2201882.09,Transferencia
3514,3797,2026-03-30,1758688.06,Transferencia
3515,3798,2025-06-07,4630189.52,Transferencia
3516,3799,2025-08-19,4581293.61,Transferencia
3517,3800,2025-09-19,2350535.15,eCheq
3518,3801,2025-06-13,1049070.04,eCheq
3519,3801,2025-06-22,2153907.81,Transferencia
3520,3802,2026-01-26,3062990.7,Transferencia
3521,3803,2026-04-07,3922343.95,eCheq
3522,3804,2025-03-16,1965404.19,Cheque físico
3523,3805,2025-04-08,3222666.79,Transferencia
3524,3806,2026-01-18,1569778.79,Transferencia
3526,3808,2026-03-23,2086038.69,eCheq
3527,3810,2025-06-23,1489602.81,Transferencia
3528,3811,2025-12-01,2090067.72,eCheq
3529,3812,2026-02-22,2615875.63,Transferencia
3530,3813,2026-03-04,1435736.5,Efectivo
3531,3814,2026-04-08,257168.59,eCheq
3532,3815,2026-06-07,616844.57,Transferencia
3533,3816,2025-10-18,1291314.98,eCheq
3534,3817,2025-05-25,550479.5,Transferencia
3535,3818,2025-08-08,307557.26,eCheq
3536,3819,2025-05-28,913653.33,eCheq
3537,3819,2025-06-05,835638.88,Transferencia
3538,3820,2025-10-01,1871379.64,eCheq
3539,3820,2025-11-08,914959.38,Transferencia
3540,3821,2025-08-29,4276375.94,Transferencia
3541,3822,2025-11-23,9341094.86,Transferencia
3542,3823,2025-07-17,7915899.55,Transferencia
3543,3824,2025-12-09,5691610.51,eCheq
3544,3825,2026-02-25,7184211.41,Transferencia
3545,3827,2025-04-10,4061818.17,Transferencia
3546,3827,2025-04-22,4924774.44,Transferencia
3547,3828,2026-07-11,1974584.88,Transferencia
3548,3829,2025-04-13,2943720.22,Transferencia
3549,3830,2025-10-03,1280213.31,eCheq
3550,3831,2026-03-15,3128570.88,Transferencia
3551,3832,2025-08-20,1411327.54,Transferencia
3552,3833,2025-07-16,1991869.22,Cheque físico
3553,3834,2025-09-13,3687675.17,Transferencia
3554,3836,2026-06-30,5802558.83,Transferencia
3555,3837,2026-05-19,4485808.03,Transferencia
3556,3838,2026-07-02,3173039.91,Transferencia
3557,3838,2026-07-15,4377102.93,eCheq
3558,3839,2025-10-04,3797370.72,Transferencia
3559,3840,2025-05-13,1559612.75,Efectivo
3560,3841,2025-08-24,849511.24,Transferencia
3561,3841,2025-09-21,532061.55,Transferencia
3562,3842,2026-02-19,10421388.7,Transferencia
3563,3843,2026-03-17,9443156.99,eCheq
3564,3846,2025-11-30,3453815.66,Transferencia
3565,3847,2026-01-01,2300706.33,Transferencia
3566,3849,2025-03-12,1925320.52,Transferencia
3567,3850,2025-06-30,2955627.75,eCheq
3568,3851,2025-11-02,4449224.89,Cheque físico
3569,3852,2025-05-29,1867156.37,Cheque físico
3570,3853,2025-12-27,5297333.43,Transferencia
3571,3854,2025-08-08,4589743.37,Cheque físico
3572,3855,2026-01-06,4895768.16,Transferencia
3573,3856,2025-11-07,8513248.4,Transferencia
3574,3858,2025-05-22,8107192.57,Transferencia
3575,3859,2026-02-18,8898722.07,eCheq
3576,3860,2025-04-20,4904357.6,Transferencia
3577,3861,2025-07-09,2692938.0,eCheq
3578,3862,2025-02-05,16102086.92,Transferencia
3579,3863,2025-03-19,15987136.91,eCheq
3580,3864,2026-08-04,13210915.08,Transferencia
3581,3866,2026-07-30,6948705.67,Transferencia
3582,3867,2026-04-22,12646278.59,eCheq
3583,3868,2026-06-05,10280868.19,Transferencia
3584,3869,2025-12-25,10982379.58,Transferencia
3585,3870,2025-11-21,4060518.21,Transferencia
3586,3872,2025-05-02,4962385.75,eCheq
3587,3875,2025-06-23,14761577.39,Transferencia
3588,3877,2025-12-16,8473436.79,eCheq
3589,3878,2026-08-18,2685645.66,Cheque físico
3590,3881,2025-12-21,16805469.31,Transferencia
3591,3882,2025-07-08,4397636.2,Transferencia
3592,3882,2025-08-15,8611532.68,Transferencia
3593,3883,2025-07-05,4983652.84,Efectivo
3594,3884,2025-11-28,4428492.13,Transferencia
3595,3885,2025-06-17,3860823.5,Transferencia
3596,3886,2025-04-29,11575710.44,Efectivo
3597,3887,2025-12-27,5450352.42,Transferencia
3598,3888,2025-03-17,8842156.47,eCheq
3599,3888,2025-04-03,5674524.54,eCheq
3600,3890,2026-03-16,16059280.45,eCheq
3601,3891,2026-07-20,9288717.73,Transferencia
3602,3892,2025-04-07,1827426.46,Cheque físico
3603,3895,2026-05-24,14369230.74,Transferencia
3604,3896,2025-12-14,15665803.8,Transferencia
3605,3897,2025-08-06,9266337.63,Efectivo
3606,3898,2025-10-12,10794881.65,eCheq
3607,3899,2026-07-29,10724930.91,Efectivo
3608,3900,2025-03-12,2354862.17,eCheq
3609,3901,2025-05-15,3934812.15,Transferencia
3610,3902,2025-04-13,5242991.9,Transferencia
3611,3903,2025-12-06,5125496.93,eCheq
3612,3904,2025-01-30,3771956.66,Transferencia
3613,3905,2025-11-06,4815184.24,Transferencia
3614,3906,2026-01-15,3518839.14,Transferencia
3615,3907,2025-02-01,5795946.47,eCheq
3616,3908,2025-10-18,4135647.74,eCheq
3617,3909,2026-01-15,1245258.39,eCheq
3618,3910,2026-01-09,4518935.59,Transferencia
3619,3911,2025-05-17,765822.01,Transferencia
3620,3912,2025-09-13,6854892.72,eCheq
3621,3913,2026-01-12,5297437.96,Transferencia
3622,3914,2025-06-15,1500267.52,eCheq
3623,3915,2026-05-30,6157601.12,Transferencia
3624,3916,2025-08-04,1985467.65,Cheque físico
3625,3917,2026-07-30,5822449.19,Transferencia
3626,3918,2025-12-15,4918371.46,eCheq
3627,3919,2025-04-03,6380210.84,eCheq
3628,3920,2025-10-08,315481.34,Transferencia
3629,3921,2026-06-24,1003761.64,Cheque físico
3630,3922,2025-11-16,155013.39,Transferencia
3631,3923,2025-11-12,325105.37,Transferencia
3632,3923,2025-12-15,261978.64,eCheq
3633,3924,2026-07-14,273897.64,Cheque físico
3634,3925,2025-09-27,109239.02,Transferencia
3635,3925,2025-11-02,182000.45,Transferencia
3636,3926,2026-09-18,91179.49,Transferencia
3637,3927,2025-09-10,153010.35,Transferencia
3638,3928,2026-02-05,215981.64,Efectivo
3639,3928,2026-02-19,225749.79,eCheq
3640,3929,2025-11-07,741854.65,eCheq
3641,3930,2026-07-31,272712.8,eCheq
3642,3930,2026-09-09,262969.97,Cheque físico
3643,3931,2026-06-11,566944.43,Transferencia
3646,3937,2026-07-09,568685.95,Transferencia
3649,3943,2026-06-30,995429.12,Transferencia
3650,3945,2026-07-24,544286.81,Transferencia
3651,3945,2026-08-20,282732.32,eCheq
3652,3947,2026-07-24,522168.57,eCheq
3653,3949,2026-09-26,357767.55,Transferencia
3654,3950,2026-02-21,938627.83,Transferencia
3655,3954,2026-08-03,883576.18,eCheq
3656,3959,2025-04-21,4072860.9,Efectivo
3657,3962,2025-07-16,1811423.04,Transferencia
3658,3963,2025-08-08,734101.69,Transferencia
3659,3965,2025-04-19,2898501.88,eCheq
3660,3966,2026-08-13,222910.64,eCheq
3661,3967,2025-06-24,2149678.69,eCheq
3662,3968,2026-04-12,683333.0,Transferencia
3663,3969,2025-03-26,4393771.34,Transferencia
3664,3970,2025-02-26,3522373.01,eCheq
3665,3971,2026-03-01,12189207.53,Transferencia
3666,3972,2025-08-14,8109393.57,Transferencia
3667,3973,2026-02-24,10065042.02,eCheq
3668,3974,2026-05-11,2460421.27,Transferencia
3669,3975,2025-04-27,4427558.76,eCheq
3670,3977,2026-03-26,15514322.36,Transferencia
3671,3978,2026-08-29,6558436.04,Cheque físico
3672,3979,2026-06-28,14432723.43,eCheq
3673,3980,2025-08-20,7230056.55,Transferencia
3674,3981,2025-12-30,10547900.01,Transferencia
3675,3982,2026-06-09,6016987.06,Transferencia
3676,3983,2025-09-07,7742793.83,eCheq
3677,3984,2026-08-01,7326471.07,Cheque físico
3678,3986,2026-01-27,7632020.47,Transferencia
3679,3986,2026-02-11,4319574.34,Cheque físico
3680,3987,2025-12-24,14457219.0,Transferencia
3681,3988,2025-07-31,13590657.29,Transferencia
3682,3989,2026-09-11,1000696.13,Cheque físico
3683,3990,2025-10-12,2666202.4,Cheque físico
3684,3991,2026-04-21,472461.75,Transferencia
3685,3992,2026-04-09,2098326.31,Transferencia
3686,3993,2026-01-18,2397371.95,Transferencia
3687,3994,2025-09-04,2097658.41,eCheq
3688,3995,2026-04-15,2107129.58,Transferencia
3689,3996,2026-05-25,1286787.34,Transferencia
3690,3998,2026-09-13,159373.45,eCheq
3691,3999,2026-03-25,610609.42,Transferencia
3692,3999,2026-04-20,390425.78,eCheq
3693,4000,2026-06-16,1419026.54,Cheque físico
3695,4002,2026-04-15,659352.92,Transferencia
3696,4004,2026-03-24,1294722.51,Transferencia
3697,4006,2025-08-30,637441.09,Transferencia
3698,4007,2025-10-02,3312292.77,Transferencia
3699,4008,2026-04-07,2443493.27,eCheq
3700,4009,2025-01-25,713948.36,Transferencia
3701,4009,2025-03-01,1267604.91,Transferencia
3702,4010,2025-06-07,3320055.53,eCheq
3703,4011,2025-10-28,1410942.7,eCheq
3704,4012,2025-05-12,1050647.07,eCheq
3705,4013,2026-06-18,2609059.85,Transferencia
3706,4014,2025-06-25,929158.97,Transferencia
3707,4015,2026-03-17,3063917.23,Transferencia
3708,4016,2026-04-01,563879.91,Transferencia
3709,4017,2026-01-20,745460.91,Transferencia
3710,4018,2025-12-26,131370.37,Transferencia
3711,4019,2025-09-26,465193.48,Transferencia
3712,4020,2025-12-25,190208.63,eCheq
3713,4021,2025-03-01,386125.92,Transferencia
3714,4022,2025-03-24,744699.85,Transferencia
3715,4023,2026-06-04,931672.08,Cheque físico
3716,4024,2025-11-18,192354.42,eCheq
3717,4025,2026-01-27,521167.18,Cheque físico
3718,4026,2026-04-03,631094.23,eCheq
3719,4027,2026-01-09,601582.5,Transferencia
3720,4028,2026-03-29,529421.04,Cheque físico
3721,4029,2026-06-06,519695.29,Transferencia
3722,4030,2026-05-09,140289.5,Transferencia
3723,4031,2025-05-02,503913.7,Cheque físico
3724,4032,2025-09-27,1032889.55,Transferencia
3725,4033,2026-04-07,92633.24,eCheq
3726,4034,2025-09-12,14422347.63,Transferencia
3727,4035,2025-10-27,11723670.27,Transferencia
3728,4036,2025-05-06,16545705.37,Cheque físico
3729,4037,2026-04-07,22564394.3,eCheq
3730,4038,2026-06-03,2904856.49,Cheque físico
3731,4039,2026-03-25,17631543.4,Transferencia
3732,4039,2026-04-16,8240414.85,Transferencia
3733,4040,2026-01-14,23438447.5,Transferencia
3734,4041,2026-08-31,10673338.78,Efectivo
3735,4042,2026-07-04,24563017.22,Transferencia
3736,4043,2026-09-18,22912464.34,eCheq
3737,4044,2025-12-15,8736526.27,eCheq
3738,4046,2026-01-28,7442566.56,eCheq
3739,4047,2026-04-26,3767388.36,Transferencia
3740,4047,2026-06-01,4734668.05,eCheq
3741,4048,2025-04-21,21319765.53,Transferencia
3742,4049,2026-06-27,5521640.88,Transferencia
3743,4050,2026-08-04,15351155.54,Transferencia
3744,4053,2025-09-21,7646831.27,eCheq
3745,4054,2025-09-01,2683840.9,eCheq
3746,4054,2025-09-19,2856587.13,Cheque físico
3747,4056,2026-01-20,26670727.06,Transferencia
3748,4057,2026-04-01,23649221.96,Efectivo
3749,4058,2026-04-15,12399047.09,Transferencia
3750,4059,2025-08-03,12687856.23,Transferencia
3751,4060,2026-05-17,14983684.33,Cheque físico
3752,4061,2026-07-25,20821163.07,Transferencia
3753,4062,2026-06-16,3599844.66,eCheq
3754,4063,2025-09-03,17404557.31,Cheque físico
3755,4064,2025-06-04,14969892.95,Transferencia
3756,4066,2026-08-05,6745298.65,Transferencia
3757,4066,2026-08-12,4885877.59,Transferencia
3758,4068,2026-07-13,22461090.22,Transferencia
3759,4069,2026-08-10,5976131.31,Transferencia
3760,4070,2025-06-01,8691301.19,Transferencia
3761,4071,2025-10-30,27995510.02,eCheq
3762,4072,2025-07-11,2285620.89,Transferencia
3763,4072,2025-08-05,2891831.18,Transferencia
3764,4073,2025-10-25,11268917.93,Transferencia
3765,4074,2026-05-29,26915734.78,Transferencia
3766,4075,2025-11-04,10801369.73,Cheque físico
3767,4076,2026-05-28,27318446.14,eCheq
3768,4077,2026-02-12,20591125.47,Transferencia
3769,4078,2026-05-27,19125154.02,eCheq
3770,4080,2025-05-30,22237785.11,eCheq
3771,4081,2026-06-15,13175171.22,Transferencia
3772,4082,2026-09-03,9669305.64,eCheq
3773,4083,2025-08-19,13513142.11,Cheque físico
3774,4084,2025-05-02,4715669.98,Transferencia
3775,4085,2025-06-03,17931968.64,eCheq
3776,4086,2025-07-09,23819120.41,Transferencia
3777,4087,2026-02-21,18705708.33,Cheque físico
3778,4088,2026-03-24,6790959.9,Transferencia
3779,4089,2025-05-22,12401563.52,eCheq
3780,4091,2025-08-29,21133906.01,eCheq
3781,4093,2025-04-27,18866047.95,Transferencia
3782,4094,2025-11-17,25285591.92,Transferencia
3783,4095,2025-08-18,21677402.49,eCheq
3784,4096,2026-08-25,1796739.63,Transferencia
3785,4097,2025-12-20,2615354.19,Transferencia
3786,4098,2026-08-19,685159.04,Transferencia
3787,4099,2025-05-28,2176616.69,Transferencia
3788,4100,2026-04-11,1258462.54,Transferencia
3789,4101,2025-09-22,1104136.28,Transferencia
3790,4102,2026-02-19,1280093.74,Transferencia
3791,4103,2025-09-17,2284511.1,eCheq
3792,4104,2025-05-29,2702002.05,Transferencia
3793,4105,2025-10-10,2366096.67,eCheq
3794,4106,2026-08-03,2729428.13,Transferencia
3795,4108,2026-05-26,232116.69,eCheq
3796,4111,2026-06-15,494565.52,Transferencia
3797,4112,2026-05-03,1573515.07,Transferencia
3798,4113,2025-04-07,3010971.2,eCheq
3799,4114,2025-05-14,480410.28,eCheq
3800,4115,2025-09-22,426375.32,eCheq
3801,4116,2025-06-30,1394740.76,Efectivo
3802,4117,2026-04-27,3131068.14,eCheq
3803,4118,2025-12-30,3384566.41,Transferencia
3804,4119,2026-04-06,2340711.57,eCheq
3805,4120,2026-03-20,3038146.18,eCheq
3806,4121,2026-01-16,1249396.2,Transferencia
3807,4122,2025-04-23,2916402.44,eCheq
3808,4123,2026-06-16,1566826.57,eCheq
3809,4125,2025-10-20,2557085.14,Transferencia
3810,4126,2026-03-12,2657643.06,Transferencia
3811,4127,2025-06-10,1343416.62,Transferencia
3812,4129,2025-10-19,1850953.28,Transferencia
3813,4130,2025-08-29,1165961.32,Transferencia
3814,4132,2025-12-15,1693480.48,eCheq
3815,4134,2025-04-18,2598138.36,eCheq
3816,4135,2026-03-24,975571.61,Transferencia
3817,4135,2026-04-17,436671.14,Transferencia
3818,4136,2026-04-22,2750187.73,eCheq
3819,4137,2025-02-24,1980818.65,Transferencia
3820,4138,2026-07-07,646448.93,Transferencia
3821,4139,2025-08-25,1095546.57,Transferencia
3822,4140,2025-08-20,1205129.21,Transferencia
3823,4141,2026-05-09,2120085.98,Cheque físico
3824,4142,2026-04-03,2599838.52,eCheq
3825,4143,2025-11-08,1436863.6,Transferencia
3826,4144,2025-10-20,2480610.75,Cheque físico
3827,4145,2025-12-13,1774708.06,Transferencia
3828,4146,2026-02-27,2467427.63,eCheq
3829,4147,2026-07-28,2686665.98,Transferencia
3830,4148,2025-11-04,1786421.47,eCheq
3831,4149,2026-02-08,453464.96,Transferencia
3832,4150,2025-05-20,827642.68,eCheq
3833,4151,2025-10-11,2464197.12,Transferencia
3834,4152,2026-09-21,2137476.07,eCheq
3835,4153,2025-09-07,1504536.55,Transferencia
3836,4154,2025-08-19,405908.75,Transferencia
3837,4155,2025-04-04,159446.19,Transferencia
3838,4156,2025-10-13,267113.86,Transferencia
3839,4158,2026-08-23,172586.39,Transferencia
3840,4158,2026-09-24,261306.66,Transferencia
3841,4159,2025-03-29,1483990.16,Transferencia
3842,4160,2025-04-18,1040297.36,eCheq
3843,4161,2025-06-14,1430902.04,Transferencia
3844,4162,2025-06-14,644729.86,Transferencia
3845,4162,2025-07-04,959849.19,eCheq
3846,4163,2026-07-26,264755.91,eCheq
3847,4164,2025-03-12,114006.87,Transferencia
3848,4165,2025-12-13,759978.24,eCheq
3849,4166,2026-04-16,243770.23,Cheque físico
3850,4167,2025-05-21,301432.86,Transferencia
3851,4168,2025-10-11,250766.69,Transferencia
3852,4169,2025-06-06,474855.69,eCheq
3853,4170,2026-09-12,484977.13,Transferencia
3854,4171,2026-05-18,857877.57,Transferencia
3855,4172,2026-02-13,483945.15,eCheq
3856,4173,2026-02-09,619398.38,Transferencia
3857,4173,2026-03-06,797707.02,Transferencia
3858,4174,2025-11-15,952880.95,Cheque físico
3859,4175,2026-05-11,249655.6,Transferencia
3860,4176,2025-03-05,1044612.05,eCheq
3861,4177,2026-05-17,586162.69,Transferencia
3862,4178,2025-03-17,284737.19,Transferencia
3863,4180,2026-09-06,191277.97,Transferencia
3864,4181,2025-03-29,727610.45,Transferencia
3865,4182,2025-10-14,826095.2,Transferencia
3866,4182,2025-10-20,683635.81,Transferencia
3867,4183,2025-03-29,791967.6,Cheque físico
3868,4184,2026-06-06,1433155.22,eCheq
3869,4185,2025-12-17,1015230.64,eCheq
3870,4186,2025-08-27,1159208.45,eCheq
3871,4188,2026-04-23,2341621.99,eCheq
3872,4189,2026-07-31,1429688.58,eCheq
3873,4190,2026-01-06,486869.21,Transferencia
3874,4191,2026-08-09,1024444.49,eCheq
3875,4192,2026-01-25,2503833.72,Transferencia
3876,4193,2026-09-05,415602.42,Transferencia
3877,4194,2025-08-10,456415.46,eCheq
3878,4195,2026-01-18,508375.89,Transferencia
3879,4197,2026-04-14,185086.84,Transferencia
3880,4198,2025-06-23,493490.63,Transferencia
3881,4199,2026-03-14,569481.2,eCheq
3882,4200,2026-05-15,319367.15,Transferencia
3883,4201,2025-10-14,591478.98,Transferencia
3884,4202,2025-05-22,323047.3,Transferencia
3885,4203,2025-10-31,502340.17,eCheq
3886,4204,2026-08-03,1664908.19,Transferencia
3887,4205,2025-01-30,965279.66,Cheque físico
3888,4206,2025-12-22,760667.58,Transferencia
3889,4207,2025-04-20,1436002.81,Transferencia
3890,4208,2025-11-01,666753.46,Transferencia
3891,4209,2026-04-13,352186.31,Transferencia
3892,4211,2026-06-06,256588.26,eCheq
3893,4212,2026-08-07,449670.9,Transferencia
3894,4213,2025-03-21,148709.08,Transferencia
3895,4214,2026-09-10,301431.59,Transferencia
3896,4215,2025-11-10,136768.0,eCheq
3897,4216,2025-04-18,1216397.64,eCheq
3898,4216,2025-05-17,1381147.76,Transferencia
3899,4217,2025-03-15,1206706.9,Transferencia
3900,4218,2025-05-31,2495237.14,Transferencia
3901,4219,2026-07-28,1770166.49,eCheq
3902,4220,2025-11-28,466707.39,Transferencia
3903,4220,2025-12-03,893985.55,Transferencia
3904,4221,2025-10-04,448375.42,Efectivo
3905,4222,2025-07-29,1668279.91,eCheq
3906,4223,2026-09-13,605449.97,Transferencia
3907,4224,2025-05-08,444372.89,Transferencia
3908,4224,2025-06-06,472167.25,eCheq
3909,4225,2026-05-31,497853.34,Transferencia
3910,4225,2026-06-10,1035599.36,Transferencia
3911,4226,2026-08-01,2547448.44,Transferencia
3912,4228,2026-09-07,3015576.45,eCheq
3913,4229,2025-04-23,1480709.81,eCheq
3914,4230,2025-06-30,517917.13,Efectivo
3915,4230,2025-08-01,794751.72,eCheq
3916,4231,2025-07-15,1998364.77,eCheq
3917,4234,2026-03-29,354691.57,eCheq
3918,4235,2025-06-16,482209.47,Transferencia
3919,4236,2026-01-05,3227604.2,Transferencia
3920,4237,2025-12-01,1404743.76,Transferencia
3921,4238,2026-04-30,1495203.29,eCheq
3922,4239,2026-07-20,2773223.91,eCheq
3923,4240,2026-05-07,3247673.86,Transferencia
3924,4241,2025-10-06,1854690.26,eCheq
3925,4242,2025-08-07,1356825.64,Cheque físico
3926,4244,2025-04-13,563331.21,Transferencia
3927,4245,2026-07-07,5469026.08,Transferencia
3928,4246,2025-12-13,4943318.93,eCheq
3929,4247,2025-09-23,985411.49,Transferencia
3930,4248,2025-12-06,5461492.07,Cheque físico
3931,4249,2025-12-02,1518413.85,eCheq
3932,4250,2026-02-20,1042820.11,eCheq
3933,4251,2026-04-06,1057270.91,Transferencia
3934,4251,2026-04-21,1943471.89,Transferencia
3935,4252,2025-09-07,3871181.03,Transferencia
3936,4253,2025-11-17,6264921.35,Transferencia
3937,4254,2026-04-14,1749171.96,eCheq
3938,4255,2026-09-10,1807000.57,eCheq
3939,4256,2026-03-28,1144184.87,Efectivo
3940,4257,2025-11-03,6906660.64,Transferencia
3941,4258,2025-09-02,3986502.2,eCheq
3942,4259,2026-03-28,947017.84,Transferencia
3943,4261,2025-09-24,4978582.28,Efectivo
3944,4263,2026-08-09,3568174.53,Transferencia
3945,4264,2026-02-05,1005110.76,Efectivo
3946,4264,2026-02-17,1507178.49,eCheq
3947,4265,2026-08-24,6109550.65,Cheque físico
3948,4266,2025-10-28,3043639.64,Transferencia
3949,4267,2026-09-20,915624.17,eCheq
3950,4269,2026-03-06,1985165.79,Transferencia
3951,4270,2026-03-19,965339.65,Efectivo
3952,4274,2026-04-26,2105407.73,eCheq
3953,4275,2026-07-06,2884786.91,Transferencia
3954,4276,2026-05-29,2997464.45,Transferencia
3955,4278,2026-07-06,3707751.98,eCheq
3956,4280,2026-07-28,2526283.13,eCheq
3957,4281,2026-01-04,594826.99,Cheque físico
3958,4283,2026-07-05,1677100.2,Transferencia
3959,4284,2026-06-18,4119593.17,Transferencia
3960,4285,2026-02-03,4043329.31,eCheq
3961,4286,2026-06-18,4787748.71,eCheq
3962,4287,2026-02-28,4277792.81,eCheq
3963,4288,2025-06-05,1226473.42,eCheq
3964,4289,2026-07-09,1123996.0,Transferencia
3965,4290,2025-06-28,2186318.62,Cheque físico
3966,4291,2026-02-05,2596290.91,Transferencia
3967,4292,2026-07-25,419805.11,eCheq
3968,4293,2026-03-20,2379778.03,eCheq
3969,4294,2026-01-09,2749705.35,eCheq
3970,4295,2026-03-24,882263.5,eCheq
3971,4296,2025-07-20,2450863.68,Transferencia
3972,4297,2025-09-06,719655.82,Transferencia
3973,4298,2026-04-21,412482.52,eCheq
3974,4299,2026-05-14,2553064.34,eCheq
3975,4300,2026-03-24,1724118.74,eCheq
3976,4301,2026-08-02,1846330.96,Transferencia
3977,4302,2026-02-14,654813.01,Transferencia
3978,4305,2025-07-22,841755.24,eCheq
3979,4306,2025-03-18,523126.42,eCheq
3980,4307,2025-05-23,1700910.22,Transferencia
3981,4308,2026-08-25,1168821.14,Transferencia
3982,4309,2026-01-19,934531.36,Transferencia
3983,4310,2025-03-30,105521.15,Transferencia
3984,4310,2025-04-14,47466.33,Transferencia
3985,4311,2025-02-18,498802.54,Cheque físico
3986,4312,2026-02-17,481229.93,eCheq
3987,4313,2026-01-05,1492484.43,Efectivo
3988,4314,2026-07-31,155289.41,eCheq
3989,4315,2026-09-13,293872.24,Cheque físico
3990,4315,2026-09-22,383352.09,eCheq
3991,4316,2025-05-09,1199378.02,Transferencia
3992,4318,2025-04-11,1904112.69,Transferencia
3993,4320,2025-09-10,2741575.03,Transferencia
3994,4321,2025-03-13,2371463.61,eCheq
3995,4322,2025-09-05,1945714.35,Transferencia
3996,4323,2026-06-05,2679306.63,Transferencia
3997,4324,2026-01-26,361436.78,Transferencia
3998,4325,2026-08-18,397664.35,Cheque físico
3999,4326,2026-03-30,1084192.58,Transferencia
4000,4327,2026-01-27,649532.35,Transferencia
4001,4328,2026-07-12,2542620.13,eCheq
4002,4329,2026-05-02,1511428.44,Transferencia
4003,4330,2025-04-22,1285016.61,Efectivo
4004,4331,2026-04-14,2450409.52,Cheque físico
4005,4332,2026-07-28,2401256.82,Cheque físico
4006,4335,2025-09-15,1684661.33,eCheq
4007,4337,2025-11-29,209633.06,eCheq
4008,4337,2025-12-24,252985.37,eCheq
4009,4338,2026-03-16,327904.43,Transferencia
4010,4339,2025-06-22,314413.53,eCheq
4011,4340,2025-09-27,1649486.27,eCheq
4012,4341,2026-04-20,1253806.15,Transferencia
4013,4342,2025-02-23,750313.16,Cheque físico
4014,4344,2025-06-06,1723021.35,eCheq
4015,4345,2026-01-17,1495382.08,Transferencia
4016,4346,2025-12-23,907237.96,Transferencia
4017,4347,2026-07-14,1337612.87,Transferencia
4018,4348,2026-09-22,2290058.58,Transferencia
4019,4349,2025-12-01,2760163.22,Transferencia
4020,4350,2025-12-02,276170.99,Transferencia
4021,4351,2025-12-26,956200.39,Transferencia
4022,4351,2026-01-02,841294.48,Transferencia
4023,4352,2026-07-18,1536557.86,Cheque físico
4024,4353,2025-09-25,1854858.6,Transferencia
4025,4356,2026-09-12,1207585.48,Transferencia
4026,4357,2025-02-08,1136391.17,eCheq
4027,4358,2026-01-23,1853462.32,eCheq
4028,4359,2025-03-13,742576.44,Transferencia
4029,4360,2026-05-22,4948040.7,Transferencia
4030,4361,2026-01-22,5920901.74,eCheq
4031,4362,2025-08-04,2155523.05,eCheq
4032,4362,2025-09-08,3443514.74,eCheq
4033,4363,2026-07-13,3551267.21,Transferencia
4034,4364,2026-02-25,2128436.91,Transferencia
4035,4365,2026-04-20,5116121.39,Transferencia
4036,4366,2025-05-07,1217183.09,Transferencia
4037,4366,2025-05-18,1611622.88,Transferencia
4038,4367,2026-04-24,3859870.6,Transferencia
4039,4368,2026-09-25,1474209.36,eCheq
4040,4369,2026-08-10,4483360.96,Efectivo
4041,4370,2026-04-11,1326371.11,eCheq
4042,4370,2026-04-27,1319003.32,Transferencia
4043,4372,2026-03-18,3728341.18,eCheq
4044,4373,2025-07-21,1149936.84,Transferencia
4045,4374,2026-07-06,1601519.72,Cheque físico
4046,4375,2026-09-28,2715881.6,Transferencia
4047,4376,2025-06-01,2190457.76,Transferencia
4048,4377,2025-10-08,1631222.04,Transferencia
4049,4378,2026-03-27,1505780.32,eCheq
4050,4379,2026-08-11,263668.33,eCheq
4051,4380,2025-03-31,2440271.43,Transferencia
4052,4381,2026-07-13,2679861.63,Transferencia
4053,4382,2026-01-31,1204665.23,Transferencia
4054,4383,2026-01-24,594321.16,Transferencia
4055,4384,2025-12-17,2450753.08,eCheq
4056,4385,2026-03-09,732488.87,Transferencia
4057,4386,2025-07-18,2701476.56,Transferencia
4058,4387,2025-07-09,2678847.01,Transferencia
4059,4388,2026-07-29,1122028.95,eCheq
4060,4389,2026-04-18,1588120.14,Cheque físico
4061,4391,2025-08-06,2628887.52,eCheq
4062,4392,2025-02-21,2459623.24,eCheq
4063,4393,2025-05-07,2573276.17,Transferencia
4064,4394,2026-09-27,1809065.33,Transferencia
4065,4395,2025-01-16,370984.86,Transferencia
4066,4396,2025-08-05,1533021.0,Transferencia
4067,4397,2026-06-17,1723704.22,Transferencia
4068,4398,2025-05-02,1332178.76,Transferencia
4069,4399,2026-02-08,392787.37,Transferencia
4070,4400,2026-07-31,1043145.7,eCheq
4071,4401,2026-07-18,2349454.19,Transferencia
4072,4402,2025-08-19,2418658.03,Transferencia
4073,4403,2026-07-04,2628246.0,Transferencia
4074,4404,2025-09-04,864862.69,eCheq
4075,4406,2025-09-18,2034556.75,Transferencia
4076,4407,2026-03-22,1180865.02,Transferencia
4077,4408,2026-03-03,2979833.77,Efectivo
4078,4409,2026-05-21,4037794.13,Transferencia
4079,4410,2026-05-09,3287461.5,eCheq
4080,4411,2026-01-29,1406407.8,Cheque físico
4081,4412,2025-07-07,4777318.36,Transferencia
4082,4413,2026-09-17,3069306.83,eCheq
4083,4414,2025-06-01,2516752.67,eCheq
4084,4415,2025-08-06,4755167.17,eCheq
4085,4416,2025-03-26,2662392.11,Transferencia
4086,4417,2026-06-29,4078557.41,Transferencia
4087,4418,2026-03-18,3515731.11,Transferencia
4088,4419,2025-07-22,1662391.18,Transferencia
4089,4420,2025-05-28,1672677.34,Transferencia
4090,4421,2025-06-17,1269382.04,eCheq
4091,4422,2025-08-26,1201747.91,Efectivo
4092,4423,2025-07-16,1787075.89,Transferencia
4093,4424,2025-08-02,2203798.77,Transferencia
4094,4425,2026-03-14,4357602.32,Transferencia
4095,4426,2025-10-05,2762790.25,eCheq
4096,4427,2026-09-19,1726882.42,Transferencia
4097,4428,2025-02-22,2959136.92,Transferencia
4098,4429,2026-03-26,3595731.18,Transferencia
4099,4430,2025-08-18,508218.02,Transferencia
4100,4431,2026-06-30,1705312.93,Cheque físico
4101,4432,2025-03-14,315680.47,Transferencia
4102,4433,2026-07-13,2000783.01,eCheq
4103,4434,2026-06-30,992054.78,Transferencia
4104,4435,2025-02-28,1372757.32,Cheque físico
4105,4436,2026-06-28,914090.31,Transferencia
4106,4437,2025-09-02,1357072.44,Transferencia
4107,4438,2026-08-28,1976654.68,Transferencia
4108,4439,2026-03-21,497245.49,Transferencia
4109,4440,2026-05-31,247523.52,Transferencia
4110,4440,2026-06-22,321076.21,Transferencia
4111,4442,2026-09-10,534527.01,Cheque físico
4112,4445,2026-03-30,298787.4,Transferencia
4113,4446,2026-08-07,585735.35,eCheq
4114,4449,2026-08-28,733350.37,Transferencia
4115,4450,2026-09-19,300547.67,eCheq
4116,4451,2026-07-28,183979.16,eCheq
4117,4452,2026-04-19,1626020.74,Transferencia
4118,4453,2026-05-16,1279218.68,Cheque físico
4119,4454,2026-03-14,908081.11,Transferencia
4120,4456,2025-11-26,341378.37,Transferencia
4121,4457,2025-04-30,662169.11,Transferencia
4122,4458,2025-05-18,598250.57,eCheq
4123,4460,2026-04-20,1703508.51,Transferencia
4124,4461,2026-08-14,1285978.2,Transferencia
4125,4462,2025-03-21,244575.74,Transferencia
4126,4463,2025-07-02,231465.84,Transferencia
4127,4465,2026-09-17,955284.09,Transferencia
4128,4466,2026-05-29,1628289.65,eCheq
4129,4468,2025-12-19,2778976.81,eCheq
4130,4469,2025-09-07,869493.84,eCheq
4131,4469,2025-09-24,1814665.24,Efectivo
4132,4470,2025-06-18,1147791.95,Transferencia
4133,4471,2026-08-06,592280.46,Transferencia
4134,4471,2026-08-25,476679.7,eCheq
4135,4472,2025-09-11,165645.76,Transferencia
4136,4472,2025-09-22,231199.1,Transferencia
4137,4473,2026-03-21,2407609.4,eCheq
4138,4474,2025-01-22,1360815.45,eCheq
4139,4475,2025-04-09,1364041.11,Transferencia
4140,4476,2025-11-19,696826.61,eCheq
4141,4477,2025-08-31,1550005.31,eCheq
4142,4478,2026-05-10,748857.8,Transferencia
4143,4478,2026-05-19,509098.75,Transferencia
4144,4479,2025-09-30,1710857.7,Transferencia
4145,4480,2026-05-23,562843.35,Cheque físico
4146,4481,2026-04-02,2519855.04,eCheq
4147,4482,2025-04-26,1330966.63,Efectivo
4148,4482,2025-05-15,1091028.84,Transferencia
4149,4483,2025-07-22,497416.16,Transferencia
4150,4483,2025-08-24,297716.4,Transferencia
4151,4485,2025-12-03,2654827.28,Cheque físico
4152,4487,2025-08-23,3324152.23,Transferencia
4153,4488,2026-02-16,218047.77,Transferencia
4154,4489,2026-03-08,728970.38,Cheque físico
4155,4490,2025-03-08,629644.01,Transferencia
4156,4491,2025-05-24,211639.07,Efectivo
4157,4492,2026-07-30,655753.53,Transferencia
4158,4493,2026-03-10,370698.23,Transferencia
4159,4493,2026-04-06,292135.4,Transferencia
4160,4494,2025-05-17,553265.85,eCheq
4161,4495,2026-01-13,162534.02,Transferencia
4162,4496,2025-07-27,526168.75,Transferencia
4163,4498,2025-04-02,689435.84,Transferencia
4164,4499,2025-04-21,169257.95,eCheq
4165,4499,2025-05-23,301584.69,eCheq
4166,4500,2025-10-28,235121.65,eCheq
4167,4501,2025-02-15,801803.54,Transferencia
4168,4502,2025-10-15,596904.46,Transferencia
4169,4503,2025-03-03,833418.12,eCheq
4170,4505,2025-01-09,2003426.51,eCheq
4171,4506,2026-08-01,203682.21,eCheq
4172,4507,2025-12-07,5221051.96,eCheq
4173,4508,2025-02-26,2077694.98,eCheq
4174,4509,2026-03-15,1621975.93,Transferencia
4175,4509,2026-04-04,2717745.98,Efectivo
4176,4510,2025-04-20,2422474.25,eCheq
4177,4511,2025-06-29,4830432.56,Efectivo
4178,4512,2026-04-11,4173742.61,Transferencia
4179,4513,2026-09-17,2423970.48,Transferencia
4180,4514,2026-08-15,4591178.82,Cheque físico
4181,4515,2026-07-28,4922638.21,Transferencia
4182,4516,2025-05-18,6204084.24,Transferencia
4183,4517,2025-06-10,5520725.16,Cheque físico
4184,4518,2026-07-18,6471738.6,Transferencia
4185,4519,2025-04-02,6312642.58,Transferencia
4186,4520,2025-09-05,2651807.29,Transferencia
4187,4521,2025-11-21,2354705.81,Transferencia
4188,4521,2025-12-13,3718833.57,eCheq
4189,4522,2026-05-15,3895732.33,Transferencia
4190,4523,2025-08-24,868895.75,Transferencia
4191,4524,2025-07-22,744340.28,eCheq
4192,4525,2026-06-16,1389459.83,eCheq
4193,4526,2026-02-07,3388806.21,eCheq
4194,4527,2025-04-10,815197.44,Transferencia
4195,4528,2025-05-06,3054859.77,Transferencia
4196,4529,2025-07-03,2104890.88,eCheq
4197,4530,2025-12-01,1155860.24,Transferencia
4198,4531,2025-05-21,2078674.99,Transferencia
4199,4531,2025-06-10,1402063.48,eCheq
4200,4532,2025-06-29,2946345.72,Transferencia
4201,4533,2026-06-18,3041584.2,eCheq
4202,4534,2026-06-02,1842625.13,eCheq
4203,4535,2025-05-20,554313.79,Transferencia
4204,4536,2026-06-23,1004521.06,Transferencia
4205,4536,2026-07-28,2003268.99,eCheq
4206,4538,2025-12-28,755894.5,Cheque físico
4207,4539,2025-07-07,728583.77,Transferencia
4208,4540,2026-05-18,1107213.17,Transferencia
4209,4541,2025-06-09,2406781.81,Cheque físico
4210,4542,2026-08-29,18815464.99,eCheq
4211,4544,2026-06-15,14557901.13,eCheq
4212,4545,2026-04-25,33239353.91,eCheq
4213,4546,2025-07-27,37409664.45,eCheq
4214,4547,2026-06-23,18275503.07,Cheque físico
4215,4547,2026-07-17,7970632.02,Transferencia
4216,4549,2026-05-25,21809311.18,Transferencia
4217,4550,2026-09-05,6220733.79,eCheq
4218,4551,2025-11-01,31155046.01,eCheq
4219,4552,2025-12-06,33562291.9,Transferencia
4220,4554,2025-11-12,40189600.65,Transferencia
4221,4555,2025-11-21,21288049.28,Transferencia
4222,4556,2026-08-09,26003057.49,eCheq
4223,4557,2026-04-15,39836357.87,eCheq
4224,4558,2026-05-18,9502115.77,Transferencia
4225,4559,2026-07-29,28360490.55,eCheq
4226,4560,2026-06-16,19582729.22,Transferencia
4227,4561,2026-03-14,16017140.17,Transferencia
4228,4562,2026-07-16,18865478.74,eCheq
4229,4563,2026-08-31,4138375.76,Transferencia
4230,4564,2026-03-12,38168097.83,Transferencia
4231,4565,2026-07-05,38152600.09,Transferencia
4232,4566,2026-06-30,28914432.37,Transferencia
4233,4567,2025-07-21,40074268.34,Transferencia
4234,4568,2025-10-11,28657338.87,eCheq
4235,4569,2025-10-27,16177791.09,Transferencia
4236,4570,2025-10-27,13226525.95,Transferencia
4237,4571,2026-09-03,33131125.07,Transferencia
4238,4572,2026-07-05,28446943.07,Transferencia
4239,4574,2026-03-18,4746090.02,eCheq
4240,4575,2026-04-27,26499069.51,Efectivo
4241,4576,2026-05-24,32897106.6,Transferencia
4242,4577,2026-09-04,38080260.35,eCheq
4243,4578,2026-01-16,18577850.94,eCheq
4244,4579,2025-08-16,37529364.5,Transferencia
4245,4580,2025-04-11,21822672.55,Transferencia
4246,4581,2026-08-15,10352930.12,Transferencia
4247,4582,2026-05-21,18512693.4,Transferencia
4248,4582,2026-06-08,13855218.71,eCheq
4249,4583,2025-12-06,7720962.17,Transferencia
4250,4584,2026-02-19,13417595.74,eCheq
4251,4585,2025-05-26,27774614.13,Transferencia
4252,4586,2026-05-24,11312697.14,eCheq
4253,4587,2025-05-20,17374195.2,eCheq
4254,4588,2025-06-02,37050049.3,Transferencia
4255,4589,2026-04-11,32981674.82,eCheq
4256,4590,2025-12-27,26807118.25,Cheque físico
4257,4591,2025-09-05,32992192.21,Transferencia
4258,4592,2025-05-23,16450141.91,eCheq
4259,4593,2025-04-28,21809408.02,eCheq
4260,4594,2025-06-28,16105268.75,eCheq
4261,4595,2026-07-24,3963476.67,Transferencia
4262,4596,2025-08-02,18618043.47,Transferencia
4263,4597,2025-04-17,9613593.88,Transferencia
4264,4598,2026-07-28,6809932.05,Transferencia
4265,4599,2025-12-19,10234815.13,Transferencia
4266,4600,2025-07-04,21760175.07,Transferencia
4267,4603,2025-04-28,36993653.87,Transferencia
4268,4604,2025-10-11,26960750.46,Efectivo
4269,4605,2026-09-29,36388290.72,Transferencia
4270,4607,2025-09-10,19364678.63,eCheq
4271,4608,2026-02-13,4899013.84,Transferencia
4272,4609,2025-04-01,39054769.7,Transferencia
4273,4610,2025-05-13,39489791.26,Transferencia
4274,4611,2026-03-18,16589246.82,Transferencia
4275,4611,2026-04-27,15817194.21,Cheque físico
4276,4613,2026-08-06,10171941.88,Transferencia
4277,4613,2026-09-15,16258423.16,Efectivo
4278,4614,2026-04-28,11044278.95,Transferencia
4279,4615,2026-02-24,12901896.84,eCheq
4280,4616,2025-11-26,11227496.9,Transferencia
4281,4617,2026-06-28,38923290.79,Transferencia
4282,4618,2026-01-22,138267.6,Transferencia
4283,4620,2026-06-04,215341.71,Transferencia
4284,4623,2026-09-22,601327.88,Transferencia
4285,4624,2026-08-29,179408.49,Transferencia
4286,4626,2026-01-29,593013.8,Cheque físico
4287,4627,2026-02-20,524575.98,eCheq
4288,4628,2025-11-06,1010822.15,Cheque físico
4289,4629,2025-10-11,900484.78,Transferencia
4290,4630,2026-06-16,554037.66,Transferencia
4291,4631,2026-05-24,516600.53,eCheq
4292,4633,2026-01-16,448380.31,eCheq
4293,4634,2025-09-19,68587.73,eCheq
4294,4634,2025-10-14,143171.86,Transferencia
4295,4635,2025-06-01,510624.15,Transferencia
4296,4636,2026-01-13,790182.69,Transferencia
4297,4637,2026-03-11,2485841.69,eCheq
4298,4638,2026-05-21,1043247.34,Efectivo
4299,4639,2025-07-09,1529648.99,Transferencia
4300,4640,2025-02-11,1584889.02,eCheq
4301,4641,2026-08-14,614528.4,Transferencia
4302,4642,2026-04-09,873730.43,Transferencia
4303,4643,2025-10-23,2461156.78,eCheq
4304,4644,2026-05-11,802649.74,Transferencia
4305,4645,2025-05-03,355096.74,Transferencia
4306,4646,2025-07-06,1595236.64,Transferencia
4307,4648,2026-01-30,1661136.14,eCheq
4308,4649,2026-05-17,826689.42,Transferencia
4309,4651,2026-07-24,4320786.7,Transferencia
4310,4652,2026-06-05,544574.75,eCheq
4311,4652,2026-06-11,586714.12,Transferencia
4312,4653,2025-07-04,4539866.07,Transferencia
4313,4654,2025-05-02,3016700.65,eCheq
4314,4655,2025-07-07,2770824.65,Transferencia
4315,4656,2026-08-19,4661619.36,eCheq
4316,4657,2025-11-30,855461.43,Transferencia
4317,4658,2026-03-28,3754751.34,Transferencia
4318,4659,2026-07-17,1701860.29,Cheque físico
4319,4660,2026-06-29,4908551.04,eCheq
4320,4661,2025-03-11,4934675.52,Cheque físico
4321,4662,2026-08-04,2157486.91,Transferencia
4322,4663,2024-12-25,1978566.81,Cheque físico
4323,4664,2026-05-26,4770974.73,eCheq
4324,4665,2026-07-04,3574734.76,Transferencia
4325,4666,2026-07-05,4827336.44,Transferencia
4326,4667,2025-12-24,1077765.74,Transferencia
4327,4668,2025-07-05,834995.58,Transferencia
4328,4669,2026-06-27,110195.23,eCheq
4329,4670,2025-04-19,217347.5,eCheq
4330,4671,2025-04-14,1083847.96,eCheq
4331,4671,2025-04-21,584492.98,Cheque físico
4332,4672,2026-04-11,646270.44,Transferencia
4333,4673,2026-01-26,761024.67,eCheq
4334,4673,2026-02-25,571538.5,Transferencia
4335,4674,2025-09-10,795519.88,Transferencia
4336,4675,2026-01-23,1383944.71,Transferencia
4337,4676,2025-04-30,1401756.41,eCheq
4338,4677,2025-11-19,585435.11,Transferencia
4339,4678,2025-10-01,384242.14,Transferencia
4340,4678,2025-11-10,839667.47,Transferencia
4341,4680,2026-07-23,551509.46,Transferencia
